label,CPU0_cycles,CPU1_cycles,CPU2_cycles,CPU3_cycles,CPU4_cycles,CPU5_cycles,CPU6_cycles,CPU7_cycles,CPU8_cycles,CPU9_cycles,CPU10_cycles,CPU11_cycles,elapsed_time,VmSize,VmRSS,VmData,VmStk,VmExe,VmLib,VmPTE
ntruprime,17169146,17161491,17159878,17170902,17216763,17227855,17233738,17231896,17230716,17237921,17250894,17249684,0.005233064,7208.0,1408.0,496.0,132.0,108.0,4224.0,52.0
classic,2014937935,2013286517,2013277326,2013087329,2006548434,2000449370,2000455720,2000458437,1974419224,1967966295,1967981231,1964916338,0.609255339,9759.588235294117,6904.470588235294,1831.764705882353,947.8235294117648,196.0,4224.0,63.88235294117647
hqc,320924500,320261530,318919070,318124530,313972380,313989390,313573182,303551361,303545265,303540780,303541872,303520855,0.09169714,7820.689655172414,5300.9655172413795,804.6896551724138,132.0,108.0,4224.0,59.86206896551724
ntruprime,66192635,66206560,66016584,61448575,61446817,61431996,61401213,61390527,61386941,61376712,54752824,17633685,0.005672922,7832.0,5248.0,812.0,132.0,108.0,4224.0,56.0
hqc,320498915,320486437,320484639,320500902,320495796,320485321,320482215,287259794,287203128,284827079,278174328,278143689,0.085805339,7802.666666666667,5239.466666666666,786.6666666666666,132.0,108.0,4224.0,56.0
kyber,46580498,46598725,46622048,46636321,46644132,46670578,46681549,46706055,46720541,46735510,46748501,46750598,0.014452963,702656.0,1408.0,40848.0,132.0,568.0,8.0,76.0
bike,89925871,89932390,89934115,81115126,81085487,68895314,68860446,44258014,41830843,41792972,41772258,41757809,0.013261713,6324.0,4352.0,636.0,399.0,108.0,3212.0,57.0
rsa,7120494591,7120552728,7120580321,7120611873,7120633783,7120654163,7120675799,7120691604,7120711273,7120739222,7120753062,7120790407,2.214399866,2944.0,1536.0,236.0,132.0,120.0,1796.0,48.0
sike,220942484,220928373,216975232,216072206,210230363,210216281,210208352,210195273,210192873,210188317,210174195,202074231,0.062665149,703015.4285714285,1828.5714285714287,41075.42857142857,132.0,660.0,8.0,76.0
hqc,577982959,578067644,578101034,578124350,578143147,578166399,578233197,578277716,578309572,578338895,578356455,578359924,0.174091114,7853.333333333333,5240.888888888889,804.8888888888889,156.44444444444446,108.0,4224.0,56.0
ecdh,97709346,77613526,77592643,77588604,42051108,41990060,34265275,34237371,34207199,34197685,34183769,34164854,0.010655638,7740.0,5504.0,844.0,132.0,4.0,4224.0,56.0
kyber,73266140,73297142,73323603,73357898,73396935,73412865,73455669,73496484,73537069,73583237,73618318,73628146,0.023077373,356442.0,908.0,20704.0,132.0,730.0,936.0,58.0
kyber,128971385,125429543,125417673,125419764,125422863,96985350,93741583,93720368,77610400,77048835,69061646,67229627,0.02233453,702656.0,1408.0,40848.0,132.0,568.0,8.0,72.0
frodokem,173785982,173815200,173835158,173866162,173898423,173915593,173945095,173960257,173968516,173985653,173995836,174004085,0.056933222,8027.272727272727,5352.727272727273,892.0,139.27272727272728,220.0,4224.0,56.0
kyber,115114141,115104112,115119481,77739791,77709967,77695578,77688070,52442110,43100612,43054452,42591571,42558711,0.013356697,356314.0,780.0,20576.0,132.0,730.0,936.0,60.0
frodokem,143787709,143793353,143814780,143821912,143818828,143841663,143853801,143834155,100381269,100353634,100002108,97115360,0.028815846,8038.857142857143,5449.142857142857,892.0,150.85714285714286,220.0,4224.0,60.0
hqc,273368493,273350979,273362097,273401812,273425780,273439681,273425368,273427897,273439583,273447311,273466681,273485710,0.08275294,7812.0,5267.2,796.0,132.0,108.0,4224.0,67.8
sike,726961169,725232591,699707072,699471527,699461231,699450260,699448367,698822350,698812996,698801909,695184299,693810048,0.226408984,703292.9411764706,1894.9019607843138,41352.94117647059,132.0,660.0,8.0,76.0
ecdh,72210919,86239930,84925679,79804981,62019601,61999651,60116940,59255886,59278280,59510148,59966083,61895251,0.019690024,7580.0,5248.0,684.0,132.0,4.0,4224.0,60.0
ntruprime,64295510,63863362,63881930,63897657,63893794,63323674,63316194,43218044,43188887,43125957,19449185,18103830,0.00601262,7208.0,1280.0,496.0,132.0,108.0,4224.0,56.0
ecdh,72441494,69557199,67209769,67205231,36979431,36931736,35634495,35610305,35592939,35562032,35552412,35369321,0.011784314,7442.0,4480.0,546.0,132.0,4.0,4224.0,58.0
rsa,1426689774,1426663631,1421742526,1421772587,1421776631,1421792670,1421792286,1421799092,1421807748,1421818568,1421833512,1421128087,0.443821657,2944.0,1536.0,236.0,132.0,120.0,1796.0,44.0
sike,246454320,246429312,246422382,246423137,246416170,246408464,246400620,246395984,246411613,246418557,246286044,205216003,0.063651062,703308.0,1877.3333333333333,41368.0,132.0,660.0,8.0,80.0
classic,1046668987,1047218935,1047212379,1047238069,1047237332,1047249639,1047269332,1047302925,1047319695,1047339880,1047353703,1047362983,0.319951029,8981.1875,6190.375,1307.1875,661.9375,199.0,4187.125,67.5
frodokem,121597595,96916782,96882931,96879375,96916798,96938139,58083478,58034653,56204557,56201271,54514118,54498103,0.016676972,8784.0,3260.8,642.4,132.0,486.4,3280.0,52.0
ntruprime,51100313,51065371,51073783,50998364,51006741,18500836,18450148,18436749,18429000,18423686,18410755,18393078,0.005568842,7552.0,4736.0,532.0,132.0,108.0,4224.0,58.0
bike,42039312,42047804,42036408,41091181,36027145,35915294,35092676,34485924,34099837,34089966,24724304,24694041,0.00747755,7232.0,1536.0,508.0,132.0,108.0,4224.0,56.0
sike,670645449,670661879,620767657,620733625,620723327,620725492,620720584,618381033,618376445,618374294,618330490,618326359,0.18733905,643017.9130434783,1899.8260869565217,37797.217391304344,132.0,680.1739130434783,169.3913043478261,80.8695652173913
ecdh,29167251,29189438,29171779,29199826,29196966,29190245,29181863,29212407,19469314,19464865,19462652,19447954,0.005871395,9972.0,152.0,304.0,132.0,892.0,1864.0,40.0
classic,1048170569,1048191439,1048206746,1048232797,1048232328,1048259433,1048276363,1048279115,1048308622,1048326690,1048349475,1016438402,0.328004882,9776.778761061947,6907.469026548672,1840.0,956.7787610619469,196.0,4224.0,68.0
hqc,484979172,484968999,484951068,484950957,484918544,484898465,481221426,480817210,480802413,467255693,467199018,438211141,0.134497508,8004.0,5101.0526315789475,808.0,164.8421052631579,149.26315789473685,4099.789473684211,58.94736842105263
kyber,59367911,59391906,59411944,59435033,59461192,59961353,59986241,60009805,60033927,60080282,60100404,60109085,0.019144308,702656.0,1408.0,40848.0,132.0,568.0,8.0,80.0
rsa,1927844124,1915712531,1913487062,1913490085,1903355317,1878059004,1878039441,1878029262,1878065643,1877843874,1877862675,1871550351,0.560146725,2944.0,1536.0,236.0,132.0,120.0,1796.0,48.0
hqc,619768395,619778309,596486705,591905881,587668120,587693518,587684443,581915409,581900126,575844014,569299081,569252015,0.176514643,7955.783783783784,5272.864864864865,821.6216216216217,170.7027027027027,129.1891891891892,4160.216216216216,59.891891891891895
frodokem,90762361,90763343,90756260,46619269,46626499,46625682,46619707,46609491,46642741,46642379,45495990,45491573,0.013710466,8465.333333333334,3677.3333333333335,493.3333333333333,132.0,441.3333333333333,3437.3333333333335,56.0
rsa,7904530070,7904231795,7904218197,7904202292,7903442463,7903153687,7902898709,7902592232,7899610966,7853365082,7853272847,7853240978,2.467381078,2944.0,1536.0,236.0,132.0,120.0,1796.0,44.0
ecdh,79916815,79928311,79961125,79988737,80002554,80013699,80026453,80037780,80063231,80087127,80514510,80529140,0.025532547,7740.0,5504.0,844.0,132.0,4.0,4224.0,56.0
hqc,632550668,621745213,621765007,621789896,613909317,612605719,612255765,612284047,612293832,612291801,611478770,611470504,0.189648728,7890.222222222223,5376.0,836.0,162.22222222222223,108.0,4224.0,56.0
kyber,118785647,77561937,63369714,63272675,62773821,62759730,60246298,60244195,60229408,60188847,60147210,60126394,0.018805043,702656.0,1408.0,40848.0,132.0,568.0,8.0,80.0
classic,1398287816,1398285927,1379160308,1379032569,1378953435,1378942551,1353034885,1352190541,1352171343,1352150972,1350968313,1350923120,0.407286131,8976.281690140846,6308.056338028169,1324.112676056338,680.169014084507,188.0,4224.0,63.88732394366197
ecdh,53237500,53217575,52413832,52221843,52213475,37811859,37766934,37743012,34413602,33175892,32902046,32893362,0.010566276,7541.333333333333,4565.333333333333,645.3333333333334,132.0,4.0,4224.0,56.0
bike,55508562,48651612,48574070,29585913,29551690,29494897,29452641,29413454,29354355,29341381,29116471,25672905,0.007921108,8634.0,1932.0,284.0,132.0,500.0,3044.0,50.0
frodokem,108773022,101941848,101912768,57977482,57958988,57985725,57976011,57729699,54922070,54887078,54879777,54704793,0.016450161,7880.0,5171.2,756.0,132.0,216.0,4224.0,56.0
sike,108912745,108886434,108898686,108884824,108615462,108903439,106879229,106926879,106934185,106977354,106995625,107008697,0.032018671,703154.4,1664.0,41214.4,132.0,660.0,8.0,74.4
classic,2286529927,2286537620,2261789417,2259515728,2255004342,2255005327,2244259261,2237501979,2236514471,2234030389,2232986012,2232965947,0.69007692,9769.521126760563,6355.098591549296,1829.1830985915492,942.3380281690141,200.90140845070422,4207.380281690141,63.80281690140845
ntruprime,48403597,41684104,41319945,40129368,40117593,40101180,40088369,40088778,40088917,40086594,40074231,39882771,0.011977343,7272.0,3456.0,252.0,132.0,108.0,4224.0,56.0
hqc,334579363,334608356,334625437,334646077,334660582,334667819,334684650,334702846,334721850,334744149,334759260,334779476,0.105646668,7800.0,5229.714285714285,784.0,132.0,108.0,4224.0,59.714285714285715
kyber,122105407,122109949,121219566,113780235,74503648,64892062,64834781,64811065,64811487,60464896,60447847,60429566,0.019097661,702656.0,1408.0,40848.0,132.0,568.0,8.0,80.0
bike,54221554,54207568,54253581,54269499,54281008,54296675,54307805,54326159,54351218,54373336,54390768,54393456,0.017067903,7701.333333333333,4906.666666666667,637.3333333333334,164.0,108.0,4224.0,56.0
ntruprime,63395632,63415912,63398182,63393264,63394093,52268677,52269048,52272111,66263081,66321920,66320041,66322968,0.020012621,7208.0,1536.0,496.0,132.0,108.0,4224.0,52.0
hqc,650297401,650331103,650353675,650388180,646413009,646421535,644060441,641118309,641102336,641103636,641084599,641069695,0.199863464,7880.977777777778,5333.333333333333,823.5555555555555,165.42222222222222,108.0,4224.0,59.91111111111111
hqc,613642648,613682497,613741648,613794791,613844088,613924604,614023954,614049817,614099608,614138678,614171332,614184932,0.18832475,7874.125,5320.0,818.5,163.625,108.0,4224.0,56.0
frodokem,133699691,97539505,97510263,85319285,85306250,85297463,85286862,85277314,85269108,85257403,85241457,85232471,0.025857344,7988.0,5184.0,845.3333333333334,146.66666666666666,220.0,4224.0,56.0
frodokem,171760471,148003847,147985287,146394036,146385278,146370233,146353179,146340449,136470620,132604282,132577578,132547554,0.043161424,8044.0,5452.8,892.0,156.0,220.0,4224.0,56.0
rsa,3778429954,3754859474,3754843723,3754084846,3748293890,3742820249,3742805643,3742793933,3733017321,3733005919,3732990717,3732975262,1.16051174,2969.933579335793,1530.8929889298893,236.2509225092251,132.0,122.84870848708488,1796.2509225092251,47.98523985239852
bike,59195425,52143509,48047465,47400997,47393432,47395952,47421082,47408089,47398628,47390500,47376460,47109386,0.014286216,8001.0,5216.0,692.0,393.0,108.0,4224.0,63.0
frodokem,102241664,102241950,102274126,68507315,68457435,68497434,68478779,55646696,55628098,55614764,55604325,55343592,0.016790372,7932.571428571428,5266.285714285715,808.5714285714286,132.0,216.0,4224.0,63.42857142857143
ntruprime,78269980,75622294,45065942,40742910,35666996,34933675,31625341,31602921,20781000,19091463,17298451,17258897,0.00555796,3918.0,2624.0,406.0,68.0,54.0,2112.0,34.0
hqc,339552611,339554943,339587974,336645006,334264942,333014195,295321204,295278510,295262250,295224195,295131002,295075039,0.091294357,8106.5,4707.0,759.0,132.0,206.0,3929.0,57.5
rsa,10702125666,10702172474,10702195531,10702223929,10697295786,10697303022,10697293991,10697310053,10697310579,10697313810,10678348515,10676504553,3.407901385,2954.536731634183,1533.9250374812593,236.10194902548724,132.0,121.15742128935533,1796.1019490254873,43.99400299850075
classic,1221572224,1221614040,1221551026,1221533928,1221547969,1216759976,1215704920,1208035318,1208011538,1207989341,1195122250,1195043405,0.361855215,8988.0,6216.5970149253735,1332.0,684.0,188.0,4224.0,64.0
ntruprime,58119768,58112483,58119205,58123533,23508750,23485407,20396460,20371954,19953633,17806464,17601550,17585586,0.005770487,8622.0,2060.0,278.0,132.0,500.0,3044.0,48.0
sike,185440570,185458735,185471162,185475741,185492246,185483401,181036213,178922077,178286828,134589712,130797620,126698496,0.038933045,703052.0,1920.0,41112.0,132.0,660.0,8.0,80.0
sike,145761460,145728978,145704588,145708659,140355762,140389816,138397425,118199494,118155481,118142198,118144740,92922209,0.027992267,703222.6666666666,1777.7777777777778,41282.666666666664,132.0,660.0,8.0,84.0
sike,165249517,165271204,165289244,165308346,165324139,165389564,165401837,165416523,165430139,165441645,165462155,165474416,0.053493151,703256.8,1843.2,41316.8,132.0,660.0,8.0,76.0
ecdh,95936741,95949231,95575504,65613761,65581484,65573585,65609144,65642684,65631797,39156455,39107111,39087874,0.011359144,7640.666666666667,5162.666666666667,744.6666666666666,132.0,4.0,4224.0,60.0
kyber,83952941,83958642,83810847,83797448,83787573,81844708,81826559,59099657,59018019,58997190,32878967,32867299,0.009726871,356314.0,780.0,20576.0,132.0,730.0,936.0,56.0
hqc,392358996,392162740,392159346,382787438,381427364,381410224,358713130,358510249,358496440,346965521,346938539,346888653,0.11636521,7812.869565217391,5170.086956521739,810.2608695652174,132.0,108.0,4224.0,59.65217391304348
rsa,1620140817,1620172607,1620189852,1620250456,1620267504,1620280498,1620290927,1620316536,1620331214,1620356298,1620371879,1620387798,0.516730474,2944.0,1536.0,236.0,132.0,120.0,1796.0,44.0
bike,91674927,91698784,91721287,56193594,56193507,56221001,53524289,43327303,41343258,41233610,41086089,40210072,0.012467512,7774.0,4672.0,552.0,306.0,108.0,4224.0,58.0
sike,588201367,587734304,587729978,586614343,586276404,586265204,563156121,563627546,563608110,563603484,563566534,539265450,0.167590281,703284.7272727273,1890.909090909091,41344.72727272727,132.0,660.0,8.0,79.81818181818181
kyber,68358701,68386828,68399183,68409256,68431825,68445564,68462721,68482935,68507545,68537068,68552779,68566600,0.020573529,702784.0,1408.0,40976.0,132.0,568.0,8.0,80.0
sike,243127796,243133059,243136208,243130884,243131894,243122739,243126090,202382040,202291306,202280792,202260383,199927732,0.064533451,703052.0,1920.0,41112.0,132.0,660.0,8.0,80.0
frodokem,81752853,70588762,70606847,69490293,69498175,69338915,69332192,69326240,69330904,69361993,69294271,58964514,0.018994122,7970.0,5312.0,846.0,132.0,216.0,4224.0,64.0
kyber,71498652,71463561,71443024,71080558,70307524,70301497,69746690,69667555,54327474,69662863,54172200,53463040,0.016217929,702848.0,1408.0,41040.0,132.0,568.0,8.0,83.0
ecdh,41725013,41734529,41739713,41753920,41784104,41820979,36194254,30283223,28847507,28826830,28823122,17382368,0.005253254,5834.666666666667,1416.0,192.0,132.0,298.6666666666667,2086.6666666666665,42.666666666666664
kyber,59970884,58059760,58045157,58037851,58025054,56359595,56352889,56267010,18919973,18899970,18449788,18441018,0.005594912,702784.0,1536.0,40976.0,132.0,568.0,8.0,84.0
ecdh,91311220,91340191,91338434,91347204,91352707,91346866,91347030,91354132,42688028,21041165,19639069,19602797,0.006104848,7438.0,4416.0,542.0,132.0,4.0,4224.0,58.0
ntruprime,37509126,37512143,37458318,31720148,31673628,31664767,31638951,32474066,32365290,33367690,33360379,29956752,0.009668091,7208.0,1920.0,132.0,132.0,108.0,4224.0,52.0
rsa,1237811688,1237837166,1189076280,1189045496,1189049199,1189047417,1189056183,1189055239,1188406187,1188389344,1188404917,1188394483,0.360652315,3065.1724137931033,1512.1379310344828,237.17241379310346,132.0,133.31034482758622,1797.1724137931035,47.86206896551724
frodokem,153178995,153185693,153239290,153280816,153337839,153347727,153360924,104885602,104814866,104800156,104813982,104784607,0.031149127,8039.0,5440.0,892.0,151.0,220.0,4224.0,60.0
hqc,534465263,534475681,532742325,530364603,511299424,506585506,506551360,506534425,502339654,500187316,499465730,465028533,0.141840917,8026.666666666667,5027.733333333334,800.5333333333333,157.86666666666667,160.26666666666668,4066.6666666666665,54.93333333333333
frodokem,122696872,113124609,113133761,113172437,113187359,113232766,113238985,113258719,113266006,113263992,113274984,113276676,0.033749547,7972.0,5222.4,836.0,140.0,220.0,4224.0,56.0
rsa,17550186449,17550222324,17550282684,17550294960,17550311934,17550326241,17550352092,17550353416,17550016265,17550393312,17550394359,17550408471,5.580430232,2949.857022708158,1534.0824222035324,235.96972245584524,132.0,120.64928511354078,1796.0571909167368,40.0
kyber,71955068,61640265,61619650,36650201,36615250,36110585,36105354,35680760,35635541,35619566,35603881,32041547,0.010682224,702656.0,1280.0,40848.0,132.0,568.0,8.0,84.0
bike,25246218,25277908,25290667,25312700,25329671,25344027,25359735,25374086,25375959,25394601,25394164,25393396,0.00779352,7232.0,1280.0,508.0,132.0,108.0,4224.0,52.0
ecdh,37641097,37626420,37639766,37656318,37658725,37685053,37698110,37706871,37707953,37718470,37720497,37766692,0.011701468,7144.0,3200.0,248.0,132.0,4.0,4224.0,56.0
ecdh,81917982,81932285,81924330,81919648,81923871,74543239,73400028,46112892,46027626,46006957,33123584,33098814,0.009989479,9228.0,1936.0,484.0,132.0,596.0,2650.6666666666665,45.333333333333336
ntruprime,63989005,63497677,63493830,63481883,24588542,24569372,20447180,20435341,18176339,18158900,18142123,18129337,0.005485731,8085.0,3526.0,403.0,132.0,304.0,3634.0,53.0
ecdh,50153679,50166839,50128953,44957829,43510966,35613520,35601773,35587218,35568845,35568836,35572794,35555198,0.011424441,7740.0,5504.0,844.0,132.0,4.0,4224.0,60.0
hqc,330708118,330723203,330716377,330721826,330713849,330703470,322904350,322861971,322857933,279084118,279051301,279031514,0.083913937,7840.0,5360.941176470588,824.0,132.0,108.0,4224.0,56.0
kyber,95255677,86827452,86726949,86534193,86520890,86505772,86490777,86486609,51734744,51698636,51682163,44722414,0.013341719,702656.0,1408.0,40848.0,132.0,568.0,8.0,76.0
classic,1865870192,1864025666,1864037532,1864073479,1864073334,1864092352,1864105044,1833656655,1833590487,1833592498,1833589794,1794974478,0.555032006,10385.209302325582,7090.604651162791,2146.4651162790697,1258.7441860465117,196.0,4224.0,68.0
ntruprime,68348333,68349869,57630991,57597179,56156443,55814694,51544309,45874368,45858995,45853635,45837840,17502892,0.005414947,7272.0,3584.0,252.0,132.0,108.0,4224.0,56.0
ecdh,78217045,78244453,78250398,78276874,78291985,78286240,78299051,78312185,78323167,78334242,78343517,78357334,0.023195074,7740.0,5504.0,844.0,132.0,4.0,4224.0,56.0
ecdh,48314363,48337082,48340632,48367276,48413278,48462676,48486193,48495120,48521004,48535445,48544073,48547317,0.015487113,7442.0,4480.0,546.0,132.0,4.0,4224.0,60.0
kyber,68605517,68600489,68602050,68593417,68589596,68180042,68177798,68175588,68173086,19629433,19579475,19551209,0.006102719,702656.0,1408.0,40848.0,132.0,568.0,8.0,80.0
rsa,7960042221,7956603537,7956588948,7941363158,7941349497,7941337307,7941330624,7941320509,7920729027,7934018332,7930294169,7930252945,2.41761338,2944.0,1536.0,236.0,132.0,120.0,1796.0,44.0
frodokem,140309842,129985459,129967276,129001229,129000248,129013455,129008744,129014892,107320168,107282113,107265338,107247398,0.035340624,7992.0,5333.333333333333,868.0,132.0,216.0,4224.0,56.0
ntruprime,46983741,46993417,44307568,35050439,34999318,35012287,34998258,31063652,29217681,29177554,25808805,17705530,0.005697291,7208.0,1024.0,496.0,132.0,108.0,4224.0,52.0
ntruprime,65322721,86032568,87346952,87351935,87361198,87342036,98641412,99435291,97369450,95168797,98600602,99089780,0.032130218,7548.0,4864.0,528.0,132.0,108.0,4224.0,56.0
bike,95850284,95845761,95843768,95846386,95827698,95824052,95812385,95807888,95797321,95793741,79786798,79685458,0.024393712,7232.0,1920.0,132.0,132.0,108.0,4224.0,52.0
ntruprime,72995563,73053611,73078002,72690185,72742787,72753521,20949612,17903889,17880082,17877858,17863943,17838323,0.005396548,8622.0,2060.0,278.0,132.0,500.0,3044.0,48.0
rsa,2391959404,2390675998,2390726001,2390762892,2390789533,2390825226,2385266397,2384880632,2383763555,2383759555,2382588812,2382605937,0.732948987,2943.8389830508477,1533.2881355932204,235.75423728813558,132.0,120.0,1796.0,43.99152542372882
bike,85422561,85434663,85447777,39686049,39662993,39414477,39405681,39391725,39389839,39359890,39392385,39378860,0.012198918,7776.0,4672.0,552.0,308.0,108.0,4224.0,62.0
ntruprime,79155002,79157027,76882290,73186520,89983654,86442393,86411076,98643511,76445105,72781891,72760477,72745629,0.022807906,9258.666666666666,1893.3333333333333,473.3333333333333,132.0,630.6666666666666,2650.6666666666665,45.333333333333336
classic,1637093107,1637090151,1637101008,1636551288,1636553217,1635832253,1632181028,1631565487,1628169732,1624501211,1620991318,1620982217,0.508387248,10358.322580645161,7000.774193548387,2138.967741935484,1239.3548387096773,196.0,4224.0,71.80645161290323
frodokem,90502652,90507664,90490951,90497459,90497748,90501982,90483815,90485027,90484286,90476202,90479545,90475972,0.028111308,7898.666666666667,5162.666666666667,774.6666666666666,132.0,216.0,4224.0,56.0
frodokem,159865941,159913979,159945689,157042677,156447454,147507975,146412657,146399160,146339811,136922305,132978548,132947301,0.041605085,8677.333333333334,3656.0,696.0,138.66666666666666,444.0,3437.3333333333335,52.0
ecdh,83936474,76011381,74469912,74499190,70460299,36610091,36595833,36547407,36531619,36526147,36527167,36529333,0.011218062,7541.333333333333,4778.666666666667,645.3333333333334,132.0,4.0,4224.0,56.0
bike,44910666,44924785,44928662,29253076,29241503,29244864,29282589,29293963,29296727,29288132,29284197,29279942,0.008859981,7912.0,5376.0,824.0,188.0,108.0,4224.0,56.0
ntruprime,37027713,37026666,36653077,36692153,36701206,36717209,31580512,30421274,30412320,30400180,30384548,30782163,0.009846774,7208.0,768.0,496.0,132.0,108.0,4224.0,56.0
kyber,86279675,86216182,79820585,39561730,35475553,33784387,33765382,33769934,33733233,33692553,33668625,33653258,0.010390714,702656.0,1408.0,40848.0,132.0,568.0,8.0,72.0
ecdh,107869598,71353628,71355822,71374803,71389727,71408457,71415760,71399062,71428375,71430758,32806635,32764363,0.009924954,7442.0,4480.0,546.0,132.0,4.0,4224.0,56.0
sike,523849952,523593628,523624745,523621263,523615697,523582846,522190927,512394898,492913261,490316325,488979726,481073005,0.152684024,703267.5789473684,1839.157894736842,41327.57894736842,132.0,660.0,8.0,76.0
hqc,617913758,617674165,617355515,611831068,611818704,611809602,611798752,611791250,611780127,610042949,610039563,565370694,0.167713699,7876.2,5350.4,821.8,162.4,108.0,4224.0,60.0
classic,953683937,953603754,953562498,952358569,951556275,951551687,939340474,939319509,939339270,939345208,939347318,939337394,0.292094627,9723.833333333334,6721.0,1776.0,861.3333333333334,225.0,4125.666666666667,62.833333333333336
frodokem,93489372,93486814,82151812,82145986,82140928,82137912,82140648,60885406,60891164,52157446,52112455,52114064,0.016830576,7805.333333333333,4949.333333333333,681.3333333333334,132.0,216.0,4224.0,58.666666666666664
sike,179198056,179222515,179237039,179246106,141815188,141820411,130454889,129637580,129086049,126219073,126014186,125992930,0.03904273,703261.4545454546,1850.1818181818182,41321.454545454544,132.0,660.0,8.0,80.0
rsa,5755152955,5755180943,5755240166,5755237461,5755261433,5755281590,5755286073,5755298433,5755321137,5754565267,5755422077,5755435651,1.797177813,2944.0,1536.0,236.0,132.0,120.0,1796.0,48.0
ntruprime,75472360,75483246,75527238,75510689,75495422,75497474,44254487,44210877,19610805,18264289,18269895,17565204,0.005656745,7272.0,4224.0,252.0,132.0,108.0,4224.0,60.0
ecdh,80020041,79596033,79608145,79624153,43659975,41975917,41370328,40818622,36463753,36437041,32148937,32126198,0.010436617,8122.4,4356.8,672.0,132.0,181.6,3752.0,49.6
frodokem,111615728,95627307,83329892,82411528,79349651,79336213,79327829,79323990,79312284,71426099,70793037,66358179,0.020942866,9972.0,152.0,304.0,132.0,892.0,1864.0,40.0
rsa,756521041,756534383,756537944,755704682,755705676,755712486,670906208,670859176,668942022,668924332,668916466,668887325,0.209460643,2981.8518518518517,1508.962962962963,234.44444444444446,130.8148148148148,126.03703703703704,1780.0,43.666666666666664
ecdh,98645335,72154730,72133909,67537839,67628190,71575372,70225021,64854694,67636957,67612323,67297336,67406834,0.02078784,7541.333333333333,4821.333333333333,645.3333333333334,132.0,4.0,4224.0,58.666666666666664
hqc,682140267,682169369,623584787,622243930,585356531,585333361,585306768,585291905,585282007,583293833,583282398,580969004,0.18060375,7879.2,5313.828571428571,820.0,167.2,108.0,4224.0,59.885714285714286
kyber,165242125,165250676,154327430,154000727,128960518,128943569,128946056,90802091,90766531,90752686,90746407,90722084,0.028394651,355736.0,460.0,20000.0,132.0,730.0,936.0,44.0
ecdh,73327664,72569903,72582481,72586621,72580641,45665522,40642449,40588760,40561441,40528997,38184497,33230198,0.010632704,7740.0,5504.0,844.0,132.0,4.0,4224.0,60.0
frodokem,75292316,75327035,75353274,75362131,75381581,75390399,75410754,75436246,75453444,75466098,75489606,75519341,0.024184989,7880.0,5120.0,756.0,132.0,216.0,4224.0,56.0
bike,78796339,78487286,74535964,74516307,74474954,41356935,41340595,41329870,41315416,41310443,41309988,41298754,0.01298485,8070.0,5536.0,761.0,393.0,108.0,4224.0,59.0
sike,169777636,166888030,166863468,166843190,164756072,164732343,164713299,164699858,149424803,149374594,149353270,122799246,0.037752501,703009.3333333334,1792.0,41069.333333333336,132.0,660.0,8.0,76.0
hqc,570979711,564857914,564866581,564891538,564928499,555937354,555930278,555933148,555949522,552330766,552324521,551843514,0.174617279,7865.272727272727,5160.727272727273,822.3636363636364,165.63636363636363,108.0,4224.0,55.63636363636363
kyber,60377219,60272468,53362251,53350308,53330200,53322275,53301156,53249258,53240511,53237970,53239075,34822272,0.010377937,702656.0,1408.0,40848.0,132.0,568.0,8.0,76.0
ntruprime,66811691,66829904,66845418,66839328,40271204,40241423,40223187,40171052,28024504,19446917,19408230,17964395,0.005771402,7208.0,2176.0,120.0,132.0,108.0,4224.0,56.0
frodokem,203763289,203793887,203804485,203827649,203840587,203853061,203862923,203870327,203880788,203895645,203907124,203908835,0.06565554,8031.0,5408.0,892.0,143.0,220.0,4224.0,64.0
ecdh,60227527,60192396,60172260,39878386,39837592,27237797,23523395,20551484,20522228,20509667,20487694,20472802,0.006393821,8261.333333333334,2353.3333333333335,544.0,132.0,300.0,3437.3333333333335,53.333333333333336
rsa,2096853973,2096848377,2096853284,2096874462,2096888930,2096886418,2096899984,2087983086,2087977530,2087966862,2087967083,2049679116,0.642215623,2944.0,1536.0,236.0,132.0,120.0,1796.0,44.0
hqc,453966729,453975369,453591993,427554033,427556371,427564253,427565033,427575540,427564947,427525707,427533958,427544470,0.12847914,7992.571428571428,5127.238095238095,810.6666666666666,164.0,145.33333333333334,4111.619047619048,59.23809523809524
ntruprime,17743191,17735243,17738354,17749792,17756249,17760859,17768763,17781027,17778290,17777496,17778554,17777567,0.00539131,8902.0,2700.0,558.0,132.0,500.0,3044.0,48.0
rsa,1116322602,1116376256,1116413642,1116118020,1116482202,1116491301,1116512784,1116528979,1116570776,1116577654,1116614288,1116622395,0.352930965,2944.0,1536.0,236.0,132.0,120.0,1796.0,44.0
kyber,112357672,112102935,112107633,112103819,109150818,109138642,105797227,105787356,74929577,73718486,69228406,50238365,0.016195502,702656.0,1408.0,40848.0,132.0,568.0,8.0,84.0
sike,219691928,219712721,219737958,219746499,219755088,219766688,219781371,219798492,219829140,219838508,219842278,219849512,0.067632128,703033.7142857143,1865.142857142857,41093.71428571428,132.0,660.0,8.0,76.0
ntruprime,69637611,69456810,67548550,66510798,66504708,66002364,18365833,18281566,18339530,18345638,18334025,18261133,0.005358392,8902.0,2764.0,558.0,132.0,500.0,3044.0,50.0
ntruprime,44893540,44895980,44850851,44858698,42939409,27852254,26997232,26528648,25998757,17343125,17317175,17291934,0.005600514,9972.0,152.0,304.0,132.0,892.0,1864.0,40.0
ecdh,74459256,58917737,34187162,34161179,34142979,34127580,34112108,34105667,34058467,34070891,34080841,34069956,0.010765874,7591.0,5184.0,695.0,132.0,4.0,4224.0,60.0
classic,3298295246,3297000538,3296890441,3290373752,3290370291,3290368364,3290357489,3290351037,3290365268,3286103879,3283513338,3282773094,0.997937172,9743.717647058824,6782.494117647058,1836.2823529411764,931.0588235294117,196.0,4224.0,67.76470588235294
ntruprime,17447154,17467685,17476200,17505286,17535290,17541451,17549790,17554475,17563086,17572218,17588808,17588731,0.005656976,7272.0,3072.0,252.0,132.0,108.0,4224.0,60.0
rsa,1515766348,1515814987,1515852499,1515902859,1515935017,1515980012,1516077898,1516255537,1516403280,1516553749,1516632704,1516673103,0.478030865,3096.782608695652,1505.9130434782608,237.47826086956522,132.0,136.7826086956522,1797.4782608695652,47.82608695652174
ntruprime,21672833,21680292,21692804,21701550,21719406,21740469,21764806,21806373,21807854,21814081,21825940,21838415,0.006642545,9972.0,152.0,304.0,132.0,892.0,1864.0,40.0
frodokem,174033893,174052596,174077213,174093779,174146376,174182018,174199823,174221384,174243960,174258128,174274116,174295623,0.055090265,7961.0,5216.0,822.0,143.0,220.0,4224.0,60.0
frodokem,138281605,138314083,138330488,138340140,138350925,138358861,138229573,138246271,138256124,138264526,138278852,138283195,0.045627995,7992.0,5312.0,868.0,132.0,216.0,4224.0,60.0
rsa,6866705005,6852669764,6852661701,6852640148,6852634603,6850207410,6849586431,6803639500,6803608744,6794960707,6794927045,6794085921,2.085131482,2960.009111617312,1532.8473804100229,236.15489749430523,132.0,121.75854214123007,1796.1548974943053,44.0
classic,1425257659,1425275318,1425304000,1425319316,1425333545,1418700795,1418034807,1417679591,1415934141,1408619898,1408554174,1408494530,0.432489282,9914.041666666666,6876.0,1844.0,1094.0416666666667,192.0,4224.0,63.958333333333336
hqc,317587124,317643407,317670193,313819301,306830519,306731762,279522648,279555461,279543185,279534002,279519119,279512319,0.083797359,7952.210526315789,5080.8421052631575,796.6315789473684,132.0,149.26315789473685,4099.789473684211,55.1578947368421
frodokem,137393904,137418976,137436067,137456615,137464083,137470346,137486919,137497432,137509409,137524082,137505606,137513192,0.042812766,7974.8,5209.6,836.0,142.8,220.0,4224.0,56.0
ntruprime,74160495,62699704,86619715,86638305,86642050,86312174,82569361,82544178,74089082,69795865,69776587,61748338,0.019944558,7208.0,1920.0,120.0,132.0,108.0,4224.0,52.0
ecdh,73662678,73681662,73696898,73717495,73735765,73784871,73804839,73822199,73838525,73854243,73865537,73876572,0.023926989,7442.0,4288.0,546.0,132.0,4.0,4224.0,56.0
rsa,1565300851,1565306846,1565318959,1565009501,1518934793,1518892707,1518879708,1518830106,1518834611,1518832944,1518832030,1518825122,0.46837734,2944.0,1536.0,236.0,132.0,120.0,1796.0,44.0
kyber,83763728,83785800,83806703,83823416,83836881,83848109,83859589,83877212,83881874,83897674,83913960,83917179,0.02765823,356314.0,780.0,20576.0,132.0,730.0,936.0,58.0
sike,789958847,782923920,782900894,773745378,773522746,772770127,761234390,761212039,761192769,761193397,760929716,732371191,0.234574152,703299.0175438597,1906.5263157894738,41359.01754385965,132.0,660.0,8.0,76.0
classic,836714587,836679721,836707577,836716065,836719611,836691933,836667257,816570081,816544594,816543949,816333355,816322938,0.250461112,8969.307692307691,6080.0,1318.8461538461538,677.3076923076923,188.0,4224.0,59.84615384615385
bike,81064774,81040194,81027471,77907374,76685330,75601252,75131741,75121723,46024855,45921210,41438017,39229490,0.012241174,7990.0,5440.0,766.0,308.0,108.0,4224.0,56.0
rsa,2002814415,2002815776,2002824732,2002860704,2002860060,2002852291,2002856109,2002298433,2002893321,2002892860,2002910773,2002917546,0.610899638,3144.8,1496.4571428571428,237.94285714285715,132.0,142.05714285714285,1797.942857142857,40.114285714285714
sike,247804767,247807442,247804259,235866759,231993776,231971901,231942475,231919755,223701359,220671178,219787771,199171600,0.06499022,703260.0,1840.0,41320.0,132.0,660.0,8.0,84.0
frodokem,136045022,136044627,101140283,101107933,101126387,101169750,101163259,101154652,101170466,101177336,101191409,90824888,0.027985247,7940.857142857143,5147.428571428572,802.5714285714286,142.28571428571428,220.0,4224.0,56.0
ecdh,49734111,49733465,49736526,48346835,48335410,19697243,19649789,19620264,19609180,19598900,19584409,19576062,0.006020882,7080.0,2176.0,116.0,132.0,4.0,4224.0,52.0
classic,979195010,978954148,979013844,978923089,978939867,978805567,971302006,971281872,970574516,970558512,970544879,970506034,0.291743714,8989.234567901234,6219.851851851852,1332.0,685.2345679012345,188.0,4224.0,60.0
bike,71833627,72001259,72011144,66932780,66313711,66343356,66343436,57575307,55350218,55343712,54187980,39817011,0.012115319,8232.0,5760.0,832.0,484.0,108.0,4224.0,60.0
bike,41194879,41198396,41060376,40978294,40888287,40746316,40593331,40510282,40433196,40378086,40332500,40294999,0.012137655,7778.0,4416.0,552.0,310.0,108.0,4224.0,56.0
hqc,642549677,642536608,626631187,626606581,626596098,626590865,626546061,619950728,619930695,618542769,618520119,618497957,0.19751868,7876.111111111111,5336.888888888889,820.4444444444445,163.66666666666666,108.0,4224.0,56.0
sike,143902059,143916056,143941638,143951650,143968055,143974334,143986655,144003123,144018643,144022734,144036132,144040993,0.048554552,564538.4,1438.4,33052.8,132.0,706.4,379.2,72.8
ecdh,75961427,45623888,45588746,45585977,33024041,32998166,32988457,32978610,32969977,32967754,32999756,32992489,0.010162194,7520.0,4096.0,726.6666666666666,132.0,4.0,4224.0,54.666666666666664
frodokem,182173648,182162002,169397531,169139140,167374627,154182600,149085604,149054529,149051228,141135752,141145830,141135214,0.043954317,8030.0,5408.0,892.0,142.0,220.0,4224.0,64.0
hqc,360825176,360525714,360369708,356941944,356490949,353699464,353690162,353404386,353398668,351948370,313868979,313534184,0.097711433,7973.25,5113.5,791.5,132.0,157.0,4076.5,59.5
kyber,53956058,52954197,50206168,45654799,45637474,54041077,74957534,74980415,74989304,74966695,74953226,79903701,0.024285617,356314.0,780.0,20576.0,132.0,730.0,936.0,62.0
bike,58043182,58056525,58002509,57957636,57947439,57911674,55897907,55890932,55890756,44649329,38870761,39354266,0.012275335,8004.0,5216.0,692.0,396.0,108.0,4224.0,60.0
hqc,548749396,547230518,547238254,543374912,537309464,537326398,513884932,512575196,508202417,507594369,507592652,490463034,0.158894734,7891.6,5376.0,836.0,163.6,108.0,4224.0,56.0
frodokem,158650548,158392465,158007821,157989731,154979035,154326382,154315161,154303492,151194628,143512321,138398863,127789662,0.03925932,7955.111111111111,5248.0,815.1111111111111,144.0,220.0,4224.0,63.55555555555556
rsa,1047287885,1047250185,1047255948,1047253439,1036637226,1011737099,1011683213,1010665580,1010262788,1010246893,1006111510,1000052110,0.311544799,2944.0,1536.0,236.0,132.0,120.0,1796.0,44.0
frodokem,162772821,162805048,162830324,162845671,162862527,162879139,162882294,162892563,162913118,162928485,162945962,162954099,0.052557897,8508.0,4070.0,745.0,132.0,388.0,3634.0,55.0
ntruprime,45180490,42515125,39850224,39308574,38042649,38046383,36131145,33352357,27901320,25424852,19253722,19229009,0.006196561,7552.0,4672.0,532.0,132.0,108.0,4224.0,60.0
sike,179352356,179388947,179420577,179450472,179475484,179518192,179550623,179571921,179598326,179635993,179672243,179693694,0.058462635,703222.6666666666,1777.7777777777778,41282.666666666664,132.0,660.0,8.0,76.0
rsa,10707135031,10706794409,10706804694,10706833679,10706852806,10706870414,10706883930,10706813405,10659376888,10659345839,10659315364,10659300968,3.331823999,2944.0,1536.0,236.0,132.0,120.0,1796.0,47.97687861271676
ntruprime,59733199,59760154,59783274,59803587,59817012,59843806,59852234,59865125,59880840,59898217,59916365,59931448,0.019398246,7140.0,2560.0,120.0,132.0,108.0,4224.0,56.0
ntruprime,84221767,84218744,43408788,43582096,43221510,43427850,46548336,47976541,46778341,44325803,79222581,71528603,0.021609677,7548.0,4864.0,528.0,132.0,108.0,4224.0,60.0
ecdh,82412060,82445512,82477032,82479663,82503118,82518818,82539541,82563739,82581595,82593516,82596801,82601004,0.026725368,7410.0,3648.0,668.0,132.0,4.0,4224.0,54.0
kyber,63285424,63313604,63335373,63362275,63355351,63529951,63539851,63554429,63571186,63585575,63600004,63610867,0.019833564,702656.0,1408.0,40848.0,132.0,568.0,8.0,80.0
kyber,29612522,29636317,29654266,29661635,29678586,29685540,29698543,29738060,29776329,29770853,29806298,29833584,0.009638326,702656.0,1408.0,40848.0,132.0,568.0,8.0,80.0
rsa,13990386282,13990371083,13990449517,13978899144,13971237736,13971205722,13969822726,13969796358,13967658840,13967632301,13968002341,13943738621,4.2700301,2944.0,1536.0,236.0,132.0,120.0,1796.0,44.0
frodokem,151310126,151335242,151361260,151377653,151393112,151408640,151420562,151429839,151486851,151539926,151554994,151568911,0.048976761,7992.0,5344.0,868.0,132.0,216.0,4224.0,56.0
hqc,657142911,657154838,657162654,657164381,657164920,657163439,649273965,638422106,638411574,638437345,638455978,638449182,0.195460016,7894.8,5376.0,836.0,166.8,108.0,4224.0,60.0
frodokem,101897894,95333582,95327973,95347635,95357598,95348071,95334544,87409914,87377325,86206222,86195373,55720307,0.016975299,7880.0,4992.0,756.0,132.0,216.0,4224.0,61.6
kyber,72371690,60638694,60611887,59665330,59661948,30049359,30009121,29999328,29994859,29986124,29975828,29968344,0.009002827,702656.0,1408.0,40848.0,132.0,568.0,8.0,80.0
rsa,1714150141,1714210018,1714268479,1714289637,1714309162,1714339961,1714361407,1714390141,1714418835,1714450055,1714477475,1714499788,0.524864168,2944.0,1536.0,236.0,132.0,120.0,1796.0,44.0
hqc,346907562,346900548,346896447,346898549,346889456,344441141,344442982,344442138,344458720,344460330,344448250,344457926,0.103679887,7784.0,5171.2,768.0,132.0,108.0,4224.0,63.6
bike,30384096,30387830,30389550,30402841,30382412,30411323,30400932,30394353,30355060,30319059,27872273,26799920,0.008217172,7604.0,4800.0,544.0,160.0,108.0,4224.0,60.0
rsa,3461991014,3462016508,3462062172,3462087653,3462121896,3462232360,3462261529,3462282048,3462310701,3462338199,3462360246,3462949035,1.051058998,2968.573426573427,1531.1608391608393,236.23776223776224,132.0,122.6993006993007,1796.2377622377621,44.0
bike,83032309,77316337,77319566,68745148,68696416,68644627,68609509,39143634,39103907,39097205,39083108,38994626,0.011829408,7776.0,4992.0,552.0,308.0,108.0,4224.0,56.0
bike,111119907,111157923,111154896,111157845,111153732,85122077,85093892,71638295,71521363,71265256,46065418,46026257,0.01390738,7928.0,5333.333333333333,645.3333333333334,366.6666666666667,108.0,4224.0,64.0
bike,66833933,66830572,65787277,54968409,54943506,54943075,27464439,27479431,27458353,27458019,27452133,27440704,0.008518387,8485.333333333334,3933.3333333333335,556.0,150.66666666666666,369.3333333333333,3437.3333333333335,60.0
rsa,4467099415,4467096003,4466508898,4459923981,4459835076,4459837934,4459825789,4454956810,4454933205,4453126599,4438921666,4438444283,1.373638058,2944.0,1536.0,236.0,132.0,120.0,1796.0,44.0
sike,218900141,218939275,218969770,218989905,219034875,219056146,219073030,219076823,219087463,219111929,219142968,219149723,0.070848462,703308.0,1898.6666666666667,41368.0,132.0,660.0,8.0,68.0
ntruprime,62352851,59759489,44528746,44464193,44468016,44465855,44249477,44242413,21077145,21020479,19223983,19215613,0.006186837,8590.0,1612.0,400.0,132.0,500.0,3044.0,54.0
frodokem,218413256,218442938,218461180,218484135,218528494,218535941,218568780,218595115,218598331,218592108,218599780,218610248,0.069971951,7989.2307692307695,5277.538461538462,848.9230769230769,144.30769230769232,220.0,4224.0,59.69230769230769
rsa,5718627581,5718625011,5718647212,5718708889,5718198088,5707626088,5707653622,5697701434,5667697121,5662695038,5662672806,5662661694,1.749371788,2944.0,1536.0,236.0,132.0,120.0,1796.0,48.0
frodokem,163656285,162911795,125706277,125685879,125671851,125675237,125662597,125649186,125641357,125634841,125633241,113499445,0.034920727,7953.0,4896.0,852.5,143.0,220.0,4224.0,55.5
hqc,373563100,373586029,373597717,373618366,373647392,373662301,373685045,373693846,373700048,373730156,373754381,373664936,0.112162661,7810.285714285715,5132.190476190476,808.952380952381,132.0,108.0,4224.0,51.80952380952381
rsa,2159683246,2159655569,2110469060,2110447440,2110437790,2110450371,2110448164,2110442584,2110269417,2110267900,2110044119,2094288220,0.641646082,2944.0,1535.2558139534883,236.0,132.0,120.0,1796.0,44.0
bike,50975537,43000131,42990917,39919780,39599745,39594131,39580555,39571728,39550080,39542260,39537437,39526164,0.011757904,7981.6,5401.6,720.0,345.6,108.0,4224.0,62.4
ecdh,78004019,77999540,77989558,77980371,44880886,32721938,32683861,32672878,32649997,32629422,32618717,32594946,0.010246712,7740.0,5440.0,844.0,132.0,4.0,4224.0,56.0
sike,602459217,602693011,602721416,602750382,602774664,602799280,602818522,602833366,602843193,602856470,602875699,602886103,0.186023316,703040.8695652174,1858.7826086956522,41100.86956521739,132.0,660.0,8.0,76.0
rsa,2942134357,2942151581,2942147270,2942115027,2931028957,2931010896,2931026525,2930980261,2930975490,2930954566,2930775233,2929868393,0.898523145,2944.0,1536.0,236.0,132.0,120.0,1796.0,48.0
ntruprime,40112281,40136840,40159280,40161972,40196286,40204064,40212002,40253585,40292552,40284899,40280047,40305616,0.012430814,7272.0,3456.0,252.0,132.0,108.0,4224.0,60.0
rsa,1706452031,1706441228,1706427802,1706423074,1706414655,1706385933,1706353401,1706344823,1706378586,1706373960,1706370511,1706355945,0.530158858,2944.0,1536.0,236.0,132.0,120.0,1796.0,48.0
frodokem,106214692,105858637,105863284,96857188,93312040,93277694,93254910,93232504,92822924,92816490,58910338,54005180,0.016890584,7992.0,5344.0,868.0,132.0,216.0,4224.0,56.0
kyber,103423490,103430725,103418415,103409199,103408982,103354536,103315117,103312628,103289921,52892379,52864197,52771795,0.016337061,702912.0,1408.0,41104.0,132.0,568.0,8.0,72.0
kyber,132787210,132797863,132485927,132494160,132498447,132497246,132455962,132119822,132134326,88595619,88548439,88510869,0.028428666,702656.0,1408.0,40848.0,132.0,568.0,8.0,84.0
ecdh,98961322,83040825,83018950,83043409,65528594,64356704,64340322,64278164,60827546,60603738,32663455,32604423,0.009781221,7740.0,5504.0,844.0,132.0,4.0,4224.0,60.0
rsa,1258265006,1258299204,1258301013,1258306449,1258286655,1258286564,1258286488,1258296716,1258290545,1258258293,1258202945,1258102263,0.404240329,2944.0,1536.0,236.0,132.0,120.0,1796.0,44.0
bike,48984268,48998806,49010659,49045552,49070497,49103250,49117398,43137804,41532920,41510198,41500084,41479287,0.012579991,7928.0,5248.0,645.3333333333334,366.6666666666667,108.0,4224.0,56.0
sike,260835688,260807413,260796730,260804155,260809425,254495309,236565887,232314211,232292607,232280016,232267475,212324827,0.065553704,703052.0,1920.0,41112.0,132.0,660.0,8.0,80.0
sike,785024532,785040470,785044441,785057098,785049685,785064612,785067023,784859231,784871617,784898257,784780817,784784330,0.259260564,703296.3636363636,1896.7272727272727,41356.36363636364,132.0,660.0,8.0,80.0
hqc,376406404,376413451,376424987,372657392,372655997,372652256,372651244,328416008,328385836,328368536,328373216,328356253,0.104393987,7840.0,5216.0,824.0,132.0,108.0,4224.0,60.0
ecdh,81315145,81304407,86642761,86686851,86747212,86745600,62972681,64289917,64278982,63926900,64969330,65637013,0.020736188,7591.0,4896.0,695.0,132.0,4.0,4224.0,60.0
ecdh,56765551,41128485,43564033,46057004,47625386,42319107,40914646,40912949,46856921,46983349,46982195,46117991,0.014614563,7080.0,1280.0,492.0,132.0,4.0,4224.0,52.0
frodokem,101156956,101185848,101186451,101175185,101166690,101147307,84790947,72545754,66541147,64767444,64749601,58008600,0.018298564,8347.0,3622.0,587.0,132.0,385.0,3634.0,53.0
ecdh,59305613,48521531,31903685,31830234,31847521,26638508,21843485,20875017,19746979,19725136,19727811,19704099,0.006563207,7438.0,4224.0,542.0,132.0,4.0,4224.0,56.0
sike,755364279,732349192,732325641,732326395,732328431,732314553,728980517,728937349,714313925,714278364,714253447,714223305,0.214703896,703308.0,1920.0,41368.0,132.0,660.0,8.0,80.0
sike,254287082,254290965,254296047,254293012,254318122,254309114,254314244,253128480,253131693,253131478,253129561,203070489,0.061649022,703052.0,1920.0,41112.0,132.0,660.0,8.0,80.0
sike,751329465,751161893,751170174,751180626,751181747,751123540,751138871,738393905,729713917,729681571,729668957,711526826,0.216027931,703308.0,1916.4444444444443,41368.0,132.0,660.0,8.0,84.0
ntruprime,66270435,66273660,66271438,66285168,56510727,56466978,56447857,52982985,57772464,57803407,57822849,35000032,0.011306968,7272.0,3712.0,252.0,132.0,108.0,4224.0,60.0
classic,1475522534,1475525970,1475555877,1475565984,1475592418,1447226697,1447173534,1447176799,1447163788,1446713879,1446723016,1446326636,0.447979603,10379.391304347826,6836.869565217391,2148.0,1251.391304347826,196.0,4224.0,67.91304347826087
hqc,300900494,300929203,300979480,301034466,301048293,301063877,301105275,301124259,301146058,301146377,301148679,301096629,0.089264203,7840.0,5350.4,824.0,132.0,108.0,4224.0,64.0
hqc,290547449,290537020,290575782,290597522,290616347,290620638,290628090,290648154,290661096,290675221,290690954,290706283,0.088144203,7817.6,5283.84,801.6,132.0,108.0,4224.0,56.0
kyber,85352674,85358999,85308146,85317493,85326309,85322687,85337172,85345996,85350145,85361222,85379187,85391127,0.027700847,702656.0,1408.0,40848.0,132.0,568.0,8.0,76.0
frodokem,149507272,154271298,154293929,154328020,162397274,162411463,162427263,162500897,163068212,163097826,163118110,163128501,0.04951286,7990.0,5290.666666666667,845.3333333333334,148.66666666666666,220.0,4224.0,56.0
kyber,78259315,78266258,78266823,78259619,78253961,78262994,75389638,66934920,65718087,65750324,38366393,38253992,0.01234936,702656.0,1408.0,40848.0,132.0,568.0,8.0,84.0
hqc,686646199,686662079,649464204,649439334,649430476,649426802,649421966,649416165,649414103,649427205,637243154,637235695,0.197915387,7857.473684210527,5315.368421052632,806.5263157894736,158.94736842105263,108.0,4224.0,63.78947368421053
ecdh,32027560,32058385,32066641,32080743,32104007,32109518,32136106,32158909,32165934,32175909,32186824,32188511,0.010596708,7591.0,5184.0,695.0,132.0,4.0,4224.0,56.0
rsa,1384042932,1384059711,1384087048,1384117194,1384147395,1384169093,1384203944,1384219135,1384237691,1384237833,1384262218,1384290596,0.434601243,2944.0,1536.0,236.0,132.0,120.0,1796.0,48.0
classic,1172122536,1172136506,1172151200,1169124197,1163645449,1162094036,1135990750,1135757300,1128263622,1128249731,1128246930,1128229859,0.350496721,8978.76923076923,6222.7692307692305,1323.3846153846155,683.3846153846154,188.0,4224.0,63.93846153846154
sike,789728338,789717706,789709048,786417019,781279536,780402862,780383844,762053977,749765702,749741768,749731750,749719248,0.230283284,658337.1612903225,1797.6774193548388,38479.22580645161,132.0,674.9677419354839,127.74193548387096,77.41935483870968
ecdh,35009160,34952289,34941057,34956196,34982924,34983168,34967753,34967740,34947552,34915302,34875547,34855931,0.010542423,7410.0,3520.0,668.0,132.0,4.0,4224.0,56.0
ecdh,53561218,53575158,53569993,53565050,53567888,25221005,25168819,25143896,25119581,25096031,25076284,16982668,0.00516917,7144.0,4224.0,248.0,132.0,4.0,4224.0,56.0
classic,1316454048,1316472810,1316475021,1316475142,1316476838,1316479638,1316446599,1316450205,1316484216,1316492429,1304235260,1304222696,0.395933035,9757.68115942029,6545.391304347826,1795.4782608695652,908.1159420289855,216.17391304347825,4155.594202898551,63.130434782608695
ecdh,68288871,68323295,68333507,70464330,70490117,70509419,70536691,70567430,70567796,70555686,70597364,70606405,0.022149965,8856.0,2828.0,574.0,132.0,448.0,3044.0,48.0
hqc,335797814,335778196,335679318,335669080,334744742,333741813,333733834,333184440,330493116,330456378,330449262,324540620,0.105077734,7840.0,5365.333333333333,824.0,132.0,108.0,4224.0,56.0
ecdh,83014161,53537818,45939396,45072756,45054990,35491397,35458192,35444704,35436671,32230971,21783376,21320101,0.006866655,7406.0,3072.0,664.0,132.0,4.0,4224.0,56.0
ntruprime,31026713,31039262,31059182,31077855,31089293,31105142,31115690,31096044,31108609,31123571,31134585,31153549,0.009501171,7548.0,4864.0,528.0,132.0,108.0,4224.0,64.0
sike,211421425,211418577,211428776,211442164,211452313,210596422,210605861,210614772,210621048,207288812,199615977,199565458,0.060740411,703268.6153846154,1870.7692307692307,41328.61538461538,132.0,660.0,8.0,76.0
hqc,406667908,394738013,394743297,394760056,394760296,394758628,393095426,393105961,345474467,345191698,343087024,342379680,0.107547233,7840.0,5354.666666666667,824.0,132.0,108.0,4224.0,56.0
classic,1363416560,1363415570,1333509774,1329550014,1329543990,1329388904,1328988928,1328988623,1328985020,1321268191,1319584360,1315377589,0.419441475,9913.413173652694,7057.62874251497,1843.2095808383233,1094.2035928143712,192.0,4224.0,71.97604790419162
kyber,58343091,43806459,25384102,23287628,22261706,22246748,22281043,22284019,22258826,22248457,22244636,22231865,0.006751814,702656.0,1408.0,40848.0,132.0,568.0,8.0,84.0
ecdh,31478143,31528907,31542015,31564337,31587968,31609943,31621955,31624503,31626975,31621683,31632700,31643343,0.009318415,7442.0,4864.0,546.0,132.0,4.0,4224.0,56.0
hqc,620557205,616075766,595560188,595539292,595540496,595542726,595538113,595532485,595531116,595528300,595493823,583293802,0.180285964,8023.25,5049.5,802.75,163.25,157.0,4076.5,55.25
hqc,315586657,315611884,315639488,315667756,315679032,315694113,315701358,315714773,315736165,315748524,315755570,315763555,0.094673837,8195.333333333334,4484.0,737.3333333333334,132.0,238.66666666666666,3830.6666666666665,60.0
frodokem,162652675,162676458,162701972,162708433,162727534,162736985,162752697,162771851,162807508,162806740,162825148,162835838,0.04911197,7988.571428571428,5330.285714285715,852.0,140.57142857142858,220.0,4224.0,56.0
bike,78900276,43577980,43591509,43583495,42991857,43002131,42959696,42638013,38417005,38393965,37899168,37674446,0.011426409,8001.0,5216.0,692.0,393.0,108.0,4224.0,60.0
classic,1104558173,1104547870,1104566070,1104588781,1069287064,1069245653,1069227350,1069220990,1069226322,1069224297,1069230750,1063706913,0.325630391,9784.0,6946.461538461538,1840.0,964.0,196.0,4224.0,68.0
frodokem,191589453,191612225,191649638,191681344,191699970,191727242,191743354,191751856,191766574,191783312,191790917,191804573,0.06260628,8996.0,2764.0,598.0,132.0,556.0,3044.0,54.0
ntruprime,21975197,21986465,21982283,21409359,21418752,21403877,21397218,18320168,18298170,18289297,18025100,17445220,0.005614237,7272.0,3584.0,252.0,132.0,108.0,4224.0,56.0
bike,83622212,83671901,83726493,83742737,83771600,83793869,83815535,83829055,83843516,83855642,83875523,83886459,0.02540264,8228.0,5760.0,832.0,480.0,108.0,4224.0,56.0
ecdh,64149502,64177569,64194505,64238546,64251592,64271200,64299729,64323246,64350495,64370184,64383681,64394123,0.020812174,7512.0,4992.0,616.0,132.0,4.0,4224.0,56.0
sike,183044663,150356044,150315506,150307144,150305205,150254905,136820407,136782971,136765094,136764245,136646222,136620914,0.041907857,703234.8571428572,1810.2857142857142,41294.857142857145,132.0,660.0,8.0,76.0
classic,1201780026,1201784342,1201765237,1180570041,1180559682,1180562549,1180553014,1168024713,1168017682,1168021844,1168027309,1168045942,0.359181935,9878.098360655738,6715.147540983607,1807.4098360655737,1051.6065573770493,203.47540983606558,4185.311475409836,63.34426229508197
classic,2329200645,2329220697,2329234465,2295099300,2295078793,2295070722,2295069655,2294955984,2294960558,2288142618,2288110937,2287248571,0.715661522,10361.904761904761,7085.714285714285,2140.4761904761904,1248.7619047619048,196.0,4224.0,67.71428571428571
kyber,134952253,134942256,134951671,102818164,102801453,51375786,51339676,51315940,51319058,51310963,51296408,51277091,0.016202829,471846.6666666667,989.3333333333334,27418.666666666668,132.0,676.0,626.6666666666666,66.66666666666667
kyber,138583078,138574452,123836802,123808470,123792474,99830778,99775933,99335251,75535963,75490171,75468596,75460487,0.024375532,702656.0,1408.0,40848.0,132.0,568.0,8.0,76.0
classic,699641164,698750992,698771795,696562477,695789140,685713706,679969194,679976634,679941783,679940177,679932499,679883048,0.207672675,8996.0,6222.933333333333,1332.0,692.0,188.0,4224.0,60.0
rsa,1454892434,1454891228,1454274406,1452130933,1451539265,1442593684,1430926187,1426757636,1426147601,1426134257,1426126795,1426113429,0.425439153,2944.0,1536.0,236.0,132.0,120.0,1796.0,48.0
classic,910851109,910878236,910900156,910910778,910930011,910950336,910958835,910970372,910984586,911005846,910944295,911002284,0.276544121,9017.78947368421,6100.8421052631575,1304.9473684210527,673.3684210526316,206.52631578947367,4161.894736842105,63.78947368421053
ntruprime,68659537,65738549,65714391,65280772,45097680,31989749,28734354,19271707,19227539,19205568,18723284,18752253,0.005809216,7272.0,3456.0,252.0,132.0,108.0,4224.0,56.0
sike,146005474,146022783,146041655,146054476,146044089,146037570,146049040,146050870,146053204,146056665,146026279,146016328,0.045815734,703261.4545454546,1850.1818181818182,41321.454545454544,132.0,660.0,8.0,80.0
kyber,46309250,38262531,38223650,38272153,38009647,38027499,38012951,38021548,38025477,38049502,38062989,38050923,0.011342401,702784.0,1408.0,40976.0,132.0,568.0,8.0,80.0
hqc,370477114,362766998,362746939,338184365,336962207,335429099,326154687,322567823,322388197,322376741,322373089,312508519,0.096994823,7800.0,5229.714285714285,784.0,132.0,108.0,4224.0,56.0
frodokem,119779004,110725397,72566668,72525957,72554198,68990500,62490926,62456529,62436040,59754132,59733433,55507853,0.016430369,7992.0,5248.0,868.0,132.0,216.0,4224.0,56.0
ntruprime,17761662,17785020,17844184,17883796,17898742,17926742,17958279,17949399,17960854,17986362,17999653,18005240,0.005461363,7832.0,5504.0,812.0,132.0,108.0,4224.0,56.0
hqc,379183242,379206302,379209222,341487491,340517819,337991682,337977056,329218410,321564388,321522028,319607659,313377300,0.096808666,7027.555555555556,4764.444444444444,735.1111111111111,132.0,96.0,3766.6666666666665,52.44444444444444
ntruprime,19177929,19239603,19245047,19251199,19259942,19258226,19259283,19264341,19276516,19288381,19297312,19326922,0.006007596,4144.0,256.0,36.0,132.0,108.0,2604.0,36.0
bike,39673927,38487068,37524943,36448879,34160697,34136749,34126527,33705648,32583276,27817072,27338226,27186275,0.008238912,7688.0,4693.333333333333,637.3333333333334,150.66666666666666,108.0,4224.0,62.666666666666664
frodokem,164908382,164946730,164967695,165002342,165046713,165067591,165117234,165156819,165200635,165224872,165230024,165234389,0.05090653,7977.2,5235.2,836.0,145.2,220.0,4224.0,56.0
frodokem,163934858,163945414,163972644,163979845,164011764,164026108,164040205,164062768,164080978,164090477,164107092,164112548,0.050577597,7983.333333333333,5152.0,834.3333333333334,147.33333333333334,220.0,4224.0,55.666666666666664
ecdh,93360346,93398879,93399662,43601654,43571376,34554435,34518694,33049976,33030965,33005901,32982411,32969620,0.010100978,8856.0,2828.0,574.0,132.0,448.0,3044.0,48.0
hqc,360524943,360551037,360571270,360586845,360609928,360624606,360639745,360654676,360672281,360681058,360704213,360689256,0.111746011,7823.5,5328.0,807.5,132.0,108.0,4224.0,56.0
sike,609171244,609173928,602355135,597207465,595575158,595568996,595552871,595543599,595572244,572839622,572838952,572824349,0.183582629,703028.7272727273,1803.6363636363637,41088.72727272727,132.0,660.0,8.0,80.0
frodokem,189699496,151651905,151523453,150999038,151013509,151012545,151016177,151018088,130563563,128923167,120153892,120102431,0.03685356,8014.0,5397.333333333333,870.0,148.0,220.0,4224.0,56.0
ecdh,81927815,81918853,73656873,73606046,67597755,37888647,36835326,36799692,36737821,19800355,19765226,19738204,0.006565716,8704.0,2444.0,422.0,132.0,448.0,3044.0,50.0
kyber,20007894,20024658,20036158,20042268,20080984,20096431,20103999,20114616,20119284,20123871,20143830,20147060,0.006301963,702741.3333333334,1408.0,40933.333333333336,132.0,568.0,8.0,81.33333333333333
rsa,9572939298,9572939076,9572966265,9572980086,9572985586,9573004854,9530890196,9531472765,9531465781,9531455249,9530374926,9530317352,2.941719366,2944.0,1536.0,236.0,132.0,120.0,1796.0,48.0
ecdh,82241695,81428805,80452766,80449831,80442753,79338249,77590088,74490875,74465247,71687419,68395898,33324596,0.010072151,7740.0,5504.0,844.0,132.0,4.0,4224.0,60.0
classic,1385065756,1383917682,1364916301,1364901062,1364709352,1348604187,1336788113,1336033950,1302592914,1302541293,1299188424,1299078764,0.400395113,9907.0625,6628.1875,1829.75,1081.3125,197.46875,4205.5625,63.8125
bike,57039356,57086261,57094994,57114719,57126667,57148073,57190658,57235146,57284191,57298829,57304254,57311732,0.01740452,8232.0,5760.0,832.0,484.0,108.0,4224.0,60.0
rsa,7994776257,7994788009,7994519999,7990869268,7990324915,7990336676,7990336011,7990321807,7956296986,7956251616,7956234620,7943735266,2.478787686,2944.0,1536.0,236.0,132.0,120.0,1796.0,44.0
frodokem,103416256,103431626,103450227,103478423,103508081,103504424,103498363,103506631,59385234,59184545,59199780,59183569,0.018411274,7992.0,5376.0,868.0,132.0,216.0,4224.0,56.0
kyber,109501898,109518411,109535258,109544865,109560406,109569051,109590875,109613082,109625003,109644615,109657438,109661959,0.035804941,702656.0,1408.0,40848.0,132.0,568.0,8.0,80.0
kyber,72960352,66881870,66836308,50569810,51025500,51010248,50867966,38814893,38784826,38767492,25930109,25871619,0.008337969,702656.0,1408.0,40848.0,132.0,568.0,8.0,76.0
bike,76017200,76043020,76070302,76087713,76116938,76127020,76142670,76155787,76171100,76181447,76194643,76200734,0.023137107,8114.666666666667,5589.333333333333,832.0,366.6666666666667,108.0,4224.0,58.666666666666664
ecdh,77415289,71547065,71227038,70883901,70899237,69878980,67046979,66853202,66701242,66669725,30240080,30251106,0.009167056,8149.0,3782.0,560.0,132.0,226.0,3634.0,54.0
kyber,110185862,110188029,110192185,77770845,76710128,76699419,76691094,65244124,65199722,65184735,65186775,65170322,0.020390608,702656.0,1408.0,40848.0,132.0,568.0,8.0,80.0
bike,71509839,89078538,89085981,72777222,72712620,72679300,67047047,66667239,66537783,66500217,65320365,58821317,0.017689925,7977.6,5248.0,720.0,341.6,108.0,4224.0,56.0
bike,41357957,41376284,41386465,41408720,41427778,41455010,41467007,41467198,41472770,41476802,41488879,41495495,0.012598328,8023.2,5068.8,693.6,413.6,108.0,4224.0,59.2
ntruprime,19244875,19265563,19284603,19335518,19388248,19428559,19439609,19450669,19464619,19476026,19491383,19479125,0.005794838,8902.0,2828.0,558.0,132.0,500.0,3044.0,48.0
classic,2956367549,2956381052,2956392918,2956427321,2956452462,2955130441,2955132212,2955143315,2904751553,2904735585,2904739985,2904736738,0.886030607,9894.392156862745,6768.941176470588,1837.2156862745098,1081.1764705882354,192.0,4224.0,59.92156862745098
ntruprime,33325320,33346776,33361969,33375197,33346844,33351717,33359636,33385749,33425624,33435331,33436221,33433221,0.010312723,7832.0,5120.0,812.0,132.0,108.0,4224.0,56.0
rsa,7231811098,7231847498,7231868448,7231875206,7231875229,7231891501,7231916693,7231929333,7195594639,7170896197,7170383556,7170302549,2.267301483,2944.0,1536.0,236.0,132.0,120.0,1796.0,44.0
bike,111171592,111166680,111175025,108381734,103873554,59346023,52319840,52270308,52253466,52223636,42071131,42033683,0.012931261,8135.2,5657.6,805.6,413.6,108.0,4224.0,56.0
sike,650343803,650342044,626325831,620909871,619581909,614548009,614203891,609822031,609054603,609046148,607536167,607061111,0.189021432,659686.5,1681.5,38513.5,132.0,674.5,124.0,77.5
hqc,630143509,630165887,628335460,626098564,618365144,618333713,582297543,582048059,579152421,578870943,573605081,573609159,0.177159581,7873.333333333333,5309.62962962963,815.2592592592592,166.07407407407408,108.0,4224.0,56.0
rsa,979106543,979166077,979183587,979207864,979232301,979254375,979267153,979288722,979301492,979307175,979337578,979356127,0.306662918,2944.0,1536.0,236.0,132.0,120.0,1796.0,48.0
classic,1498100857,1498131244,1498150660,1498192692,1498225347,1498249950,1498264932,1498318018,1498343461,1498359333,1498376803,1498384159,0.460758811,8978.222222222223,6101.333333333333,1325.0864197530864,681.1358024691358,188.0,4224.0,71.95061728395062
sike,244227956,242941029,214760346,214673618,214624752,214614712,213646217,213632145,213626332,213649388,213645512,202301083,0.060758464,703052.0,1883.4285714285713,41112.0,132.0,660.0,8.0,80.0
ecdh,66386282,66407700,66426385,66441627,19620319,19580755,19492641,19510286,19501073,19488738,19480909,19477003,0.005888896,7144.0,3072.0,248.0,132.0,4.0,4224.0,56.0
rsa,1317187103,1317218675,1317226453,1317241740,1317250504,1293894699,1293881756,1293888753,1293896090,1293898609,1293943734,1293955151,0.397511648,2944.0,1536.0,236.0,132.0,120.0,1796.0,48.0
hqc,642912595,642543407,621220424,621199129,621187866,621189006,621144818,621103371,613678547,611038070,610574242,610353635,0.194063574,7864.631578947368,5335.578947368421,814.1052631578947,158.52631578947367,108.0,4224.0,64.0
bike,76661156,76680407,76709787,76737487,76749359,76758208,76772176,76785763,76808423,76828729,76834921,76837670,0.023616541,8232.0,5760.0,832.0,484.0,108.0,4224.0,56.0
sike,508424465,508408758,508078372,508079594,508084817,508084748,508077419,508040293,508047139,508048439,508038724,471265739,0.145169185,703276.0,1872.0,41336.0,132.0,660.0,8.0,75.75
ecdh,43143092,43175924,43206744,43233452,43250740,43275775,43299272,43315948,43368215,43378403,43425162,43436541,0.013297934,7440.0,4288.0,544.0,132.0,4.0,4224.0,58.0
rsa,21266823858,21266871245,21266909410,21266936315,21266976331,21266995491,21267035305,21267045471,21267090088,21267114147,21267136456,21267138033,6.865001675,3002.5666666666666,1524.4666666666667,236.56666666666666,132.0,126.43333333333334,1796.5666666666666,43.93333333333333
frodokem,99792533,99830729,99854181,99870458,99867250,99880302,99902561,99920401,99947026,99965446,99977063,100000301,0.031221853,7784.0,3925.3333333333335,762.6666666666666,132.0,216.0,4224.0,54.666666666666664
ecdh,65644066,65667205,65698677,65711363,65724604,65738578,65749063,65762464,65785490,65796998,65804816,65811194,0.020667942,7740.0,5461.333333333333,844.0,132.0,4.0,4224.0,60.0
classic,705966021,705984119,706011381,706020383,706018993,706080027,706095861,706098946,706114081,706121673,706127431,706132295,0.212501496,8968.4,6092.8,1326.7333333333333,674.8,188.0,4224.0,63.8
rsa,5515166945,5503253744,5503330939,5503337481,5503351998,5503376207,5503411404,5503384008,5503401978,5503415355,5503420744,5503916197,1.789950473,2943.4428652643546,1535.708925525867,235.95527761985977,131.97574379382226,119.97725980670836,1795.6596551070684,43.99545196134167
ecdh,69570733,46067381,46025769,46025378,46018728,45957499,45948976,45945861,45952112,45959692,45959753,21110753,0.006530482,8772.0,3276.0,490.0,132.0,448.0,3044.0,60.0
frodokem,116472027,116468566,116489102,116504774,116519273,116537270,116554585,116571918,116587299,116603532,116619031,116623666,0.036958642,7992.0,5350.4,868.0,132.0,216.0,4224.0,60.0
sike,230290683,230323842,230344865,230358026,230376275,230385240,230416556,230452826,230467482,230461388,230463097,230464962,0.076758367,703212.0,1760.0,41272.0,132.0,660.0,8.0,80.0
bike,94227847,94252637,94275063,94297366,94311395,94325768,94344205,94352260,94347799,94363086,94369035,94378011,0.028507468,8232.0,5760.0,832.0,484.0,108.0,4224.0,60.0
sike,224806889,224812043,224814180,220643571,219404906,216842560,185891774,185889062,185885544,185875971,185875569,185876998,0.056425911,703036.9411764706,1867.2941176470588,41096.94117647059,132.0,660.0,8.0,80.0
sike,235146090,235148648,235161573,235168180,235172026,235229778,235284266,235300096,235315085,235350980,235375380,235392784,0.071890648,703308.0,1898.6666666666667,41368.0,132.0,660.0,8.0,84.0
kyber,90297665,90284526,90239370,90212950,90240030,90191838,90140695,90156584,90149626,90134093,90133971,90135391,0.026926489,9972.0,152.0,304.0,132.0,892.0,1864.0,44.0
ecdh,66956328,66972830,66982353,66997315,67032725,67046275,67063797,67078703,67096621,67119715,67136178,67137640,0.020382542,7740.0,5504.0,844.0,132.0,4.0,4224.0,60.0
bike,85769175,85791454,85784674,84530942,84499235,52544055,52491554,52438053,52419603,50071403,39582593,38941083,0.011623768,7814.666666666667,4906.666666666667,645.3333333333334,253.33333333333334,108.0,4224.0,60.0
ntruprime,35962729,36002170,36022141,36044141,36069790,36075633,36096410,36131267,36150058,36166354,36179487,36169347,0.01162063,7700.0,4992.0,680.0,132.0,108.0,4224.0,60.0
sike,274768065,243889050,234699176,234644499,234652502,234453475,232480513,232471333,232493172,220705957,219734013,219693519,0.071646193,703308.0,1920.0,41368.0,132.0,660.0,8.0,84.0
ntruprime,44393117,44373522,43818573,40025587,40017160,39972200,29180924,29451502,29448069,29442952,22686786,18058687,0.005630017,7548.0,4864.0,528.0,132.0,108.0,4224.0,60.0
ecdh,67130523,64605233,60331874,44656325,44653388,44643787,44672614,44721370,44717215,44714140,44716974,19798266,0.00603907,7144.0,3200.0,248.0,132.0,4.0,4224.0,56.0
hqc,354181481,354286439,354299012,353623401,353616924,345517810,345466019,344393349,344402289,305054969,305036782,305027483,0.090076759,7808.8,5139.2,808.2,132.0,108.0,4224.0,59.8
classic,1149256787,1149250894,1146611898,1146176233,1144422859,1144205570,1134197725,1134185738,1134181691,1134175359,1134176069,1102172471,0.345205718,9746.709677419354,6631.225806451613,1830.9247311827958,935.7849462365591,196.0,4224.0,67.82795698924731
frodokem,146373197,132237348,129278159,125685436,125684256,125679164,125692361,125671473,125676332,125674737,125674965,125653382,0.038543348,7967.0,5168.0,822.0,149.0,220.0,4224.0,52.0
kyber,92178444,92198422,92195064,82170738,44156279,44103714,44069158,44044163,39446478,38244586,38221176,38175170,0.011898778,702784.0,1408.0,40976.0,132.0,568.0,8.0,76.0
bike,90437962,90415531,84655092,84070457,81979124,41372922,41330852,41313024,40866298,41285358,41266980,41212195,0.012652034,7928.0,5290.666666666667,645.3333333333334,366.6666666666667,108.0,4224.0,54.666666666666664
rsa,2071207904,2026262582,2021881465,2021883435,2021785921,2021791362,2021790662,2021790322,2021799519,2021810196,2021800824,2021796451,0.609005322,2944.0,1536.0,236.0,132.0,120.0,1796.0,44.0
ecdh,84074769,84074434,84067960,71839160,71833698,71834963,71838996,71830857,71825991,71822594,33818859,33779560,0.010541121,7740.0,5504.0,844.0,132.0,4.0,4224.0,64.0
sike,716809421,715327979,693489753,693442126,693445615,693438792,692982459,693428540,693409971,693422667,693436359,693430808,0.22427059,684034.4444444445,1842.4444444444443,40213.11111111111,132.0,666.4444444444445,59.55555555555556,79.0
rsa,6784833850,6784845697,6773813165,6784869094,6777969105,6777979151,6777981184,6777988469,6778004947,6778019307,6778048511,6742300410,2.184799329,2944.0,1536.0,236.0,132.0,120.0,1796.0,44.0
ecdh,80694563,78469935,72284591,69659097,69660874,32879767,32841056,32819903,32803581,32787806,32784494,32772292,0.010394709,7686.666666666667,5418.666666666667,790.6666666666666,132.0,4.0,4224.0,56.0
hqc,660197110,660209758,635047600,635019097,597212555,595293400,595258437,595246236,595233729,595212804,595201499,595186247,0.184287133,7889.2,5376.0,836.0,161.2,108.0,4224.0,52.0
kyber,106060276,106082537,66220944,66156319,65229394,65212259,65200178,65185577,41378853,41343657,41336764,41317407,0.012456095,702656.0,1408.0,40848.0,132.0,568.0,8.0,80.0
ntruprime,83484703,65305007,28953562,28507618,28491782,27676729,23786546,23769067,23574213,23293698,17387029,17338075,0.005674429,7208.0,2048.0,120.0,132.0,108.0,4224.0,52.0
ntruprime,74019406,74033338,74057750,74072000,74074997,48816216,48791407,48736721,23563487,23526140,18898171,18829128,0.005733988,7552.0,4288.0,532.0,132.0,108.0,4224.0,52.0
bike,71830351,71830574,71842536,69931643,69965614,69961644,69983138,69980386,40923793,40886130,40866903,40776918,0.012693328,7778.0,4992.0,552.0,310.0,108.0,4224.0,62.0
frodokem,106652761,79914463,75559425,75586041,74988184,74995299,74988446,74970968,74958165,74957620,61201197,57878470,0.019175986,7902.857142857143,4790.857142857143,822.8571428571429,132.0,216.0,4224.0,59.42857142857143
classic,2131194283,2130969229,2131240220,2131249091,2131248864,2131242036,2131255322,2093117520,2093090889,2093084945,2082017756,2065139099,0.65828419,10384.05633802817,7067.042253521126,2144.056338028169,1260.0,196.0,4224.0,67.94366197183099
sike,471125610,471136993,471141693,471145833,471119116,471089322,437925015,437878109,437856953,437842095,437827547,437807513,0.142065507,703285.7391304348,1847.6521739130435,41345.739130434784,132.0,660.0,8.0,84.0
frodokem,85181380,54924068,54896183,54898508,54915233,54914317,54904811,54899737,54901197,54907195,54895574,54889654,0.017729292,7992.0,5376.0,868.0,132.0,216.0,4224.0,56.0
hqc,503074884,501320203,499988021,497213422,495219153,494504733,494470215,490099376,489764809,489682902,481823780,481798364,0.15074022,7893.6,5376.0,836.0,165.6,108.0,4224.0,60.0
hqc,620692977,606988618,603894663,603303937,579412509,577825892,575885797,575406045,573590835,573564262,573533753,573504148,0.175883822,7878.222222222223,5326.222222222223,820.4444444444445,165.77777777777777,108.0,4224.0,60.0
kyber,100817459,100822648,100820081,100820237,100835745,76037410,75981878,75960684,51451031,51400382,51191239,51179564,0.016366471,702656.0,1408.0,40848.0,132.0,568.0,8.0,84.0
classic,1131866626,1131882018,1131885185,1131888548,1117163451,1117101290,1117071722,1117043675,1117024086,1115977358,1115964854,1115928968,0.350778698,8992.0,6454.55737704918,1332.0,688.0,188.0,4224.0,64.0
sike,121119897,120889403,115389574,115367305,115167055,112424968,109446088,109381335,109367956,97909218,86074795,84602823,0.026709047,703052.0,1920.0,41112.0,132.0,660.0,8.0,76.0
sike,445916971,445931999,445935647,445951586,445966966,445974542,445991979,446017721,431818064,431794017,431776999,431759861,0.132780838,703044.8888888889,1891.5555555555557,41104.88888888889,132.0,660.0,8.0,76.0
sike,391477146,391502454,391556487,391573044,391666478,391675626,391695580,391730270,391754526,391765534,391782378,391789088,0.123318153,703308.0,1902.344827586207,41368.0,132.0,660.0,8.0,76.0
ntruprime,84466388,83026247,83041348,83056105,83083720,34997928,30591640,18080206,17895807,17881670,17872446,17853344,0.005751242,7272.0,4224.0,252.0,132.0,108.0,4224.0,60.0
ecdh,59297973,59297213,59305382,59314412,59338667,59348446,59346233,59350022,59359747,59374100,59388519,59393599,0.018031722,7144.0,3328.0,248.0,132.0,4.0,4224.0,56.0
sike,251873366,251906324,251924996,251925279,251932275,251938959,251956590,251970821,251978254,251986902,252001861,252030815,0.083233459,703036.9411764706,1882.3529411764705,41096.94117647059,132.0,660.0,8.0,72.0
bike,92622054,92621387,92610673,84891771,75820836,44234353,44200428,44187631,44162713,43954307,38691285,38657412,0.012161066,7986.0,5088.0,692.0,378.0,108.0,4224.0,63.0
rsa,2626718449,2593647079,2593646416,2593446757,2593451236,2587936035,2587913152,2582524941,2579698480,2572015821,2571686326,2571657351,0.820814982,2944.0,1536.0,236.0,132.0,120.0,1796.0,44.0
ntruprime,25544192,25560395,25573171,25580257,25604460,25618726,25638607,25643946,25679218,25690203,25695384,25699315,0.008302565,7344.0,3840.0,324.0,132.0,108.0,4224.0,60.0
ntruprime,40153041,40119226,40129014,40139993,40140071,28202280,28164710,28147975,28132367,18244462,18127430,17706626,0.005563514,7272.0,3072.0,252.0,132.0,108.0,4224.0,60.0
classic,937490444,937530555,937527269,937558906,937570003,937598749,937606627,937613918,937625342,937630889,925719580,925577726,0.286753405,9775.974193548387,6708.18064516129,1830.090322580645,949.3935483870968,200.49032258064517,4208.774193548387,59.87096774193548
bike,70736047,70759362,70805566,70814824,70832008,70850352,70863751,70882005,70901250,70907998,70926850,70935464,0.021276255,8301.0,3014.0,588.0,219.0,304.0,3634.0,54.0
hqc,642168700,641121283,607384777,604908923,604894624,604883403,604874064,604868075,595034017,595030549,595047883,595046832,0.179996089,7861.333333333333,5276.444444444444,804.8888888888889,164.44444444444446,108.0,4224.0,56.0
ecdh,69499557,69539475,69546720,69548713,69549703,69519919,69468238,69464332,31912214,31868854,17497943,17438614,0.005111624,7144.0,3328.0,248.0,132.0,4.0,4224.0,56.0
frodokem,213346946,213364700,213378012,213460461,213485021,213497683,213506344,213505363,213507162,213521705,213549785,213562176,0.067431006,7965.0,5184.0,822.0,147.0,220.0,4224.0,56.0
ecdh,71177830,70138788,70092327,70110062,70110533,65232496,65252856,65245348,65248879,65245110,65237022,21958752,0.006693925,8105.333333333333,4398.666666666667,747.3333333333334,132.0,152.0,3830.6666666666665,53.333333333333336
ecdh,55772686,55773919,55781784,55793239,55806046,55815374,55803240,55810867,55832041,55844202,55858119,55859632,0.017492867,7284.0,4480.0,388.0,132.0,4.0,4224.0,60.0
bike,66394087,41908494,41146631,41129908,42676310,42684699,42694064,42051217,42049279,42040291,41777472,31845366,0.009670888,7908.0,5376.0,824.0,184.0,108.0,4224.0,56.0
classic,2360219681,2360268679,2359928798,2359934027,2347929799,2344173788,2340842845,2340152955,2340157092,2340140397,2310367362,2303166055,0.738045096,9928.0,7220.363636363636,1844.0,1108.0,192.0,4224.0,60.0
ntruprime,39944249,37555883,36773766,36779727,36765577,36758414,36439198,17593645,17561228,17546898,17530869,17513607,0.005354459,7272.0,4224.0,252.0,132.0,108.0,4224.0,56.0
sike,748340070,747172670,747168725,741110197,741048550,741098489,741124970,740522784,729237707,724584230,722928246,719655576,0.220423582,703047.4285714285,1908.5714285714287,41107.42857142857,132.0,660.0,8.0,76.0
ecdh,16707368,16724029,16736030,16752041,16759153,16769818,16785534,16815250,16816370,16815554,16817277,16817752,0.005429358,7144.0,3840.0,248.0,132.0,4.0,4224.0,52.0
sike,187973337,183462381,182197748,182189377,182046766,176215420,158296706,158261972,157402884,157390260,146294507,134694076,0.041771853,703180.0,1760.0,41240.0,132.0,660.0,8.0,79.0
ntruprime,18249649,18301408,18310962,18319858,18325304,18340709,18343732,18365992,18370178,18371371,18379684,18369600,0.00570132,7832.0,5376.0,812.0,132.0,108.0,4224.0,56.0
ntruprime,62417558,62428463,62440770,62455046,37744330,37690532,37681625,37674760,37674949,37676273,37681564,18319538,0.005529268,7832.0,5120.0,812.0,132.0,108.0,4224.0,60.0
classic,1608460140,1607474270,1607468966,1607531748,1607564958,1607575454,1607610182,1607616643,1607635324,1607643206,1595078208,1593957298,0.497891116,10370.814814814816,7353.185185185185,2125.2345679012346,1234.0246913580247,204.59259259259258,4194.864197530864,59.65432098765432
hqc,408509268,372373905,372326963,372329519,371595491,371596481,359314440,359277548,359244604,354158435,351169951,350899617,0.107896683,7630.4,4677.866666666667,737.6,132.0,160.26666666666668,3796.8,57.333333333333336
ecdh,77629918,77618717,77612883,75592022,75565544,57441213,56710290,56698824,49600839,41262405,41233313,34343785,0.011442228,8856.0,3532.0,574.0,132.0,448.0,3044.0,56.0
ntruprime,55112461,55147743,55165871,55176739,55188321,55242971,55284699,55295473,55310551,55343037,55362087,55373044,0.016578584,7272.0,3456.0,252.0,132.0,108.0,4224.0,56.0
hqc,399250224,399264348,399269387,399272096,346730232,346659076,346641978,346632473,346627612,346644921,346634586,346652068,0.106167255,7877.777777777777,5336.177777777778,823.5555555555555,162.22222222222223,108.0,4224.0,59.91111111111111
classic,2498647909,2498681193,2498734730,2498759204,2498791504,2498814348,2498843067,2498881424,2498904397,2498924384,2498943344,2498951795,0.788827088,10372.112676056338,7162.591549295775,2148.0,1244.112676056338,196.0,4224.0,68.0
frodokem,118524806,101459397,101461972,101460958,101477365,101506467,101526017,101546761,101551134,101530545,101500463,99479583,0.030193571,7968.0,5299.2,836.0,136.0,220.0,4224.0,60.0
frodokem,140012778,140055364,140089093,140145090,140153746,140168896,140182538,140200429,140212572,140227485,140238256,140254259,0.046541205,7935.2,5273.6,811.2,132.0,216.0,4224.0,63.2
ntruprime,61411348,56625657,55754300,53345615,53334756,53321198,53314290,53315512,53282319,53303107,19963119,19932239,0.006343641,7208.0,1792.0,496.0,132.0,108.0,4224.0,52.0
frodokem,65954882,58545730,58567801,58560888,58502539,58493365,58478986,58470680,58464158,58483108,58465245,58153736,0.017820062,7992.0,5376.0,868.0,132.0,216.0,4224.0,64.0
sike,239918730,239925792,239930898,239926013,239907084,239892865,238322823,232049783,224779470,222581784,219656200,219643835,0.067194117,703265.3333333334,1848.888888888889,41325.333333333336,132.0,660.0,8.0,72.0
hqc,324199764,324188379,322677930,289354301,289377870,289221155,289216946,289229166,289234591,289231245,289237811,289039835,0.087044223,7805.0,5288.0,789.0,132.0,108.0,4224.0,56.0
rsa,12885623399,12885632118,12885661951,12885705195,12885775924,12885782498,12885811012,12885833868,12885072435,12885903592,12885936945,12885952628,4.013264117,2944.0,1536.0,236.0,132.0,120.0,1796.0,44.0
ecdh,70154418,70121323,69256737,69186960,62977264,39479285,39438418,39440899,34223826,34208768,30904219,16651112,0.00562535,7144.0,3968.0,248.0,132.0,4.0,4224.0,56.0
kyber,54683970,54353082,54357658,54368493,54382060,54385775,54385533,54393564,54402112,54415298,54423948,54425300,0.016562771,702656.0,1408.0,40848.0,132.0,568.0,8.0,80.0
frodokem,147859957,147872202,147870484,147867312,147883166,147864729,147855100,147597529,147615548,147615528,147472881,147464468,0.047892699,7846.666666666667,4821.333333333333,705.3333333333334,145.33333333333334,220.0,4224.0,60.0
ntruprime,17665260,17704750,17732694,17740995,17747124,17755244,17757651,17761719,17777593,17785477,17798448,17795960,0.005089914,7272.0,3072.0,252.0,132.0,108.0,4224.0,56.0
rsa,1846174808,1841445053,1838598677,1838527190,1836347117,1830274630,1830237584,1824946651,1824921448,1820473539,1800389225,1798927180,0.555772416,2944.0,1536.0,236.0,132.0,120.0,1796.0,44.0
classic,1474820124,1474850041,1474883616,1474899936,1474910428,1474948074,1474966518,1474985038,1475004011,1475016765,1475032843,1475048096,0.452524663,10381.773913043478,7317.147826086956,2145.5304347826086,1256.2434782608696,196.0,4224.0,67.9304347826087
bike,130681993,130693598,105423248,104169154,100067549,93115177,92930859,92911933,92897714,80285781,42523531,42053906,0.013575344,7810.666666666667,4736.0,645.3333333333334,249.33333333333334,108.0,4224.0,56.0
classic,1258183512,1258232038,1258244102,1258262381,1258266275,1258279085,1258301735,1258292693,1258285202,1258314206,1258321300,1258326942,0.387615546,10394.244897959185,6998.857142857143,2148.0,1266.2448979591836,196.0,4224.0,67.9795918367347
hqc,533979956,533995429,534004941,534019672,534060619,534061425,534080511,528950688,528942645,528933508,528012890,527999473,0.163964841,7980.727272727273,5173.454545454545,811.8181818181819,156.72727272727272,143.63636363636363,4116.727272727273,55.81818181818182
bike,72767294,41306123,41303059,44799575,44804849,47368187,48158647,48191133,48198824,52283281,58676145,66862784,0.020285519,7572.0,3456.0,666.0,160.0,108.0,4224.0,56.0
sike,146410316,144503903,140041177,139988486,113425390,113406031,113394637,113380602,113366485,113395480,113409499,113414868,0.034152796,703231.2,1792.0,41291.2,132.0,660.0,8.0,76.0
bike,71711391,71754443,71772493,71394960,56239056,54230438,54202883,51937129,51927053,40421903,40412885,40396594,0.012120463,7892.0,5376.0,832.0,144.0,108.0,4224.0,56.0
rsa,1315265771,1315303136,1315320888,1315336381,1315360131,1315362741,1315393237,1315398536,1315410504,1315419108,1315359360,1303493848,0.40085789,2944.0,1536.0,236.0,132.0,120.0,1796.0,44.0
rsa,7659042641,7658556886,7658609449,7658535405,7656112317,7656105803,7655803805,7655838428,7655856438,7655611754,7655170914,7612778946,2.332692122,2944.0,1536.0,236.0,132.0,120.0,1796.0,44.013745704467354
sike,149744976,149780752,149800834,149829253,149845112,149854855,149862010,149876006,149890359,149900416,149909230,149926772,0.047060939,703238.1818181818,1792.0,41298.181818181816,132.0,660.0,8.0,84.0
hqc,373579704,369450718,369454206,369456532,369455421,369448839,369435207,369423234,369457290,369458651,369459713,358163471,0.10978025,7822.5,5292.0,806.5,132.0,108.0,4224.0,56.0
bike,106428343,81290600,81203188,76304906,76270930,75154551,75144763,41937013,41890644,41875849,41868092,41858616,0.012649231,8108.0,5600.0,799.0,393.0,108.0,4224.0,64.0
frodokem,154300474,150939340,150657012,149535794,147230438,147215540,140778371,114982817,101926384,101897175,96695755,96639717,0.029668802,8036.0,5418.666666666667,892.0,148.0,220.0,4224.0,56.0
hqc,315946644,315931572,315175127,314967606,314963852,304887316,303832629,303819305,303806089,303805747,303805279,303775070,0.091669749,7911.454545454545,5039.636363636364,774.9090909090909,132.0,143.63636363636363,4116.727272727273,59.09090909090909
classic,1243241716,1231747270,1231732345,1230193360,1230193546,1230197162,1230192166,1230186835,1230148971,1230155085,1230110457,1230098160,0.377145885,8968.142857142857,6288.0,1322.0,674.1428571428571,188.0,4224.0,60.0
bike,64490739,64487782,64490073,62672910,62638408,62621926,56465297,56248807,56234682,56127995,54891137,50247180,0.015438436,8004.0,5344.0,692.0,396.0,108.0,4224.0,59.0
rsa,1672202617,1672146823,1672153698,1672170860,1632214729,1632146325,1632141923,1624459744,1624416955,1624404386,1624392717,1624375108,0.524311696,2944.0,1536.0,236.0,132.0,120.0,1796.0,48.0
sike,149492277,149534663,149564595,149595490,149627966,149656616,149673304,149682391,149704639,149717910,149724658,149735375,0.044566697,703308.0,1877.3333333333333,41368.0,132.0,660.0,8.0,76.0
ecdh,49685697,34931713,34870350,34923453,34978494,34983020,34980468,35007171,35042989,35056154,35094356,35113270,0.010652428,7740.0,5504.0,844.0,132.0,4.0,4224.0,56.0
sike,284114044,259163807,257089087,255427766,255428610,248012079,247979184,247222703,247216476,246283265,243689432,243696022,0.080369078,703253.1428571428,1828.5714285714287,41313.142857142855,132.0,660.0,8.0,79.42857142857143
hqc,350490966,350506995,350448304,348744711,316814130,308065580,307366303,305096120,301414488,294108270,294095059,294059854,0.095316057,7805.333333333333,5134.222222222223,806.4444444444445,132.0,108.0,4224.0,56.0
ntruprime,76353372,76385651,76416725,76439057,76449330,76462771,76477532,76500018,76532338,76548184,76636570,76643652,0.024771726,8622.0,2060.0,278.0,132.0,500.0,3044.0,50.0
ntruprime,21634120,21644060,21658774,21694421,21722993,21756812,21766164,21781692,21792686,21811023,21824260,21838061,0.007253369,7208.0,1664.0,496.0,132.0,108.0,4224.0,52.0
ecdh,71931429,55177386,55142832,55128904,55119114,55109096,55120730,30562793,26799868,21069671,19230847,18448621,0.006037863,7438.0,4288.0,542.0,132.0,4.0,4224.0,60.0
kyber,61257754,61232730,61234750,61244329,60791864,55337370,41768503,41716953,41701836,41693874,41685689,41677212,0.013377668,702656.0,1408.0,40848.0,132.0,568.0,8.0,76.0
classic,1998641799,1998675034,1998709107,1998732762,1998742859,1998766082,1998797486,1998815382,1998834958,1998853543,1998857596,1998883361,0.616241626,10382.865671641792,7281.671641791045,2143.820895522388,1259.044776119403,196.0,4224.0,60.0
classic,1236742140,1236764350,1236790922,1236785800,1236802181,1236822388,1236801851,1236821599,1236839028,1236852266,1236865891,1236881740,0.380728863,9786.9375,6768.375,1816.0,951.0,206.875,4187.125,63.6875
ntruprime,63288306,51895633,51883875,51928854,51942428,51952961,51946710,48690134,18073391,18030939,18003830,17972103,0.005779558,540.0,128.0,28.0,132.0,108.0,176.0,36.0
kyber,99658842,99702740,99728780,99739485,99751416,99766687,99787267,99806374,99815043,99825762,99835378,99844206,0.030882024,702912.0,1536.0,41104.0,132.0,568.0,8.0,84.0
ntruprime,37922541,37925338,37931082,37944457,37943312,37942319,37939575,37957814,37970894,37979758,37989724,37997257,0.011534188,7832.0,5248.0,812.0,132.0,108.0,4224.0,60.0
classic,1084845867,1084880948,1084890684,1050087333,1050076148,1049481174,1025519939,1021400892,1012877045,1012867070,1011604879,1011582394,0.311612415,8941.575757575758,6155.636363636364,1315.030303030303,654.5454545454545,188.0,4224.0,60.0
ntruprime,74745181,71951560,61940637,60171039,52727807,52717386,51190097,51198747,51177672,51157354,51147314,17267869,0.00573931,7272.0,4224.0,252.0,132.0,108.0,4224.0,60.0
bike,55450740,55477135,55475858,41181162,41147102,46845347,37806052,37283141,37266604,37079293,33268186,33254521,0.010737334,7904.0,5376.0,824.0,180.0,108.0,4224.0,64.0
ntruprime,73552647,69768973,61330055,60180504,60195210,55370864,52689399,52671595,52671353,52665027,24619331,18568269,0.005898656,7272.0,3456.0,252.0,132.0,108.0,4224.0,52.0
classic,1120129041,1120132519,1120147229,1120145665,1120149024,1120112403,1120113525,1120114406,1082348834,1080755914,1080748164,1079763445,0.339533648,9903.869565217392,7280.695652173913,1840.9130434782608,1086.9565217391305,192.0,4224.0,64.0
classic,2151861682,2151863267,2115391209,2112070664,2112046643,2106720377,2103596378,2103389094,2103405984,2099686028,2093806982,2093400808,0.679227817,10369.69014084507,6814.647887323944,2144.056338028169,1245.6338028169014,196.0,4224.0,63.88732394366197
hqc,629291632,628781948,627693761,614577386,614523712,614518639,614509885,589287635,585989079,585916960,580329023,580309087,0.183599544,7875.030303030303,5321.69696969697,819.030303030303,164.0,108.0,4224.0,56.0
kyber,83034436,83033535,83040166,83044683,83044140,83046003,83049642,44309184,44240287,36966266,36936212,26425525,0.00799343,356314.0,780.0,20576.0,132.0,730.0,936.0,56.0
ecdh,45821600,44173141,38478602,38431600,38435222,34538795,34533758,34521614,34482815,32968732,22797762,17420498,0.00579439,7144.0,4224.0,248.0,132.0,4.0,4224.0,60.0
sike,133729630,133737559,133754104,133763196,133799321,133812941,133343591,133887211,133907011,133918581,133948086,133956276,0.042788305,702966.6666666666,1280.0,41026.666666666664,132.0,660.0,8.0,84.0
bike,64952740,51839385,49196027,49190779,45200236,36853122,35745721,35731165,35721668,31449961,31353049,26748233,0.008612326,7629.333333333333,1970.6666666666667,521.3333333333334,149.33333333333334,369.3333333333333,2897.3333333333335,48.0
classic,1568107882,1544001743,1544001661,1544013115,1543993157,1543991036,1538750658,1538733915,1538739391,1538702732,1538666664,1538750256,0.463835728,10379.857142857143,7092.571428571428,2148.0,1251.857142857143,196.0,4224.0,67.92857142857143
ntruprime,68485081,67443628,31737363,21681705,21655986,21667858,20182641,20643112,20624788,20628072,19654748,19595130,0.005928864,7272.0,3456.0,252.0,132.0,108.0,4224.0,56.0
ecdh,17233945,17254005,17320109,17356474,17402717,17474376,17500198,17527189,17567139,17596834,17613289,17618257,0.005509052,7144.0,4224.0,248.0,132.0,4.0,4224.0,56.0
frodokem,144699201,144726243,144758784,144772299,144785220,144795940,144810633,144821313,144841019,144853745,144868707,144879890,0.04668687,8239.5,4691.0,797.5,132.0,300.5,3929.0,54.5
ntruprime,65471826,59333999,34752316,31933432,22539954,22477008,19807747,19791258,19764607,19754480,19747811,19743404,0.006425417,8902.0,2700.0,558.0,132.0,500.0,3044.0,50.0
ntruprime,48964711,48425895,47592292,46236455,46246834,28224383,17445072,17441964,17445435,17436798,17434637,17423046,0.005297579,7272.0,3456.0,252.0,132.0,108.0,4224.0,60.0
hqc,208418288,208461599,208471866,208479220,208490827,208543740,208556733,208574769,208586206,208597756,208609710,208611817,0.06451642,7973.25,5017.5,791.5,132.0,157.0,4076.5,55.25
ecdh,38494517,33685468,33690114,33688542,32483414,32484075,22173365,22129336,22117436,21005549,20130296,20110962,0.006833117,7732.0,5120.0,836.0,132.0,4.0,4224.0,56.0
rsa,15689029228,15689021563,15689037985,15688545390,15688371775,15688372603,15684221428,15679912383,15651891259,15651861290,15651633194,15651621384,4.961247773,2944.0,1536.0,236.0,132.0,120.0,1796.0,44.0
hqc,345517277,345517246,345509491,345225583,345224564,345220202,345218357,345221632,345223073,345221770,320942256,320904675,0.098511758,7789.090909090909,5154.909090909091,773.0909090909091,132.0,108.0,4224.0,60.0
ecdh,68039879,67488354,67494228,67532663,56227020,52511454,51564305,17843467,17787746,17771162,17756026,17729229,0.005525808,7144.0,3200.0,248.0,132.0,4.0,4224.0,56.0
classic,877371954,877381983,877386493,877389708,877403816,876883464,876875451,873125878,873114876,868190758,868175759,868157119,0.272123292,9861.555555555555,6817.185185185185,1831.1851851851852,1054.3703703703704,192.0,4224.0,63.851851851851855
bike,58585282,58618717,58635849,58559611,48385647,48361679,44238566,41303355,41285731,39470361,39460034,39444832,0.012270845,8584.0,4582.0,700.0,313.0,304.0,3634.0,60.0
frodokem,197780693,197795493,197816463,197835539,197858159,197867953,197881265,197907466,197940273,197951864,197971236,197977057,0.063996284,8176.923076923077,4993.846153846154,846.7692307692307,138.76923076923077,271.6923076923077,4042.4615384615386,58.46153846153846
ntruprime,31547968,31552848,31554241,31568004,31576317,31571387,31567667,31570890,31575216,31576247,31625984,31624394,0.009836658,7832.0,5120.0,812.0,132.0,108.0,4224.0,60.0
kyber,22447808,22473212,22464209,22475585,22470135,22482388,22496057,22507532,22523281,22536019,22544694,22545645,0.007052642,356314.0,780.0,20576.0,132.0,730.0,936.0,60.0
rsa,759981543,759978553,759975493,759976023,757004839,754056184,754032970,752239877,752231908,752265517,722584352,709820136,0.221946964,2944.0,1536.0,236.0,132.0,120.0,1796.0,48.0
hqc,314619851,301786220,301765083,301765988,301809424,301806231,301807598,301802423,295991833,295980913,295509999,293107243,0.087175504,7513.5,5141.333333333333,789.6666666666666,126.66666666666667,103.5,4048.0,54.166666666666664
kyber,74803293,74824414,74836236,74857610,74889866,74899977,74915397,74929971,74954193,74980221,75001898,75014704,0.023805142,702784.0,1408.0,40976.0,132.0,568.0,8.0,80.0
rsa,1545633116,1545670029,1545684934,1545692272,1545718009,1545735940,1545750301,1545769603,1545784516,1545826598,1545866421,1545883813,0.471772939,3048.89552238806,1536.358208955224,237.01492537313433,132.0,131.52238805970148,1797.0149253731342,44.059701492537314
hqc,228392222,199257662,199234290,199226131,193890483,193037544,191632171,191596000,191575387,191561073,190878509,191212228,0.064046157,7840.0,5350.4,824.0,132.0,108.0,4224.0,52.0
kyber,125307751,125359509,125343663,125329840,125299362,125073509,92586966,53009496,52948865,52902458,52871438,43553329,0.013213141,356314.0,780.0,20576.0,132.0,730.0,936.0,60.0
classic,1163863489,1163635754,1162822621,1162327356,1159925203,1159869181,1159911006,1148213681,1117538226,1117509097,1116330909,1114576096,0.34054451,8999.0,6206.470588235294,1316.8823529411766,672.4117647058823,198.35294117647058,4189.294117647059,67.82352941176471
rsa,6600186812,6588668491,6588688710,6587710770,6587718879,6587724475,6587719065,6586291599,6585677932,6580610369,6580428421,6580000331,2.065517909,2965.6913580246915,1536.0740740740741,236.20987654320987,132.0,122.38271604938272,1796.20987654321,44.02469135802469
sike,542798417,542821388,542866028,542879273,542890507,542933833,542979230,542989298,543015525,543029779,543054424,543065341,0.168806733,703052.0,1920.0,41112.0,132.0,660.0,8.0,80.0
ntruprime,69298033,69275928,69542165,56871589,54628653,51524347,51481374,47652880,47791958,47784058,47778254,18765278,0.005848908,9972.0,1688.0,304.0,132.0,892.0,1864.0,48.0
kyber,40166543,40182666,40190429,40206657,40221055,40229973,40239485,40256689,40274449,40292572,40299491,40305171,0.012126663,702656.0,1408.0,40848.0,132.0,568.0,8.0,72.0
ecdh,30976389,31014824,31042316,31061564,31069559,31084606,31096732,31118157,31117287,31127852,31137852,31141017,0.010133159,7580.0,5376.0,684.0,132.0,4.0,4224.0,60.0
hqc,335681921,335438766,334703531,334708650,324469690,313673413,313213847,300359291,300322901,288688138,288660270,288639725,0.091690544,7900.461538461538,5116.0,782.4615384615385,132.0,138.15384615384616,4133.2307692307695,55.38461538461539
bike,123967183,123765724,120687127,120665680,102814318,99775870,90249300,90211677,40514642,40471926,40457132,38681941,0.01242111,6718.4,4659.2,676.8,413.6,108.0,3414.4,52.0
kyber,90094367,88957819,88854308,88857872,88797398,88355774,88348735,88344669,88334666,77183010,77151695,39769706,0.012394933,356314.0,780.0,20576.0,132.0,730.0,936.0,60.0
kyber,58123962,58130085,58138144,58142222,58148427,58149430,58147132,58156114,21470128,21477507,21471174,21458928,0.00691718,702656.0,1408.0,40848.0,132.0,568.0,8.0,76.0
bike,27700350,27717540,27158519,27163107,27168625,27177463,27159246,27147806,27141169,27142246,27153633,27154651,0.008752368,7724.0,4992.0,692.0,132.0,108.0,4224.0,60.0
frodokem,95417484,95411181,95112557,95141666,94741597,94753408,89494248,73831315,73790293,73738154,73746194,73710905,0.022315906,8033.333333333333,5418.666666666667,892.0,145.33333333333334,220.0,4224.0,60.0
bike,79392204,79419207,79415122,79402296,79398841,79143103,77934083,69230711,44849959,44811543,44794595,39462712,0.012539539,7814.666666666667,4906.666666666667,645.3333333333334,253.33333333333334,108.0,4224.0,56.0
bike,91721796,91687748,91691421,91684009,91691148,91701494,79803228,41183026,41150096,41128357,41122104,41124909,0.012474762,8508.0,3165.3333333333335,469.3333333333333,249.33333333333334,369.3333333333333,3437.3333333333335,52.0
rsa,2748106224,2748099273,2748097694,2748083820,2747856604,2715409559,2715316966,2715299057,2704812733,2702883601,2698288940,2698249680,0.823543968,3066.2260869565216,1509.7043478260869,237.18260869565216,132.0,133.42608695652174,1797.182608695652,47.93043478260869
ntruprime,17047062,17083918,17091081,17113032,17129969,17139217,17151052,17167138,17207340,17220161,17228437,17231060,0.005388585,7832.0,5248.0,812.0,132.0,108.0,4224.0,52.0
bike,85912310,85937675,85955782,85949352,85940359,85969744,85987091,86004958,86030264,86043360,86075457,86079261,0.026443141,8070.666666666667,5546.666666666667,788.0,366.6666666666667,108.0,4224.0,56.0
rsa,5750764199,5721244833,5720588846,5720589536,5710034725,5709935474,5709907534,5709897677,5709878586,5709873954,5709057365,5709882618,1.741537754,2944.0,1536.0,236.0,132.0,120.0,1796.0,44.0
ecdh,72983661,72998691,72984390,66271154,58460366,58463136,58460336,33765860,33741478,33734754,33731092,33723965,0.010330816,8285.333333333334,3037.3333333333335,465.3333333333333,132.0,300.0,3437.3333333333335,52.0
rsa,5495688147,5495742499,5495779001,5495794418,5495810013,5495814469,5495841843,5495861143,5495883363,5495897932,5495918079,5495929172,1.692857971,2944.0,1536.0,236.0,132.0,120.0,1796.0,44.0
rsa,659830425,659840570,653445366,653429011,652993876,653436341,653429205,651977451,651961000,649386260,637987961,614071861,0.202544841,2944.0,1536.0,236.0,132.0,120.0,1796.0,44.0
rsa,2319806633,2319770297,2319776372,2319752344,2278793826,2278758975,2278744064,2278730731,2278734287,2278731870,2278727814,2278716941,0.703022752,2944.0,1536.0,236.0,132.0,120.0,1796.0,40.0
sike,749295626,746002480,745859576,745852360,745861066,746669437,746659950,746654447,730727432,725428740,725425399,725407554,0.228531607,703032.3076923077,1870.7692307692307,41092.307692307695,132.0,660.0,8.0,79.6923076923077
bike,73310573,73316539,73318554,73319141,73340596,73360748,73363089,73361130,55113883,55070146,42457686,42415660,0.013268196,8485.333333333334,2610.6666666666665,428.0,248.0,369.3333333333333,3437.3333333333335,58.666666666666664
frodokem,111114741,111118436,111122645,63385040,63373854,51149967,48640204,48568499,48546753,48534235,48521542,47013238,0.015175027,7912.0,5101.714285714285,788.0,132.0,216.0,4224.0,60.0
ntruprime,77356583,76391287,76393957,76399267,76411969,76395787,26907732,26862886,26809352,26313254,22539036,19923539,0.005964767,7832.0,5248.0,812.0,132.0,108.0,4224.0,60.0
kyber,96617939,96637781,96672320,96681486,44977312,44941222,44918831,38340643,32966074,32605272,32602393,32105776,0.009925476,702656.0,1408.0,40848.0,132.0,568.0,8.0,76.0
bike,71171193,71196336,69245683,68985813,68977706,68966548,68962687,58374639,58347361,43334170,43272241,39362212,0.012780604,8018.666666666667,5312.0,738.6666666666666,364.0,108.0,4224.0,56.0
ecdh,73094773,73126760,40761262,40767151,40791720,40799025,26252408,26188667,26173425,25602557,22504185,20987355,0.006551684,7144.0,4096.0,248.0,132.0,4.0,4224.0,60.0
ntruprime,32511796,32535441,32575538,32576542,32575791,32578803,31435058,62382636,61303502,61264769,60707436,60464415,0.019195704,7272.0,3072.0,252.0,132.0,108.0,4224.0,60.0
kyber,91040803,85511268,85483079,84971518,80325330,78844115,78821697,78812808,52021848,50963815,49663856,49640657,0.015684492,702656.0,1408.0,40848.0,132.0,568.0,8.0,76.0
kyber,61572398,61591668,61621642,61639640,61655552,61678510,61707856,61738243,61770063,61808038,61828504,61841340,0.01913534,702656.0,1408.0,40848.0,132.0,568.0,8.0,84.0
bike,47417889,47472504,47495640,47509324,47520589,49043153,49056720,49058745,49066950,49085001,49100112,49121911,0.016462397,7296.0,4224.0,264.0,132.0,108.0,4224.0,56.0
ecdh,68323404,68336285,68333667,68341786,30953358,30887338,30872625,30856673,30840205,18019625,17509950,17472252,0.005253597,7144.0,3328.0,248.0,132.0,4.0,4224.0,56.0
bike,53610288,41619458,41595078,41597929,41633738,41661999,41658158,41660349,41658480,41657890,41672095,41596337,0.012511825,8228.0,5760.0,832.0,480.0,108.0,4224.0,60.0
bike,76541593,76580179,76610668,76640947,76669301,76691382,76713995,76749317,76785101,76803333,76830228,76846047,0.024065565,7740.0,5120.0,682.0,158.0,108.0,4224.0,64.0
frodokem,161192857,161210491,161248063,161295994,161350114,161374195,160712880,138507521,112165104,107675061,106700134,95668162,0.029215072,8031.0,5408.0,892.0,143.0,220.0,4224.0,64.0
classic,1888365987,1888192861,1888174158,1888178387,1888171566,1888167519,1888161186,1888151464,1888186907,1839512318,1839488447,1839459141,0.55551996,10388.080808080807,7067.393939393939,2129.373737373737,1252.888888888889,203.03030303030303,4200.161616161616,59.7979797979798
rsa,1061036523,1061094050,1061149966,1060951854,1060979892,1039006898,1036305268,1036279036,1033897093,1033866439,1029364013,1029330741,0.315512853,2944.0,1536.0,236.0,132.0,120.0,1796.0,44.0
classic,1475358634,1473701883,1473714638,1472957482,1471919868,1451414991,1450099116,1450083022,1443162432,1442274898,1442249573,1442238187,0.459593635,10397.869565217392,7120.347826086957,2148.0,1269.8695652173913,196.0,4224.0,63.97826086956522
kyber,58899139,43255844,43219121,40069797,39339001,36446801,36413088,36385838,36350776,33507470,31301194,31264244,0.009757553,702656.0,1408.0,40848.0,132.0,568.0,8.0,80.0
bike,105574208,105606513,105603542,105603661,105605355,105610586,105619905,55963028,55919707,40331367,40279731,40202322,0.012971442,8073.333333333333,5504.0,788.0,369.3333333333333,108.0,4224.0,60.0
classic,1333631793,1333707171,1295174712,1295147940,1295097929,1295078896,1295072343,1294611560,1294428126,1245420982,1235836805,1235783056,0.383966338,8998.166666666666,6078.333333333333,1277.5,641.8333333333334,217.33333333333334,4125.666666666667,59.333333333333336
ntruprime,18261302,18313104,18311545,18333473,18318162,18334420,18346405,18378048,18381922,18386416,18402355,18398801,0.005934422,8729.0,2284.0,385.0,132.0,500.0,3044.0,55.0
hqc,614462528,612070155,609685927,574799955,572058154,570614462,570603393,565351077,565332660,565325029,565312400,565292530,0.175610266,7896.0,5376.0,836.0,168.0,108.0,4224.0,56.0
sike,404552569,404573333,404585458,404602625,404615048,404626336,404634146,404643171,404647139,404658710,404667226,404672865,0.132180078,703042.8571428572,1874.2857142857142,41102.857142857145,132.0,660.0,8.0,76.0
sike,196489911,195243388,197263169,197253710,195638794,195602203,195589629,195571325,195551816,189891545,189523987,183737910,0.057102716,703234.8571428572,1828.5714285714287,41294.857142857145,132.0,660.0,8.0,80.0
ecdh,81304065,47527881,47509820,47555360,47518090,47514447,47506564,47505949,47515281,47512224,34900461,33835020,0.010248617,8184.0,3910.0,595.0,132.0,226.0,3634.0,54.0
bike,82499841,82534538,82580763,82672569,82519997,82413375,79886357,79888333,77873811,29192683,29145519,26952613,0.007922483,8634.0,2060.0,284.0,132.0,500.0,3044.0,52.0
ntruprime,67453962,67461955,67448896,67449739,67440020,66673860,61086467,61080309,61092063,61061210,17847681,17789781,0.005499954,5936.0,1800.0,372.0,89.33333333333333,333.3333333333333,2029.3333333333333,36.0
hqc,645755490,645761164,645565610,641799952,641791395,641788527,641777998,633435425,594839335,594808542,582245700,582214486,0.180867873,8022.0,4879.428571428572,773.5714285714286,165.42857142857142,164.0,4055.4285714285716,58.285714285714285
bike,76023770,71719110,71735046,61913397,45954877,45931755,45925947,45925421,45911022,45901823,45900578,43937647,0.013229225,8232.0,5760.0,832.0,484.0,108.0,4224.0,60.0
bike,76452496,52054964,49985788,49966652,49950630,39491219,38975640,38960273,37963538,37982056,38000974,37773031,0.011575759,8080.0,5418.666666666667,738.6666666666666,425.3333333333333,108.0,4224.0,66.66666666666667
rsa,1610987636,1610997497,1611048371,1611064765,1611081913,1611104296,1611127996,1611145752,1611163759,1611184827,1610740940,1610010298,0.502871885,2944.0,1536.0,236.0,132.0,120.0,1796.0,48.0
sike,180571959,180571626,172758496,172719386,166507226,166475000,166281830,166264698,130208491,129725880,129728817,117637700,0.036334138,703026.4,1843.2,41086.4,132.0,660.0,8.0,72.0
classic,1514683161,1514704719,1514791677,1502451504,1477052930,1477047900,1477031957,1477021296,1477007720,1477026878,1477102433,1477104327,0.453989225,9929.725490196079,6787.450980392156,1783.6078431372548,1069.7254901960785,219.45098039215685,4131.450980392156,63.21568627450981
rsa,10095021235,10095037223,10095065774,10095111709,10095142151,10095147893,10095180896,10095198073,10095234138,10095246684,10095263311,10095266064,3.236989181,3010.301886792453,1522.9433962264152,236.64150943396226,132.0,127.28301886792453,1796.6415094339623,43.9622641509434
rsa,2003048247,2003070746,1952575340,1952254268,1951628420,1951618077,1940560362,1940505563,1940479740,1940466266,1940499332,1940458789,0.59574301,2944.0,1536.0,236.0,132.0,120.0,1796.0,48.0
bike,89594725,89624034,89656071,89661427,86093550,40804256,40022587,40011450,39998434,39984211,39948526,39925475,0.01210253,7990.0,5440.0,766.0,308.0,108.0,4224.0,56.0
classic,1839288133,1839327198,1835772340,1835766857,1835766472,1835329342,1835330249,1834084129,1834080140,1834112671,1834113923,1834108725,0.547860924,8969.904761904761,6253.714285714285,1332.0,665.9047619047619,188.0,4224.0,60.0
sike,222330997,185347961,184726039,184710278,183407926,183382354,183360862,172497571,172422891,172081301,172085166,160224308,0.051783257,645487.3333333334,1804.6666666666667,37903.333333333336,132.0,679.3333333333334,162.66666666666666,77.33333333333333
sike,773771161,773799241,773826244,773403950,773405076,773406198,773409725,741216812,723799988,723764296,723744738,723722558,0.222484919,703308.0,1912.986301369863,41368.0,132.0,660.0,8.0,84.0
rsa,893732568,893754216,893771463,893398355,893418001,886032996,886006382,884831295,884840558,884848009,883080506,883071158,0.271372114,2944.0,1536.0,236.0,132.0,120.0,1796.0,44.0
ecdh,90039303,89444874,88577381,86942416,85805470,85799626,78707221,66020914,65686089,63603229,53828340,16685646,0.005368375,7736.0,5632.0,840.0,132.0,4.0,4224.0,60.0
kyber,101709952,101705708,101718082,101733112,77727978,41270921,35301462,35263051,35254465,35260867,35280012,35265609,0.011020874,702656.0,1408.0,40848.0,132.0,568.0,8.0,84.0
kyber,48434664,47129133,47140568,47137652,44154226,44136592,43347849,36456419,30396011,30373348,30357332,30340784,0.009918602,702656.0,1408.0,40848.0,132.0,568.0,8.0,72.0
frodokem,165370807,165403705,131958971,131866248,131855588,131855415,131839423,131813299,131811208,125435267,125235204,125013119,0.038081436,8026.666666666667,5397.333333333333,892.0,138.66666666666666,220.0,4224.0,56.0
rsa,2746852984,2746877154,2746909380,2746934634,2746972772,2746990110,2747019315,2747039179,2747056406,2747088887,2747108442,2747131647,0.902679717,2944.0,1536.0,236.0,132.0,120.0,1796.0,48.0
sike,166833963,163670106,161140271,161146198,161136793,141822688,139979377,139955935,139935273,139941863,139957223,139939940,0.045234697,703265.3333333334,1856.0,41325.333333333336,132.0,660.0,8.0,72.0
kyber,78199228,78229089,78242580,78259542,78274866,78283358,78737198,78756260,78772197,78784662,78797406,78805132,0.025527733,702741.3333333334,1408.0,40933.333333333336,132.0,568.0,8.0,72.0
frodokem,105820458,105942020,91337564,66794695,66855686,66856444,66840523,66901241,66857377,66867852,66869395,66593463,0.020096942,7805.333333333333,4736.0,681.3333333333334,132.0,216.0,4224.0,58.666666666666664
ntruprime,17923849,17983288,17995102,18021425,18076969,18136238,18151137,18151961,18148309,18154070,18169637,18180747,0.005689455,7272.0,3456.0,252.0,132.0,108.0,4224.0,56.0
hqc,559503041,559557504,559575645,559591510,559616487,559634431,559653391,559668631,559675391,559691713,559694496,559710564,0.170368696,7937.0,5198.888888888889,805.6666666666666,165.88888888888889,129.77777777777777,4158.444444444444,59.333333333333336
hqc,636176950,624769054,598388177,598376002,598369141,598359993,598357399,598312925,598280362,598250880,598247463,598244598,0.182810248,7625.333333333333,5186.37037037037,807.2592592592592,164.59259259259258,108.0,4074.074074074074,59.111111111111114
hqc,558645817,558638709,558644000,558641858,558158874,558148854,558141009,558140332,557832865,553939994,551525448,544634222,0.162218749,7860.0,5276.444444444444,804.8888888888889,163.11111111111111,108.0,4224.0,56.0
bike,38859593,38884380,38898041,38922994,38932962,38934905,38946538,38963285,38970543,38978330,38978448,38984390,0.012596973,8111.0,5600.0,799.0,396.0,108.0,4224.0,56.0
frodokem,149095561,143635873,118939479,118908945,118898601,118903038,118894342,114367793,112705276,112684635,112674203,99619803,0.030630426,8034.666666666667,5418.666666666667,892.0,146.66666666666666,220.0,4224.0,56.0
sike,146879128,144027361,143584176,140260914,137192778,129820512,128172849,128160525,128115369,128101398,128090475,128086689,0.038863221,703234.8571428572,1828.5714285714287,41294.857142857145,132.0,660.0,8.0,80.0
ecdh,53734474,53764727,53796408,53813076,53833560,53857739,53872916,53905114,53924150,53941553,54036226,54047561,0.017773771,7144.0,4352.0,248.0,132.0,4.0,4224.0,60.0
classic,1010704041,1007850544,1007850711,1005772104,1005774926,1005466126,1005460853,1005448097,998537156,998550071,998534787,994988151,0.300792529,9925.2,6525.4,1805.5,1079.7,209.5,4165.0,63.4
rsa,3167543694,3167570772,3167594899,3167663116,3167686972,3167695442,3167705229,3167688755,3167694908,3167724439,3167741287,3167756507,0.963117963,2944.0,1536.0,236.0,132.0,120.0,1796.0,44.0
kyber,58018946,58027535,58019301,58022162,58035186,58037827,58060939,58071143,58074629,58082704,58101306,58091995,0.018907841,702656.0,1408.0,40848.0,132.0,568.0,8.0,72.0
bike,41226918,41228797,41210871,41233955,41263580,41303512,41329237,41327345,41337083,41348661,41357603,41399218,0.012200808,7977.6,5248.0,720.0,341.6,108.0,4224.0,56.0
ntruprime,30306151,30329203,30362941,30380929,30391841,30395258,30400496,30412375,30427701,30380132,30388505,30374791,0.009704965,7272.0,3712.0,252.0,132.0,108.0,4224.0,60.0
kyber,70777770,62439445,62352466,62343754,36990862,36953683,33324167,33308915,33295252,33285921,33274118,33260964,0.010453763,702656.0,1408.0,40848.0,132.0,568.0,8.0,80.0
kyber,98551308,98571460,98599526,98612671,98615660,98625632,98635254,98638463,98654268,98663774,98677820,98700464,0.029937123,356314.0,780.0,20576.0,132.0,730.0,936.0,58.0
frodokem,135714747,135501533,86409754,86370521,86359810,85707956,85698954,73615847,72611058,66635182,66604332,63458517,0.019188163,7992.0,5376.0,868.0,132.0,216.0,4224.0,56.0
ecdh,75959148,75937244,64834768,64789470,57852286,57820988,57776692,44185246,44089193,44061059,44043334,34305410,0.011436613,7588.0,5290.666666666667,692.0,132.0,4.0,4224.0,62.666666666666664
hqc,416281095,416288334,420051216,378753395,378746094,378732905,378727897,378707569,380506739,380501567,380513800,372817734,0.113071119,7817.6,5288.96,801.6,132.0,108.0,4224.0,52.0
rsa,4252481640,4252545804,4252573524,4237205343,4237113827,4237100015,4234653145,4234641618,4234651224,4234651182,4234654590,4234644426,1.299216364,2974.5565217391304,1529.982608695652,236.29565217391306,132.0,123.35652173913043,1796.2956521739131,43.982608695652175
rsa,905124966,905103091,902855808,902809690,897122147,897009754,897031207,897052192,897043820,897030174,897023950,896987471,0.277167503,2944.0,1536.0,236.0,132.0,120.0,1796.0,44.0
hqc,233227869,231389974,231426821,230815990,230811224,220217935,220196538,220170751,220164999,220167355,220159366,220161147,0.066587428,7834.72,5345.28,818.72,132.0,108.0,4224.0,56.0
hqc,635739988,633124485,632494348,613613153,613583439,609617063,609619870,601562165,601131271,597379483,594315384,594291084,0.186697869,7888.888888888889,5376.0,836.0,160.88888888888889,108.0,4224.0,56.0
kyber,113202043,113190792,65955431,65892973,65846202,65833907,65798757,65819386,53330613,51697223,48520391,48493088,0.014954315,702656.0,1408.0,40848.0,132.0,568.0,8.0,80.0
ntruprime,67897109,67846044,56075595,55376760,44011511,41645018,40723671,40075141,40054706,33118632,33105311,19677328,0.006533973,7552.0,4032.0,532.0,132.0,108.0,4224.0,58.0
rsa,16697466162,16697480216,16697532783,16697560930,16697592064,16697613099,16697650976,16697645887,16697691658,16697709073,16697716375,16697690751,5.21502283,2944.0,1536.0,236.0,132.0,120.0,1796.0,44.0
bike,87497125,87457136,86778478,86727585,86719976,81322081,81233165,81219417,77312674,77006523,38743908,38681081,0.012253574,8664.0,4710.0,700.0,393.0,304.0,3634.0,58.0
classic,955328986,955185517,955434542,955461873,955484595,955504549,955528551,955553295,955596532,955635812,955658034,955676307,0.300965569,8950.666666666666,6200.888888888889,1311.2592592592594,667.4074074074074,188.0,4224.0,64.0
kyber,99948065,99545339,98937814,97533060,95431249,95420332,63586630,56234776,55924004,55895213,54278067,53465771,0.01717162,702656.0,1408.0,40848.0,132.0,568.0,8.0,80.0
frodokem,120533644,120553702,120570434,120578701,120600700,120606163,120618277,120634451,120648561,120666286,120690024,120702127,0.037527317,7992.0,5312.0,868.0,132.0,216.0,4224.0,56.0
bike,53082168,53109002,47776127,44477956,44476095,37927831,36207451,32450459,27192080,27168141,27165176,26919508,0.007912456,7296.0,3584.0,264.0,132.0,108.0,4224.0,56.0
kyber,73155486,73186232,73198891,73204083,73219394,73239656,73262547,73284931,73308205,73326676,73342931,73360794,0.023583758,702656.0,1024.0,40848.0,132.0,568.0,8.0,80.0
sike,556712764,556731459,556734258,520165807,520139019,520129025,520113875,520102182,520089454,508203330,508219574,508217663,0.165581814,693810.2465753425,1894.027397260274,40805.479452054795,132.0,663.1780821917808,33.42465753424658,83.3972602739726
ecdh,82334519,78739989,74099392,67401054,67397385,38241556,38232783,38222872,38222922,38198425,38190191,33350810,0.010423098,8856.0,2828.0,574.0,132.0,448.0,3044.0,50.0
frodokem,96130555,73328131,73291482,73260670,73226034,67070663,63794964,63757290,54891104,54864022,54848925,54115203,0.017474989,7880.0,4864.0,756.0,132.0,216.0,4224.0,60.0
kyber,60736423,60787827,60784006,60789127,49463367,49438982,49428585,49422626,49416060,49384098,49373110,49359789,0.014904124,702656.0,1408.0,40848.0,132.0,568.0,8.0,80.0
sike,488997641,488036458,480212163,479798411,476467729,456718703,456672250,456682089,456672138,456651943,456635535,456623615,0.143456937,682282.303030303,1835.3939393939395,40108.121212121216,132.0,667.030303030303,64.24242424242425,78.9090909090909
kyber,82272298,82261597,82276291,82291953,82286607,82291093,82294479,82294687,82302459,82311192,82321230,82329431,0.025539055,702784.0,1408.0,40976.0,132.0,568.0,8.0,80.0
sike,788079145,788065437,787756888,787732464,787715750,761490887,761451051,761449791,761427022,761250025,761234081,743729548,0.231223023,682297.8181818182,1889.6969696969697,40123.63636363636,132.0,667.030303030303,64.24242424242425,79.15151515151516
sike,118311093,118329559,118348464,118371532,118397519,118410361,118429713,118445663,118460555,118489273,118529157,118539050,0.038320305,703308.0,1920.0,41368.0,132.0,660.0,8.0,76.0
ntruprime,16650335,16656823,16671333,16693730,16706346,16710901,16714795,16732051,16744270,16755493,16761966,16759406,0.005481761,8590.0,1036.0,218.0,132.0,500.0,3044.0,48.0
kyber,81700874,72728945,72738702,72740365,72736314,72734113,72743386,72726189,33467913,33416572,33387381,33364690,0.010496058,240866.66666666666,642.6666666666666,13818.666666666666,132.0,784.0,1245.3333333333333,53.333333333333336
frodokem,156647735,156677128,156705213,156725806,156759172,156772596,156848373,156864944,156878217,156898327,156926921,156944179,0.048739814,7971.636363636364,5166.545454545455,829.0909090909091,146.54545454545453,220.0,4224.0,55.63636363636363
rsa,22678596065,22676637016,22676625376,22676618228,22676615048,22664810852,22664194742,22663564632,22663580680,22663532549,22663524292,22663473484,7.020165563,2972.6857142857143,1530.3510204081633,236.27755102040817,132.0,123.15102040816326,1796.277551020408,47.96734693877551
sike,618942535,618946687,618930256,615500677,615500177,614625809,614613100,614607980,614602512,614598715,614596216,614599762,0.185033287,690445.8909090909,1871.5636363636363,40365.38181818182,132.0,664.2181818181818,41.74545454545454,83.27272727272727
ecdh,70858169,68806248,62834879,56774489,56756977,56705699,56681064,56667438,56664845,56673086,31020237,18633747,0.006004356,7144.0,3456.0,248.0,132.0,4.0,4224.0,56.0
bike,97569372,97599144,97605854,97597435,97597441,56699781,53172157,43684325,41867770,41286955,41266884,41237962,0.012692013,8508.0,2994.6666666666665,469.3333333333333,249.33333333333334,369.3333333333333,3437.3333333333335,53.333333333333336
rsa,4361164359,4361145953,4361146700,4361124831,4361182117,4361184679,4349868873,4348118783,4347946708,4343987076,4343395723,4343377475,1.332311702,2944.0,1536.0,236.0,132.0,120.0,1796.0,44.0
ecdh,64807228,64836218,58080521,58047444,58045155,46270703,44578181,44550996,44514086,22540099,19777222,19733801,0.006561454,7144.0,3328.0,248.0,132.0,4.0,4224.0,56.0
hqc,353314138,353332316,353371827,353412468,353432246,353449470,353464376,353479025,353491965,353505325,353514059,353520518,0.105970136,7840.0,5345.28,824.0,132.0,108.0,4224.0,56.0
frodokem,142101088,133312793,133271904,133307721,133305527,132532541,114242531,114253966,114228793,111043445,111051238,111047781,0.033783279,8030.666666666667,5418.666666666667,892.0,142.66666666666666,220.0,4224.0,60.0
kyber,88113122,88088255,71324571,71101191,77943306,74420736,74405810,73350328,73298717,73825360,73808528,77531289,0.023691513,9972.0,792.0,304.0,132.0,892.0,1864.0,50.0
sike,546887091,546898429,546919783,546931417,546589957,547000726,547022558,547039401,547054182,547071768,547081593,547069023,0.175004769,703308.0,1669.5652173913043,41368.0,132.0,660.0,8.0,80.0
sike,203803265,167437006,167395574,167374615,167377349,167360395,154967480,153042864,153012664,152992737,151137124,150674581,0.045746901,703023.5555555555,1834.6666666666667,41083.555555555555,132.0,660.0,8.0,76.0
frodokem,159080671,158855992,158851886,158742589,158753255,158784854,158772996,123304151,123285546,123187930,115464639,98298192,0.030135566,7902.0,4832.0,752.0,154.0,220.0,4224.0,56.0
kyber,77124912,77135246,77157827,77174771,77165203,77168506,77174913,77180539,77190317,77195998,77214920,77213457,0.023963263,702656.0,1408.0,40848.0,132.0,568.0,8.0,72.0
ecdh,68860871,68844769,68865215,68863503,72426775,56736118,53675543,48562198,46397770,22739795,22721864,22703549,0.00685871,7144.0,4224.0,248.0,132.0,4.0,4224.0,56.0
ecdh,90733070,64832525,64837320,64840063,64854770,64629096,64636354,63112201,38241265,38171385,38165303,38150380,0.011220782,152.0,0.0,8.0,132.0,0.0,4.0,24.0
sike,596354763,596093964,596098976,595005247,594701512,594412475,594350602,570224414,558347622,549927816,549895190,549879451,0.181178114,675328.8,1846.72,39479.68,132.0,669.28,82.24,70.72
classic,1355611758,1354507737,1354181293,1354185957,1354027131,1354050657,1354050438,1349664492,1349615713,1310680693,1310650061,1310673910,0.405289001,10360.430769230768,7106.953846153846,2139.3846153846152,1241.0461538461539,196.0,4224.0,63.87692307692308
frodokem,107277704,107296176,107324711,107340491,107358691,107380611,107399761,107413343,107469436,107522029,107537518,107546603,0.033443107,7852.0,4928.0,728.0,132.0,216.0,4224.0,59.0
sike,768923176,768989653,769035973,769089907,769136193,769157488,769183514,769202658,769222818,769247703,769268267,769280483,0.243963497,703036.0,1856.0,41096.0,132.0,660.0,8.0,84.0
classic,1906157095,1899882257,1899286221,1897838693,1897846384,1893271539,1878049408,1878026536,1878039190,1878043194,1878047516,1878042442,0.589840143,10321.152542372882,6787.796610169492,2013.4915254237287,1154.3728813559321,243.1864406779661,4064.0,58.440677966101696
rsa,596588575,596570244,601929689,601640944,580003250,577515064,572462980,571930778,571916419,567986382,565015546,555711149,0.171826434,2944.0,1536.0,236.0,132.0,120.0,1796.0,44.0
kyber,134565494,131222349,131267946,131297335,123445310,87257688,87117615,87102303,83256620,83200428,83200666,83174180,0.027559449,702656.0,1408.0,40848.0,132.0,568.0,8.0,76.0
kyber,50434606,50446919,50460132,50482533,50478750,50484711,50507899,50511306,50521380,50518718,50526843,50527896,0.015716334,702784.0,1408.0,40976.0,132.0,568.0,8.0,80.0
frodokem,103723478,103693189,101659464,101671704,101647773,101644413,100560163,80957386,80980887,80967208,80958052,80975607,0.024896321,8382.181818181818,4449.454545454545,785.0909090909091,139.27272727272728,342.1818181818182,3794.909090909091,53.09090909090909
ntruprime,29152801,29152469,29155640,29168075,29161981,29144086,29160680,29177122,29209267,29247495,29272898,29270780,0.009454855,7548.0,4864.0,528.0,132.0,108.0,4224.0,56.0
ntruprime,65245443,65267036,51496432,51453164,51410516,51416135,51388929,40892241,51635833,49561179,49562157,49560102,0.015328691,7140.0,2560.0,120.0,132.0,108.0,4224.0,56.0
sike,224904499,224865570,224861591,224846316,224843456,224832035,224827704,224826515,224832125,224858869,218669658,218628814,0.06619679,653747.4285714285,1857.7142857142858,38398.28571428572,132.0,676.5714285714286,140.57142857142858,78.28571428571429
bike,81469619,81079326,81080150,66798674,27847283,27818704,27809974,26375343,26354039,26344341,26334677,26327598,0.008224793,7904.0,5376.0,824.0,180.0,108.0,4224.0,60.0
rsa,616597587,616550210,616475349,616452507,616446279,616419111,616397574,616341284,616327776,616308581,616297731,616300977,0.199253996,2944.0,1536.0,236.0,132.0,120.0,1796.0,44.0
hqc,356588950,356585800,355837108,355847545,353625012,353210956,353118091,353122128,351368584,351126724,351126771,331894623,0.099350969,7911.076923076923,5130.7692307692305,793.0769230769231,132.0,138.15384615384616,4133.2307692307695,55.38461538461539
hqc,397909991,397932376,397962595,397973676,397987383,398000597,398013283,398027428,398067397,398081384,398106097,398116425,0.124016132,7955.454545454545,5074.545454545455,786.3636363636364,156.9090909090909,143.63636363636363,4116.727272727273,55.27272727272727
bike,53998244,54004024,53894275,53877914,53873778,44449068,44417250,44138008,43922830,43908933,27421679,27411103,0.008301757,7296.0,3584.0,264.0,132.0,108.0,4224.0,56.0
hqc,403892914,403899336,403683580,403677157,398447465,393760384,345970916,343101188,343076719,334148744,325607592,325569459,0.100433706,7840.0,5376.0,824.0,132.0,108.0,4224.0,60.0
frodokem,124279695,86708829,86692477,86704372,86704807,86702488,60691455,60650679,60642830,57749888,57710553,57671224,0.017050688,7805.333333333333,4949.333333333333,681.3333333333334,132.0,216.0,4224.0,60.0
hqc,709650685,701121776,701113542,693238889,668576902,661862624,661822783,661790847,661766862,648531075,647354525,647286731,0.197501801,7892.521739130435,5376.0,836.0,164.52173913043478,108.0,4224.0,56.0
bike,35971669,35965014,35796619,28965389,26647609,26651829,26632855,26617297,26600615,26585414,25844016,25862369,0.008250909,7604.0,4480.0,544.0,160.0,108.0,4224.0,56.0
ntruprime,19209486,19237693,19259685,19283835,19327274,19361920,19401671,19416671,19423496,19432503,19422364,19428856,0.006275583,7196.0,384.0,448.0,132.0,108.0,4224.0,44.0
ntruprime,74673587,64373199,55574895,55537805,55537800,55043758,55030508,54979554,19319340,19272597,17673076,17632491,0.005827348,7272.0,2944.0,252.0,132.0,108.0,4224.0,60.0
ecdh,20346290,20369018,20393611,20411166,20428801,20432693,20479464,20493178,20541035,20540022,20548597,20549830,0.006285246,8558.0,1612.0,276.0,132.0,448.0,3044.0,48.0
rsa,2342226515,2342274591,2342306321,2342336164,2342348665,2342382908,2342407489,2342432165,2342469599,2342506532,2342522882,2342537061,0.71318418,2944.0,1536.0,236.0,132.0,120.0,1796.0,44.0
sike,228073744,223431058,219634514,219610069,219596930,219595530,219585822,219567215,219558813,216687438,216718087,196062670,0.059306343,703308.0,1898.6666666666667,41368.0,132.0,660.0,8.0,76.0
ecdh,62191433,58795079,58788285,58791417,58788321,53658328,53638299,51396860,50966619,49639666,49632173,49616189,0.015048006,7442.0,4160.0,546.0,132.0,4.0,4224.0,60.0
ntruprime,68453266,68471973,68466541,62385394,39370627,39332652,39259151,39252984,39223550,39201820,39154687,17794037,0.005546942,7272.0,4224.0,252.0,132.0,108.0,4224.0,56.0
frodokem,125972041,118032294,114629560,114461240,114448173,114452745,114430441,114437463,114442195,114452096,114468995,114474005,0.034568679,8036.0,5427.2,892.0,148.0,220.0,4224.0,56.0
rsa,3466083952,3466071796,3466085824,3461580114,3461519427,3452415735,3452058278,3445311311,3445275932,3444062298,3441502599,3440540832,1.066288198,2944.0,1536.0,236.0,132.0,120.0,1796.0,44.0
hqc,343050208,343102013,314574588,314555648,314559630,314550521,305872777,305842387,302701536,302726523,302259303,302275136,0.092882918,7840.0,5354.666666666667,824.0,132.0,108.0,4224.0,56.0
classic,1639674773,1635419333,1634564197,1622313331,1610449600,1599304895,1599236222,1598653514,1597884703,1597868258,1597859250,1597871943,0.500698334,10378.089552238805,7324.6567164179105,2139.6417910447763,1258.44776119403,196.0,4224.0,63.940298507462686
hqc,369860355,369878170,357202872,357159298,357127274,357128997,347404394,343166220,343149098,341909663,318260323,315776136,0.097975056,7813.333333333333,5248.0,797.3333333333334,132.0,108.0,4224.0,60.0
kyber,37184706,30238510,29632880,28369572,28361503,25849648,25836851,25636975,25623784,25625716,25613029,25599666,0.008265073,702656.0,1280.0,40848.0,132.0,568.0,8.0,76.0
sike,202239951,200521184,193098003,184667056,159184814,159140043,154149520,153947887,153885886,153848035,153870010,153888272,0.046446324,703234.8571428572,1819.4285714285713,41294.857142857145,132.0,660.0,8.0,75.42857142857143
classic,1072563290,1064268345,1064260278,1064269046,1060103668,1060095469,1058789254,1057950566,1056941495,1026513533,1026312529,1025939075,0.326155451,9904.031007751939,6826.666666666667,1842.9767441860465,1085.0542635658915,192.0,4224.0,67.93798449612403
ntruprime,64401689,64365315,48385724,47859352,47845946,47841891,47110274,50461505,50686885,50962970,63194247,61618846,0.019462112,9297.0,1138.0,291.0,132.0,696.0,2454.0,44.0
classic,1070242090,1070269021,1070279775,1070294651,1070305736,1070324694,1070337173,1070353616,1070362759,1070393223,1070413853,1070439669,0.336425032,10404.0,7395.154929577465,2148.0,1276.0,196.0,4224.0,60.0
bike,51822306,51851753,51877031,51878943,51872594,51886886,51893716,45806741,45774616,41234376,41221573,41204032,0.012496308,7930.666666666667,5034.666666666667,645.3333333333334,369.3333333333333,108.0,4224.0,56.0
kyber,94636758,94643216,94646439,94669820,94681807,94707235,94728377,94743508,94758290,94779058,94794242,94804250,0.02909606,702656.0,1408.0,40848.0,132.0,568.0,8.0,80.0
frodokem,146615783,129472499,129459190,129457777,129457790,129464712,129456841,129452012,129461042,129455649,129459181,115557775,0.03483105,7990.461538461538,5287.384615384615,848.9230769230769,145.53846153846155,220.0,4224.0,64.0
kyber,111347845,110258566,110153873,109962470,106640247,105149551,103290779,67450438,64445882,54728195,54697480,48753138,0.01535945,702784.0,1408.0,40976.0,132.0,568.0,8.0,80.0
hqc,714254407,714276318,714268597,706336901,705144834,702849889,702357734,669531182,669369782,666876907,665368809,663508359,0.204556758,7858.0,5120.0,818.4444444444445,164.66666666666666,108.0,4224.0,59.55555555555556
hqc,344997662,345017345,345035478,345059836,345069313,345070790,345077873,345103383,345107345,345113909,345087397,345084666,0.104757983,7817.6,5283.84,801.6,132.0,108.0,4224.0,60.0
rsa,3602516816,3589411789,3589420699,3589434587,3589427997,3589450034,3589434090,3589449284,3589469178,3589459045,3574390071,3574359665,1.10302012,2983.483146067416,1528.2247191011236,236.38202247191012,132.0,124.33707865168539,1796.3820224719102,44.0
ntruprime,19275888,19312780,19333599,19343859,19357526,19366036,19372610,19384503,19387954,19381073,19389615,19397670,0.006067378,7832.0,5376.0,812.0,132.0,108.0,4224.0,56.0
rsa,727980337,725690231,680904844,680870430,680859261,680843416,680836030,680819973,680806661,680769223,680752693,680742399,0.207616291,2944.0,1536.0,236.0,132.0,120.0,1796.0,44.0
classic,1134111824,1134136698,1134136154,1134145985,1134157701,1121998562,1119413355,1113248680,1113171914,1113158858,1083511541,1083396198,0.339362027,9770.984126984127,6643.809523809524,1840.0,950.984126984127,196.0,4224.0,67.93650793650794
kyber,141255520,141266944,140724899,140726825,140166003,139228948,139226217,139245532,100497854,99968833,99972039,98837804,0.03193522,702656.0,1408.0,40848.0,132.0,568.0,8.0,72.0
classic,1581553462,1580491541,1580495647,1573015245,1571448730,1569825218,1559919277,1559881058,1509185842,1558411315,1558393021,1557694950,0.482821507,9766.523076923077,6941.538461538462,1831.3846153846155,955.1384615384616,196.0,4224.0,67.87692307692308
classic,789977914,789991446,789997600,790002068,790002795,790004801,790006541,790010779,790015765,790029754,772519059,769759670,0.239170985,8967.529411764706,6113.882352941177,1318.4313725490197,677.0980392156863,188.0,4224.0,67.76470588235294
frodokem,84876648,84910531,84901691,84947853,84975894,84998484,85015283,85034782,85065522,85074462,85082991,85087761,0.025712734,7992.0,5344.0,868.0,132.0,216.0,4224.0,56.0
hqc,338047729,338104852,338126185,287407333,287462612,286648003,286671599,286683220,282038637,282002578,281992076,281988969,0.08543174,7840.0,5361.777777777777,824.0,132.0,108.0,4224.0,56.0
hqc,318398078,318362925,306020138,305880471,305881722,305882346,305887401,304001848,303994502,303328074,268269602,268232411,0.080136002,7840.0,5347.555555555556,824.0,132.0,108.0,4224.0,56.0
frodokem,160579049,160408472,159365050,159017585,158980926,150616404,150540995,89549324,88074006,88042363,87050800,84844744,0.025446927,8462.666666666666,4215.111111111111,761.3333333333334,140.88888888888889,369.3333333333333,3699.5555555555557,56.44444444444444
ntruprime,72578855,90275435,77952301,74417915,74340163,73263144,70229791,70235915,71103305,78285931,64899967,64874262,0.019958127,7272.0,3456.0,252.0,132.0,108.0,4224.0,56.0
hqc,649199445,649221599,638514401,637689972,637678512,637679067,637667678,635615324,635614117,635615612,634825404,631760897,0.20521989,7877.36170212766,5351.489361702128,824.0851063829788,161.27659574468086,108.0,4224.0,59.91489361702128
sike,259218713,259203089,259225622,259230894,259241646,259250482,259258276,259273914,259293838,259300448,259313784,259318311,0.083599711,703036.9411764706,1874.8235294117646,41096.94117647059,132.0,660.0,8.0,79.76470588235294
hqc,342278534,342299247,342275335,342246266,342242777,342212212,342022604,339498916,338490399,301537392,301501059,301513003,0.092353455,7796.923076923077,5208.615384615385,780.9230769230769,132.0,108.0,4224.0,60.0
bike,83068876,82263232,68538916,54498373,54457330,47877347,39593544,38789384,38766589,38743272,38729407,38713683,0.011956462,8111.0,5568.0,799.0,396.0,108.0,4224.0,56.0
frodokem,168112668,168121527,168102833,168097228,168096808,162427160,162399706,150502119,114394024,111498066,110050330,110003813,0.035523996,7922.0,5168.0,798.0,132.0,216.0,4224.0,56.0
bike,73758850,73260496,73259526,73285617,69416495,52082728,48559016,44124363,44085548,42486276,42479692,42461676,0.012884691,8228.0,5760.0,832.0,480.0,108.0,4224.0,56.0
ntruprime,91201363,91212102,91200888,91185926,91200680,91188506,56498512,53970208,52740670,52709294,19226855,17915002,0.005534053,7832.0,5504.0,812.0,132.0,108.0,4224.0,56.0
bike,51103490,51088932,51081185,49295560,49286039,49281586,49276172,40635388,40595763,33696645,31776394,25886898,0.008125175,7682.666666666667,3925.3333333333335,718.6666666666666,166.66666666666666,108.0,4224.0,56.0
sike,179420675,179454525,180195822,180229347,180251678,180345973,180368199,180403164,180455650,180580363,180673114,180674687,0.057705758,649718.4615384615,1734.7692307692307,37953.230769230766,132.0,677.8461538461538,150.76923076923077,80.92307692307692
sike,613617338,613616991,613604658,613572624,613544044,613537411,613546502,589069417,587508443,587487688,586391935,564471570,0.174990592,703274.6086956522,1864.3478260869565,41334.608695652176,132.0,660.0,8.0,80.0
ntruprime,43282610,47023528,47024386,47025751,47019547,47015332,52603221,53988098,59827782,59853736,59914255,59913829,0.018178566,7272.0,4224.0,252.0,132.0,108.0,4224.0,60.0
frodokem,91395731,91348881,91359392,91360007,91347408,91349595,91361027,91373675,91380068,91397061,91421636,91471673,0.027369302,7880.0,5145.6,756.0,132.0,216.0,4224.0,64.0
ecdh,32419319,32446734,32438159,32458768,32460544,32461809,32462044,32469499,32462582,32456160,32456775,32456017,0.009945978,9972.0,152.0,304.0,132.0,892.0,1864.0,40.0
rsa,1454666713,1454690622,1454715935,1454740540,1454758852,1454762713,1454779660,1454791051,1454808819,1454820865,1454833945,1454843331,0.437143302,2944.0,1536.0,236.0,132.0,120.0,1796.0,44.0
classic,817542769,817536439,811396863,811383403,808682416,808675843,808670702,808669883,808658298,808657479,808667559,808664942,0.250579918,8961.111111111111,6144.0,1332.0,657.1111111111111,188.0,4224.0,63.77777777777778
rsa,7593595895,7593600885,7593623487,7593632613,7593638639,7593633976,7593642155,7593404779,7545913909,7532837660,7532675103,7532651549,2.33532729,2944.0,1536.0,236.0,132.0,120.0,1796.0,48.0
bike,64034560,59738306,59440852,59428807,53882560,42168133,42181104,42180467,42183912,42181538,42179551,42180534,0.012930506,8232.0,5760.0,832.0,484.0,108.0,4224.0,56.0
frodokem,116892991,71592205,71528785,71523099,71519066,67449213,59733096,59667392,59652410,59647020,57045601,57025578,0.018415996,7912.0,5101.714285714285,788.0,132.0,216.0,4224.0,67.42857142857143
kyber,33855648,33900628,33907175,33909123,33905404,33908991,33912124,33913468,33914723,33921618,33922875,33922718,0.010183993,702656.0,1408.0,40848.0,132.0,568.0,8.0,72.0
bike,33564494,33587710,33601292,33653812,33678935,33675902,33687101,33723839,33744274,33758131,33774298,33695853,0.010207912,7296.0,2944.0,264.0,132.0,108.0,4224.0,56.0
hqc,322308119,290773131,290749066,290753357,278686510,277617380,277600250,277581377,277577287,271559569,271396735,268950838,0.081784877,7840.0,5357.714285714285,824.0,132.0,108.0,4224.0,60.0
kyber,48912289,48942128,48949184,48965126,48984815,48993353,49006177,49012745,49019305,49026816,49055183,49059085,0.016047916,702656.0,1408.0,40848.0,132.0,568.0,8.0,76.0
kyber,97623772,86228686,85624273,85611993,62090191,58933933,53971461,53831294,50385192,48005514,47534164,47503661,0.015469046,702656.0,1408.0,40848.0,132.0,568.0,8.0,80.0
sike,246676380,238593758,238600044,231374751,231335676,228376266,227164320,226911035,222320351,221980080,220033735,219632268,0.067770347,703276.0,1880.0,41336.0,132.0,660.0,8.0,84.0
rsa,32024697597,32024713764,32024769037,32024778333,32024788590,32024766883,32024825481,32024816591,32024845327,32024091276,32024525253,32024519090,10.009630788,2989.9346405228757,1526.954248366013,236.44444444444446,132.0,125.04575163398692,1796.4444444444443,43.97385620915033
sike,143458618,143442483,143460282,143479462,143495664,127304788,122935822,122904667,122901392,122897532,122894061,122882427,0.036609016,703212.0,1744.0,41272.0,132.0,660.0,8.0,84.0
classic,1097741064,1097783759,1097826862,1097867380,1097888180,1097934495,1097949132,1097970685,1097908202,1098007430,1098024840,1098042838,0.345022262,10367.744680851063,7279.659574468085,2136.0851063829787,1251.659574468085,196.0,4224.0,63.91489361702128
ecdh,97139798,97111626,59257174,56635153,55758857,55820825,55862032,53806803,53794451,53628964,34416653,34363318,0.010649547,7591.0,4960.0,695.0,132.0,4.0,4224.0,59.0
frodokem,128205014,128236946,128257762,128260112,128277454,128285853,128289854,128307105,128321494,128328860,128338776,128346441,0.041528709,7876.666666666667,4906.666666666667,752.6666666666666,132.0,216.0,4224.0,59.333333333333336
frodokem,103529185,103546481,98436102,98419804,98408315,64351320,64330559,64328984,64334712,64323458,64317484,64304985,0.019580454,7852.0,4896.0,728.0,132.0,216.0,4224.0,60.0
bike,34774703,34776453,31506819,29044854,29047960,43335703,43337309,40602423,39774366,39771210,39765697,39757881,0.011829719,7296.0,3584.0,264.0,132.0,108.0,4224.0,56.0
frodokem,93209955,89923570,89939284,89932791,89932050,89934145,87779704,87771215,74217189,74179309,74165682,74156740,0.022128668,7932.571428571428,5248.0,808.5714285714286,132.0,216.0,4224.0,59.42857142857143
hqc,354420591,354444367,354467961,354474681,354515287,354557430,354569299,354615609,354631321,354645653,354653391,354663530,0.111839112,7840.0,5324.8,824.0,132.0,108.0,4224.0,60.0
ecdh,33556633,33603174,33624834,33644845,33660219,33671991,33689946,33708513,33731475,33747096,33767652,33767562,0.010565632,4076.0,2816.0,434.0,132.0,4.0,2200.0,46.0
rsa,2650292646,2650327897,2650354743,2650418699,2650008494,2650504480,2650551742,2650554811,2650595781,2650607632,2650637178,2650644770,0.805901109,3053.8125,1514.375,237.0625,132.0,132.0625,1797.0625,44.0
rsa,741381700,741317540,740772990,738460503,731791814,716873536,708680784,706674754,706386708,691601157,691569392,691555235,0.216208566,2944.0,1536.0,236.0,132.0,120.0,1796.0,44.0
kyber,110096484,110101777,110108841,110103722,110106403,90905499,90758157,78755638,78700235,78662107,78656554,78633526,0.024319171,702656.0,1408.0,40848.0,132.0,568.0,8.0,76.0
bike,77438547,77469820,74633130,69868573,68167391,43309887,42466622,42440726,42289466,42281427,42237686,40021566,0.012143178,7320.0,3072.0,272.0,132.0,108.0,4224.0,56.0
hqc,677346467,677350626,662697168,662703619,650526718,650528925,650517812,637486168,637467448,637456937,637474166,635868097,0.199083187,7862.736842105263,5274.9473684210525,806.5263157894736,164.21052631578948,108.0,4224.0,59.78947368421053
rsa,10611306084,10611330496,10611349372,10611372036,10611404345,10611427085,10611354305,10611446176,10611467126,10611476662,10611514500,10611529033,3.233276774,2944.0,1536.0,236.0,132.0,120.0,1796.0,44.0
bike,76096783,76115326,76127204,76145874,76164610,76156851,76133044,76114400,76111743,76103662,76090506,76049877,0.023448809,7985.0,4768.0,753.0,393.0,108.0,4224.0,62.0
ntruprime,32293098,31866605,23709253,22395931,22417078,22413248,22401695,22391609,22122942,22079068,18362050,18326743,0.005781599,7700.0,4992.0,680.0,132.0,108.0,4224.0,56.0
frodokem,70604774,64829420,49200282,49184024,49187920,49189000,49179297,49172049,49161148,49156982,48667470,48656456,0.015858824,7893.142857142857,4955.428571428572,769.1428571428571,132.0,216.0,4224.0,62.857142857142854
ntruprime,32863916,32933232,32993670,33057436,33131310,33169343,33197246,33207855,33227343,33243138,33264837,33286051,0.010233259,7208.0,1536.0,496.0,132.0,108.0,4224.0,52.0
hqc,625612057,625596562,625598405,625607468,624907757,621287060,619533356,619514773,616713669,581572195,581531778,581489667,0.178397927,8003.2,5114.8,809.4,169.6,147.2,4106.0,59.0
kyber,101630587,62715478,50355488,42371182,42310436,42274537,42253880,42237144,41529988,41520495,34154929,31318808,0.010100531,702656.0,1152.0,40848.0,132.0,568.0,8.0,74.0
kyber,42385783,42387416,42140266,39839645,39689101,38004629,37869340,28333581,26556208,25901125,25874002,25842310,0.007828678,702656.0,1408.0,40848.0,132.0,568.0,8.0,80.0
sike,185344608,182510085,182501962,182488359,182486596,182472194,177370481,177101463,175984710,173381942,173371689,173356160,0.052473075,703308.0,1920.0,41368.0,132.0,660.0,8.0,80.0
ecdh,72283532,72308218,60349811,60353952,60358649,26950892,26108253,26091570,19550067,19525506,19518858,19523346,0.005917899,7372.0,3776.0,476.0,132.0,4.0,4224.0,60.0
sike,282064103,282066464,282063919,281504339,281504524,281496687,281509602,278772824,241130353,233912550,233903128,233903452,0.072282312,703308.0,1894.4,41368.0,132.0,660.0,8.0,80.0
ntruprime,17453959,17512126,17607598,17626942,17632554,17628689,17627818,17615017,17637125,17661894,17678680,17679462,0.005364356,7548.0,4736.0,528.0,132.0,108.0,4224.0,56.0
rsa,1926492980,1926576876,1926600170,1926614971,1926624685,1926631467,1926641572,1926655428,1926074491,1926747489,1926757629,1926761057,0.631419596,2939.285714285714,1513.142857142857,231.28571428571428,132.0,120.0,1796.0,43.857142857142854
classic,1068068316,1067979351,1068527380,1068541237,1042667286,1042628941,1042330501,1039639340,1030259337,1030253421,1030248893,1030239216,0.319715615,9922.166666666666,6865.0,1779.8333333333333,1059.6666666666667,221.16666666666666,4125.666666666667,70.5
classic,1434829856,1434847013,1434866854,1434880544,1434888619,1434893319,1434900510,1434930891,1434951834,1434951340,1422484225,1417411282,0.433771755,9757.391304347826,7053.913043478261,1840.0,937.4782608695652,196.0,4224.0,56.0
ntruprime,66882767,66918406,66944009,66964938,66982922,67029565,67044271,67064105,67086872,67090526,67100760,67109489,0.021764973,7832.0,5248.0,812.0,132.0,108.0,4224.0,64.0
classic,1424416822,1401116361,1401095349,1401092584,1401087990,1401091669,1398573283,1397299507,1397226447,1394731872,1389753445,1388443099,0.432061856,10386.731707317073,6864.390243902439,2144.5853658536585,1262.1463414634147,196.0,4224.0,67.95121951219512
kyber,106707341,106739326,106753131,106764166,106774119,106783180,106804389,106813740,106823956,106841801,106850466,106859540,0.0330094,702912.0,1408.0,41104.0,132.0,568.0,8.0,84.0
hqc,496006682,496079906,464266885,464480879,464686404,464859697,465006257,465120315,465213589,464987946,462589769,460823576,0.143749142,7886.666666666667,5376.0,836.0,158.66666666666666,108.0,4224.0,56.0
ecdh,54673114,54678679,54677124,54665572,33517197,33511350,33505839,33501484,33510474,33509105,33514363,33509172,0.010467419,7442.0,4288.0,546.0,132.0,4.0,4224.0,60.0
sike,253227652,252798839,252777159,252748110,252738057,252754759,218828551,218745761,218725641,218167941,218146427,206330453,0.063585626,703308.0,1894.4,41368.0,132.0,660.0,8.0,72.0
hqc,392374026,392368915,392397126,392416140,392424616,392441089,392457803,392475157,392497134,392512456,392533677,392539471,0.123609879,7873.419354838709,5338.8387096774195,817.9354838709677,163.48387096774192,108.0,4224.0,59.87096774193548
classic,2295882917,2295836876,2295838806,2295847824,2278597877,2266316677,2266226966,2265455280,2265059200,2265053746,2254220075,2253737530,0.706979972,9727.25,6785.6,1835.0,953.35,194.775,4199.875,63.7
ntruprime,34115565,34182732,34205897,34243427,34280097,34296173,34310914,34340016,24007409,19276543,17974178,17950496,0.005782357,7272.0,3328.0,252.0,132.0,108.0,4224.0,60.0
hqc,705342634,672272952,670558337,670559680,668474695,668469231,668311473,664526126,664530972,664523845,664495553,664493937,0.223755713,7890.933333333333,5376.0,836.0,162.93333333333334,108.0,4224.0,60.0
hqc,451923447,451954867,451991998,452027610,452061664,452094814,452139960,452171224,452199295,452229197,452249811,452260545,0.137368466,7972.68085106383,5129.191489361702,801.4468085106383,166.72340425531914,141.36170212765958,4123.574468085107,59.148936170212764
kyber,98283563,98298136,98312668,98329550,98338710,98356392,98369195,98386157,98399038,98422841,98432920,98434086,0.031578486,702656.0,1408.0,40848.0,132.0,568.0,8.0,76.0
classic,1300467117,1300498608,1300509581,1300532060,1300533830,1300546809,1300569794,1300587559,1300605322,1300627074,1300633054,1300649311,0.412041218,10357.5,7248.0,2134.0,1243.5,196.0,4224.0,60.0
kyber,14047740,14067408,14078966,14103568,14129760,14106873,14121346,14140943,14166404,14114471,14205997,14210837,0.004310604,702656.0,1408.0,40848.0,132.0,568.0,8.0,84.0
kyber,120258015,120267121,113800555,112689970,112693186,102089250,90193969,90189876,90193479,90199617,78736300,78692195,0.024706929,702656.0,1408.0,40848.0,132.0,568.0,8.0,76.0
frodokem,71498559,65509569,65524373,65522156,65539350,65545117,65532269,65529684,65540277,65544908,63017614,63012396,0.019613879,7880.0,5120.0,756.0,132.0,216.0,4224.0,65.6
classic,1111293453,1111310836,1111322652,1111335190,1111352583,1111362036,1111374607,1111348360,1111349688,1111354491,1065179745,1065150466,0.342311993,10382.046511627907,7174.945736434109,2143.6589147286822,1258.3875968992247,196.0,4224.0,64.0
classic,1201058035,1201036221,1201029132,1201086854,1188314310,1186291707,1184480110,1184465980,1184469389,1182370270,1181501651,1182398256,0.363474808,9788.0,6308.226415094339,1840.0,968.0,196.0,4224.0,64.0
frodokem,129424088,128430483,128423297,128423480,127923868,127666377,92357123,92299476,54105490,54071545,54045571,54042661,0.016364611,8652.0,3592.0,680.0,132.0,441.3333333333333,3437.3333333333335,53.333333333333336
rsa,6748736650,6748744973,6748770456,6748768119,6748791607,6713450824,6713339131,6713326045,6712618631,6711857374,6711823941,6711754436,2.058031336,2944.0,1536.0,236.0,132.0,120.0,1796.0,44.0
hqc,387900184,387913207,387913190,387915774,387912053,387890506,362921284,362882700,361336555,356256244,353440277,351674834,0.112565651,7941.931034482759,5045.793103448276,806.7586206896551,162.6206896551724,135.0344827586207,4142.620689655172,58.89655172413793
bike,69018153,69034820,69046515,69053139,69068535,69081904,69089016,69092399,69100665,69106402,69117078,69086240,0.021831175,8004.0,5376.0,692.0,396.0,108.0,4224.0,56.0
classic,1949793177,1949818675,1949824754,1949808590,1949820130,1949805980,1949826785,1949835320,1949846691,1937941440,1900073776,1899998870,0.593334598,9922.08,6846.4,1782.4,1061.28,220.0,4129.6,63.04
rsa,2219478275,2219501798,2219523890,2219545351,2219566831,2219577765,2219590364,2219601061,2219616631,2219666979,2219685231,2219695002,0.68439053,2944.0,1536.0,236.0,132.0,120.0,1796.0,44.0
classic,2065274322,2065248228,2065248415,2065262431,2065271065,2059779204,2052262838,2051804268,2018342005,2018188688,2018175592,2018151695,0.620081385,10355.151515151516,7140.848484848485,2137.5151515151515,1237.6363636363637,196.0,4224.0,63.878787878787875
bike,62461186,62480289,62484351,62490654,62506816,62530438,26165878,26161456,26162037,26193790,26195873,26183925,0.007908954,7704.0,4992.0,637.3333333333334,166.66666666666666,108.0,4224.0,62.666666666666664
ntruprime,18326534,18292116,18277000,18303146,18318676,18306832,18274835,18257279,18244313,18239765,18245721,18230771,0.005482569,4988.0,76.0,152.0,68.0,446.0,932.0,26.0
sike,202938048,202940294,202928340,202901361,202442400,202450074,201963574,201962861,201386217,192093262,192088311,192082278,0.060691148,630325.2631578947,1720.421052631579,37045.47368421053,132.0,684.421052631579,203.3684210526316,76.21052631578948
frodokem,98327067,91023841,91041446,90221102,57145054,57134893,57123649,57099173,57098907,57097771,57087691,57102273,0.018443883,7712.0,4672.0,588.0,132.0,216.0,4224.0,58.0
hqc,683345959,683326700,683338792,683358103,683359023,683376869,675278499,668145555,668106533,668096438,667364677,667386820,0.213732798,7895.2,5376.0,836.0,167.2,108.0,4224.0,60.0
classic,1773426841,1770142037,1759296753,1756877390,1756863714,1732001859,1731863891,1728008279,1724558904,1724542916,1724530045,1724509078,0.53949688,9867.363636363636,6853.818181818182,1831.2727272727273,1060.090909090909,192.0,4224.0,59.81818181818182
ecdh,34472092,34483006,34507552,34520974,34534046,34553996,34574525,34603686,33698942,33707800,33439228,33425909,0.010104802,7580.0,5376.0,684.0,132.0,4.0,4224.0,56.0
bike,62229626,62256370,60071130,62982273,62975630,52926669,52418470,52424958,52426914,51468308,48098517,51138507,0.015463538,7296.0,3456.0,264.0,132.0,108.0,4224.0,56.0
classic,1734527178,1730066633,1729241867,1729275831,1729281365,1689380980,1689473990,1689437843,1689443387,1689445925,1689444347,1689429961,0.521854599,9744.521739130434,6822.95652173913,1840.0,924.5217391304348,196.0,4224.0,67.82608695652173
kyber,74437706,59004590,58971165,47560438,47524407,42928479,42904905,42383936,41975580,41951849,41929329,39587690,0.013624356,702656.0,1280.0,40848.0,132.0,568.0,8.0,72.0
sike,778338260,778341695,778361038,778376632,778383052,778402352,778403115,778430824,778446049,778453130,778477480,778498280,0.238179254,703034.9333333333,1877.3333333333333,41094.933333333334,132.0,660.0,8.0,79.73333333333333
classic,1698961961,1663410827,1650514323,1647975649,1645996398,1645960314,1645937827,1645913376,1641015059,1633164762,1641725284,1640594293,0.511057425,9911.028571428571,6771.542857142857,1822.0,1076.4571428571428,202.0,4190.285714285715,71.54285714285714
ecdh,18757012,18780759,20124192,20159694,20195744,20235950,20259951,20288946,20303332,20325268,20344063,20360033,0.006176709,7144.0,3456.0,248.0,132.0,4.0,4224.0,56.0
rsa,3504065022,3504101736,3504133095,3504176550,3504211713,3504233498,3504258746,3504299039,3504319452,3504339549,3504363715,3504374743,1.080088676,2944.0,1536.0,236.0,132.0,120.0,1796.0,48.0
frodokem,138133016,138170014,138160582,138176381,138190045,138222614,138208286,90767765,90733612,90718213,90695840,90275038,0.026863045,7972.0,5120.0,822.0,154.0,220.0,4224.0,56.0
kyber,31903770,31917549,31934010,31946960,31957115,31959445,31931979,27591846,27130079,26794882,26797101,26787557,0.008246048,240866.66666666666,570.6666666666666,13818.666666666666,132.0,784.0,1245.3333333333333,52.0
frodokem,85425677,85466694,85498639,85549556,85589388,85626469,85676795,85698411,85753516,85753934,85770103,85778622,0.025602843,8276.0,4049.6,643.2,132.0,351.2,3752.0,52.8
rsa,4436791365,4429980907,4429984996,4429996101,4429979151,4429999125,4430002183,4404370795,4402361008,4397943560,4397866399,4396904554,1.393889745,2944.0,1536.0,236.0,132.0,120.0,1796.0,44.0
ecdh,80166457,80156991,79843644,75646872,75135393,42106346,41987471,29293580,29247020,20320954,17957593,17596213,0.005325861,7736.0,5632.0,840.0,132.0,4.0,4224.0,60.0
sike,130466000,130490744,130508832,130527033,130549899,130579792,130596113,130609568,130604424,130614512,130630610,130633287,0.040194361,703030.6666666666,1866.6666666666667,41090.666666666664,132.0,660.0,8.0,76.0
rsa,3055444793,3055198132,3055190001,3055204296,3055200161,2989398574,3055239429,3051839478,3038449622,3038448996,3038489217,3029532956,0.93937757,2944.0,1535.6531165311653,236.0,132.0,120.0,1796.0,48.0
frodokem,109137249,109145938,109161866,109186502,109219904,109254330,109223704,71466404,71430031,71412646,56091601,54498317,0.016493236,7970.0,5333.333333333333,846.0,132.0,216.0,4224.0,64.0
ntruprime,82631487,82645327,82651576,78063309,78050849,31606915,30554529,30542052,30537192,30526382,19181113,17511389,0.00529238,7272.0,3456.0,252.0,132.0,108.0,4224.0,56.0
hqc,365705546,365714495,365712405,365716609,365727766,365739459,365741705,327491767,327436217,314365719,314362891,314353988,0.094977151,7818.461538461538,5312.0,802.4615384615385,132.0,108.0,4224.0,60.0
kyber,81822755,81823821,81828354,81796137,81787971,81779865,81786011,44212036,44163205,44147063,44133574,44075661,0.013593273,702656.0,1408.0,40848.0,132.0,568.0,8.0,84.0
kyber,45934031,45946363,45947967,45951206,45944802,45940614,45940660,45936907,34053177,34042754,33795817,33778475,0.010565104,702656.0,1408.0,40848.0,132.0,568.0,8.0,84.0
kyber,102045182,53538681,53499286,53491617,53489810,47233617,47232415,47216940,47234687,47236858,47209595,47191004,0.014230621,702720.0,1408.0,40912.0,132.0,568.0,8.0,80.0
sike,161922094,161947987,161966405,161983494,162016576,162026880,162059548,162073894,162088935,162100608,162122736,162129703,0.049341195,703137.3333333334,1706.6666666666667,41197.333333333336,132.0,660.0,8.0,80.0
sike,177903664,168715953,168663870,166463429,139378464,133831681,133430006,133408032,133380668,133360302,133345075,133302389,0.041117394,586857.6666666666,1612.6666666666667,34312.333333333336,132.0,679.3333333333334,162.66666666666666,72.33333333333333
kyber,74133308,71222123,71248012,71238579,66183723,56989006,56967204,56955160,47169686,47122772,47117254,47108565,0.014579845,702656.0,1408.0,40848.0,132.0,568.0,8.0,80.0
bike,66992472,66979257,66790188,66778872,61229789,61203212,61202674,43931087,43895952,43733860,38938203,30334516,0.009267685,7816.0,5184.0,758.0,158.0,108.0,4224.0,64.0
ntruprime,18989957,19028430,19045395,19064719,19121086,19150957,19182472,19205955,19216578,19235365,19253079,19265720,0.006418509,7272.0,4224.0,252.0,132.0,108.0,4224.0,56.0
rsa,2447659120,2447666724,2447675876,2441052257,2419751889,2419796474,2419840163,2417680564,2417743797,2417749465,2417750493,2408337750,0.731417558,2944.0,1536.0,236.0,132.0,120.0,1796.0,48.0
rsa,524471848,518840760,488602194,488591203,488600577,488597373,488590733,488583030,480394223,480369174,479288334,479277016,0.147012971,2944.0,1536.0,236.0,132.0,120.0,1796.0,44.0
classic,1818448918,1818430695,1798141065,1798114932,1798116289,1798107147,1798052837,1798056662,1790502501,1789724121,1789718302,1789704975,0.555109006,9919.695067264574,6585.973094170404,1844.0,1099.695067264574,192.0,4224.0,71.98206278026906
sike,163028507,141328308,137496386,137477405,133624679,125595043,125267588,125195127,120733057,120709035,120693244,120676697,0.039502234,703052.0,1920.0,41112.0,132.0,660.0,8.0,76.0
rsa,697139447,697168430,697195790,697223084,697240051,697260071,697275205,697288176,705306357,705342145,705361177,705373427,0.214974852,2944.0,1536.0,236.0,132.0,120.0,1796.0,48.0
classic,936412444,936252835,936275431,932868276,932858251,932855873,932834710,932591698,898105523,898079420,898036665,898021092,0.272861665,8988.0,6334.577777777778,1332.0,684.0,188.0,4224.0,60.0
frodokem,165140264,165187241,165197092,165211204,165215030,165217258,165219578,165217112,165220316,153174640,149165569,115647833,0.035031998,8020.0,5392.0,875.5,148.5,220.0,4224.0,56.0
ntruprime,21152197,21195435,23407929,23434274,23450610,23470851,23490593,23507358,23531105,23545602,23557571,23574186,0.007154484,9972.0,152.0,304.0,132.0,892.0,1864.0,44.0
frodokem,105667139,105694342,105701400,105718094,105725939,105727733,105727181,105745089,105758891,105771129,105821291,105824969,0.032022994,7912.0,5083.428571428572,788.0,132.0,216.0,4224.0,56.0
frodokem,272510772,272516687,272521150,260564774,260552785,211264675,211203639,209065644,199065564,197900983,193265630,193216155,0.063052995,7959.555555555556,4906.666666666667,858.6666666666666,140.88888888888889,220.0,4224.0,55.111111111111114
rsa,6034877539,6034744719,6034609204,6034175830,6034104617,6024322931,6022852606,6021769407,6003546656,6003573562,6000054190,6000037845,1.866377557,2944.0,1536.0,236.0,132.0,120.0,1796.0,47.949367088607595
ntruprime,56794645,56826281,56843012,54261274,53655473,22307530,19054940,18980154,18951989,17999229,17983005,17963488,0.005309797,9258.666666666666,1936.0,473.3333333333333,132.0,630.6666666666666,2650.6666666666665,48.0
ecdh,85950639,85950334,83054289,82170387,38381587,38281901,38273967,38231766,38032950,34774396,34735069,33106844,0.010258748,7541.333333333333,5034.666666666667,645.3333333333334,132.0,4.0,4224.0,60.0
frodokem,112140529,109009750,109015031,107579137,107576791,106609625,71530094,71477584,71446434,71392393,71370694,58999363,0.018445631,7836.0,4384.0,789.0,132.0,216.0,4224.0,55.0
hqc,654122385,649034158,649022690,619916685,619913942,619905187,619899998,619899515,619887193,615743366,616326328,614722910,0.192491776,7883.069767441861,5346.232558139535,822.9767441860465,168.09302325581396,108.0,4224.0,56.0
ntruprime,20410647,20443636,20469040,20491920,20515379,20527686,20547914,20574320,20590535,20600409,20620469,20616830,0.006653016,7700.0,4992.0,680.0,132.0,108.0,4224.0,64.0
hqc,342118771,340957938,340951846,340967340,340539276,340538184,340508772,340516828,302144254,302110000,302088960,302001603,0.09234228,7840.0,5346.461538461538,824.0,132.0,108.0,4224.0,59.07692307692308
kyber,76995729,46387040,47921998,47915476,47916158,47912245,35913920,35885755,35880960,35144460,33637614,33627433,0.010855174,702656.0,1408.0,40848.0,132.0,568.0,8.0,72.0
kyber,70061440,70059228,45029958,45013195,45005447,44988984,44989005,44983010,44988984,44993929,19938660,19873528,0.006084179,702656.0,1408.0,40848.0,132.0,568.0,8.0,76.0
ecdh,40255736,37426847,36634370,21855078,21504172,20615954,20602814,17655844,17637548,17599210,17603015,17589502,0.005489804,7144.0,3328.0,248.0,132.0,4.0,4224.0,56.0
bike,78955350,71941270,78517081,79752215,79760255,79759517,79897283,79920772,80679036,84385399,83255673,83240445,0.025085318,8942.0,2764.0,564.0,160.0,500.0,3044.0,50.0
sike,182075817,182112096,176461263,168308561,168323356,168332021,168380626,168396873,168396428,168392626,168433120,158263221,0.047975608,703308.0,1920.0,41368.0,132.0,660.0,8.0,76.0
sike,533920627,532042381,492935474,492915102,492905353,492896510,492898510,492891726,492886218,492895259,492906945,492908238,0.154786134,696564.1553398059,1753.7087378640776,40956.8932038835,132.0,662.252427184466,26.019417475728154,75.49514563106796
ntruprime,76666655,72228809,72265745,69637981,69633406,69628373,69494512,69477780,20610854,20544182,20526180,20399369,0.006040162,8902.0,2636.0,558.0,132.0,500.0,3044.0,48.0
ecdh,20745070,20771768,20779777,20811790,20833144,20843329,20852101,20874674,20881968,20891951,20900482,20903113,0.006320258,7144.0,3456.0,248.0,132.0,4.0,4224.0,56.0
frodokem,117805620,117832616,117852114,117865995,117894377,117917093,117931026,117947031,117962151,117956879,117964151,117971617,0.035860772,7880.0,4966.4,756.0,132.0,216.0,4224.0,60.0
classic,1821063311,1821080966,1821109478,1821139066,1821139598,1821144944,1821143568,1821161672,1821187284,1821205558,1821225460,1808268216,0.55471197,9780.038834951456,6940.582524271845,1840.0,960.0388349514564,196.0,4224.0,52.0
frodokem,78452239,65927663,65912513,65909276,64776463,64745629,64715682,64709054,64711160,64712137,64705068,51560874,0.016409884,8331.0,2918.0,648.0,132.0,385.0,3634.0,54.0
rsa,5299297149,5299323449,5299337711,5299350132,5299364226,5299402554,5299423871,5299440637,5299429970,5299447472,5299473204,5299487743,1.6495816,2944.0,1536.0,236.0,132.0,120.0,1796.0,40.0
ntruprime,50546955,34290078,22376266,22309754,22315936,22338668,22326722,22340537,22346388,22344743,19609099,19596348,0.006296416,7486.0,4160.0,466.0,132.0,108.0,4224.0,52.0
bike,59475721,59518555,59555427,65960100,62668250,59703996,59705039,59724042,64859759,64893515,64901697,56992224,0.017382305,8056.0,5504.0,832.0,308.0,108.0,4224.0,58.0
classic,1448935034,1448943889,1448965122,1448952100,1412214404,1412184405,1412175266,1412163002,1412145711,1412137635,1411410101,1411402343,0.432030613,9928.463157894737,6576.757894736842,1827.7894736842106,1097.7263157894736,199.3684210526316,4199.1578947368425,59.915789473684214
frodokem,158422597,158442122,160821195,160858630,160895694,160912040,160946429,160973051,160984396,161000425,161022731,161034005,0.051225933,8049.333333333333,5461.333333333333,892.0,161.33333333333334,220.0,4224.0,64.0
classic,1319635714,1319638282,1319986361,1313185146,1313175781,1310734519,1308362233,1308343579,1308336393,1306776137,1275728726,1275681253,0.393252374,9903.2,6966.4,1835.35,1091.85,192.0,4224.0,63.9
hqc,480368711,480417207,480423693,480437829,467064182,467028313,437607465,437577606,437570436,437561822,437556811,437543802,0.13476264,7873.846153846154,5346.461538461538,821.6410256410256,160.2051282051282,108.0,4224.0,63.8974358974359
kyber,107450622,107329777,100474187,99958911,99746798,99289244,98149384,86586274,86560139,60539375,60522578,60502005,0.018226068,356442.0,780.0,20704.0,132.0,730.0,936.0,60.0
hqc,324280344,324316226,324335371,324346843,318072075,318065132,317872036,293363074,293331740,293324356,293276013,293267393,0.091840066,7840.0,5376.0,824.0,132.0,108.0,4224.0,60.0
bike,78895494,78938523,78940724,78937833,63010470,62966861,62948310,62939653,62910342,58973046,58949611,39191779,0.011707873,7742.0,3840.0,490.0,306.0,108.0,4224.0,54.0
ntruprime,55312676,55342420,55344822,55326296,42555372,17813274,17765739,17570973,17554707,17531899,17508085,17491460,0.00554146,7272.0,4096.0,252.0,132.0,108.0,4224.0,56.0
hqc,617644199,617676992,617720581,617762604,617811540,617827259,617846841,617855460,617870901,617891089,617918801,617928535,0.19352137,7956.153846153846,5180.0,794.0,168.46153846153845,138.15384615384616,4133.2307692307695,59.53846153846154
rsa,3431311055,3431189288,3431221430,3428968460,3424872253,3424857255,3424861376,3424110654,3419645302,3419626909,3418538877,3418266098,1.054549846,2960.7732696897374,1532.6968973747016,236.16229116945107,132.0,121.84248210023867,1796.162291169451,44.0
kyber,132350051,126804293,126776354,101059766,101023318,101004312,100994262,100977346,50237304,50197388,50177616,36020679,0.010889468,702656.0,1408.0,40848.0,132.0,568.0,8.0,72.0
rsa,1128129694,1126442156,1122713885,1122342227,1121727710,1121753274,1121730831,1095635716,1095585859,1088547573,1081490892,1080838017,0.349929467,3204.296296296296,1484.7407407407406,238.5185185185185,132.0,148.59259259259258,1798.5185185185185,44.0
classic,1484396736,1433683634,1433707454,1433711354,1433709446,1432464872,1432450449,1432435917,1426701356,1421912155,1421193378,1416389264,0.429902559,9886.805970149253,6919.641791044776,1835.641791044776,1075.1641791044776,192.0,4224.0,64.0
ecdh,63202445,63268272,63285548,63300625,63328297,63347522,63344703,63354690,63363873,63377512,63387923,63393912,0.019575599,7686.666666666667,5461.333333333333,790.6666666666666,132.0,4.0,4224.0,60.0
frodokem,176504148,140612869,140595364,140587728,140587142,140597677,140586009,140588415,140595586,140592809,140593573,129099274,0.039112168,8419.2,4331.2,774.4,140.8,354.4,3752.0,52.8
classic,1047268059,1045854956,1045850534,1028144771,1028076063,1028078898,1027302489,1027310402,1016178824,1013365856,1004351942,1004318182,0.308959911,10345.241379310344,7132.689655172414,2128.689655172414,1236.551724137931,196.0,4224.0,67.86206896551724
ecdh,16961554,16978608,16990268,17002766,17016811,17038629,17053477,17076158,17077324,17087931,17097502,17101292,0.005557726,7080.0,1280.0,492.0,132.0,4.0,4224.0,52.0
ecdh,77503106,76887339,60589015,57123365,45558360,45517053,45488885,45474775,44976958,44967616,43157248,34386211,0.011329607,7512.0,5248.0,616.0,132.0,4.0,4224.0,58.0
sike,167406811,139781822,139753097,139743587,139741631,139744417,139740415,139741404,132197768,131248330,131231054,121749697,0.037196747,703023.5555555555,1848.888888888889,41083.555555555555,132.0,660.0,8.0,83.55555555555556
hqc,524323665,524330692,524335748,524342864,524346775,524318757,524300008,483523286,483450785,483440231,483433167,483415559,0.150384781,8008.666666666667,5085.777777777777,806.4444444444445,163.33333333333334,151.55555555555554,4092.8888888888887,58.888888888888886
kyber,37922506,37931727,37940334,37944668,37960776,37939547,37951665,37980483,37994391,38001107,38003313,37997116,0.011895188,702860.8,1408.0,41052.8,132.0,568.0,8.0,80.0
bike,78933260,78956386,78959802,75677665,47709388,46058653,43587889,43561771,43547759,43527084,43512950,41110568,0.012999012,8660.0,3634.6666666666665,562.6666666666666,308.0,369.3333333333333,3437.3333333333335,52.666666666666664
kyber,49310844,49316077,49308196,49328690,49356402,49366371,49376512,49362521,49399161,49393408,49393976,49396851,0.01457597,702656.0,1408.0,40848.0,132.0,568.0,8.0,80.0
sike,166491451,166539234,166565837,166588362,166611965,166644115,166676353,166734315,166787052,166807167,166824385,166835046,0.049978085,645487.3333333334,1719.3333333333333,37903.333333333336,132.0,679.3333333333334,162.66666666666666,72.66666666666667
classic,1341760802,1341786067,1341810522,1341835881,1341851033,1341873272,1341892108,1341929528,1341985115,1341995455,1342011156,1342012036,0.415027562,9886.242424242424,6801.454545454545,1835.5151515151515,1074.7272727272727,192.0,4224.0,63.93939393939394
ntruprime,18626269,18643103,18659031,18682173,18722040,18744721,18749622,18757481,18766512,18774330,18790396,18783138,0.006064107,7272.0,3456.0,252.0,132.0,108.0,4224.0,56.0
hqc,368108623,368203887,368246657,323496668,316468143,316442565,316432594,316388259,316382187,316380829,316389445,316379727,0.097775136,7807.058823529412,5232.941176470588,791.0588235294117,132.0,108.0,4224.0,56.0
hqc,321398519,321408305,321447950,321471586,321513956,321537386,321547958,321566947,321576612,321582785,321590707,275187855,0.084243853,7840.0,5354.666666666667,824.0,132.0,108.0,4224.0,56.0
kyber,103085478,65364532,65321914,65301683,65265326,64462283,61818142,61700635,52987832,48930902,46959479,36898364,0.011502391,702656.0,1152.0,40848.0,132.0,568.0,8.0,80.0
bike,108115925,66720825,66726239,42650028,41289424,41238657,41216781,41208351,41191758,40978197,39317184,39115307,0.012050987,7900.0,5205.333333333333,645.3333333333334,340.0,108.0,4224.0,58.666666666666664
rsa,4428085494,4428099104,4428112894,4428083921,4428069738,4428067811,4428053610,4428072788,4428076591,4382216730,4369973798,4369939489,1.324990459,3003.5593220338983,1524.2711864406779,236.57627118644066,132.0,126.54237288135593,1796.5762711864406,40.03389830508475
rsa,12549687358,12543016558,12543021179,12543056508,12543088443,12541463728,12541463399,12524613152,12524632428,12524658743,12524627694,12524563774,3.863027426,2967.04262295082,1531.462295081967,236.22295081967212,132.0,122.53114754098361,1796.2229508196722,44.0
bike,164128999,150790980,113388745,110617952,97602980,97566327,97543226,97531623,97540126,93401772,91853313,91608950,0.029536707,8814.666666666666,3890.6666666666665,656.0,369.3333333333333,369.3333333333333,3437.3333333333335,54.666666666666664
hqc,440455482,440114864,428557438,428549211,428539607,428501820,428507115,428485813,428488550,428491187,428225162,423899733,0.133572741,8151.166666666667,4723.0,769.5,159.16666666666666,206.0,3929.0,57.5
classic,1205844989,1205855210,1205910954,1205940258,1205959101,1194511584,1185060178,1183922910,1160010674,1160009816,1160003942,1159994503,0.363444472,9750.030769230769,6423.630769230769,1831.3846153846155,938.6461538461539,196.0,4224.0,67.81538461538462
sike,132705119,132690799,132072212,132000504,131996855,131974469,131963501,131954620,131954820,131959443,125433210,121177069,0.03695266,604022.2857142857,1612.5714285714287,35264.0,132.0,693.1428571428571,273.14285714285717,81.14285714285714
kyber,64542366,38859345,38834214,38825865,38820974,38820437,38813377,38801100,38798959,38794729,38789023,38782205,0.012126453,183143.0,466.0,10440.0,132.0,811.0,1400.0,49.0
hqc,329062572,329081287,329067836,328933060,328682337,292943588,292870416,275295102,270948969,271533319,271517034,271530735,0.087195118,7807.058823529412,5248.0,791.0588235294117,132.0,108.0,4224.0,63.05882352941177
kyber,62322266,62339608,62352357,62367256,62392096,62387757,62403203,62409709,62415130,62438467,62456912,62462909,0.019151034,702656.0,1408.0,40848.0,132.0,568.0,8.0,80.0
ecdh,97616325,94347075,94318657,93352901,93243020,33049318,33004796,32983589,32971878,32976091,32971444,32969674,0.010199033,7541.333333333333,4821.333333333333,645.3333333333334,132.0,4.0,4224.0,56.0
bike,62024170,60727603,60240251,58692141,58326116,37647138,34069616,33216770,33196907,33182480,33115611,33093664,0.010466491,7711.0,5024.0,651.0,160.0,108.0,4224.0,56.0
classic,1948687156,1919002951,1918979798,1918971617,1918974152,1918981286,1917272231,1917273444,1917263816,1917254531,1917233601,1917229874,0.599410748,9863.301587301587,6790.0952380952385,1833.015873015873,1054.2857142857142,192.0,4224.0,59.93650793650794
ntruprime,79677971,79670493,79703796,79673068,77819101,52208779,42121699,41171716,41147458,38405595,38327324,35687115,0.010853234,7272.0,3456.0,252.0,132.0,108.0,4224.0,60.0
bike,43205416,40460914,38816487,38737486,38746208,38723487,38719349,38729050,38421678,38412816,38412143,38407916,0.011894064,7925.333333333333,5034.666666666667,645.3333333333334,364.0,108.0,4224.0,58.666666666666664
sike,150692836,150715257,150716233,150711348,150708441,150706120,140651901,126833920,126723615,126704910,124886829,124281047,0.040159749,703191.6363636364,1745.4545454545455,41251.63636363636,132.0,660.0,8.0,80.0
kyber,55141988,55168645,55182643,55194999,55215291,55222545,55211432,55225766,55237453,55258575,55299441,55336694,0.01668398,9972.0,152.0,304.0,132.0,892.0,1864.0,44.0
sike,220686799,218518894,217379038,217368833,214929565,214902490,214883027,214867000,214859134,210268748,199725315,199701801,0.060548133,703282.4,1875.2,41342.4,132.0,660.0,8.0,80.0
classic,1641144961,1641144847,1617392068,1615882541,1615863532,1614399219,1614378884,1606135672,1605596231,1605289293,1604490166,1603165237,0.496954924,8966.636363636364,6126.545454545455,1319.2727272727273,675.3636363636364,188.0,4224.0,56.0
sike,159078731,159107573,159128574,158973595,158985119,158997838,159028630,159050366,159057972,159077470,159094726,159113967,0.048837925,645444.6666666666,1655.3333333333333,37860.666666666664,132.0,679.3333333333334,162.66666666666666,76.66666666666667
ntruprime,58187231,53804402,32619587,32595319,32387808,32346216,20916024,20883538,20870885,19252358,19243805,19219493,0.006387591,9972.0,152.0,304.0,132.0,892.0,1864.0,40.0
frodokem,136788511,97584130,97550629,97550253,97540169,97547172,97539208,97535161,97536888,97514161,87767251,86994097,0.025980819,8020.0,5354.666666666667,892.0,132.0,220.0,4224.0,60.0
rsa,2704050276,2704085368,2704083412,2704100632,2669890500,2642257994,2642231770,2638392286,2634165173,2634131812,2634099033,2634093277,0.803295346,2950.40072859745,1534.9726775956285,236.06193078324225,132.0,120.70309653916212,1796.0619307832424,43.99635701275046
ntruprime,53743132,53747432,53753978,53489073,53301317,52468786,52451667,52455031,52453284,52445959,21408390,21372278,0.006675332,7272.0,3456.0,252.0,132.0,108.0,4224.0,56.0
frodokem,152212470,146230348,138807298,104375184,104346554,104293918,104274325,104051059,91085217,90381625,90374497,90350944,0.027675935,8041.6,5452.8,892.0,153.6,220.0,4224.0,62.4
frodokem,183330299,183353635,183377440,183386659,183404730,183406972,183423803,183433904,183452906,183460766,183474404,183476933,0.062476805,7924.0,5068.8,780.0,148.0,220.0,4224.0,60.0
rsa,5367034481,5367046912,5367079067,5367086382,5366703202,5329627652,5329587160,5329572893,5329572235,5329570617,5329555118,5329545921,1.653885775,2944.0,1536.0,236.0,132.0,120.0,1796.0,48.0
ntruprime,17468721,17491640,17525183,17528079,17541145,17548198,17553040,17559665,17577223,17586487,17596149,17597649,0.005744132,7272.0,4224.0,252.0,132.0,108.0,4224.0,64.0
hqc,441220446,441198678,441188506,441188591,441171821,441157392,438145608,438123705,434381717,434143627,434134090,431469946,0.128479359,7882.761904761905,5330.285714285715,822.6666666666666,168.0952380952381,108.0,4224.0,56.0
classic,1092129108,1081419718,1081419047,1081418742,1069771038,1070234984,1070241110,1070235860,1070242937,1070253895,1070259624,1070261855,0.33364836,8969.72972972973,6189.621621621622,1289.081081081081,639.3513513513514,207.02702702702703,4160.216216216216,70.91891891891892
frodokem,143254095,116811461,104032970,103971175,101972928,101957973,101804375,101792984,101755144,101583204,101573777,101550510,0.030466197,8277.0,4755.0,818.5,145.0,304.0,3929.0,54.0
frodokem,107635397,107685825,107740992,107766163,107780422,107852852,107866169,107881599,107890713,107900449,107931557,107935495,0.033073501,7852.0,5088.0,728.0,132.0,216.0,4224.0,60.0
ecdh,39810032,39872943,39889366,39905180,39924330,39934994,39942420,39521797,39527478,39537716,39570689,39228657,0.012350859,8852.0,2764.0,570.0,132.0,448.0,3044.0,50.0
rsa,1936863836,1936653509,1936917740,1936928198,1885310133,1871829739,1871451790,1871441295,1871441411,1871430571,1871421237,1871388212,0.566788385,2991.4864864864867,1537.027027027027,236.45945945945945,132.0,125.21621621621621,1796.4594594594594,44.027027027027025
hqc,566504049,566332907,517404019,517353533,512809015,511633181,511636033,511626455,511619781,511617727,511611752,511604351,0.156127713,7877.290322580645,5235.612903225807,825.8064516129032,169.41935483870967,108.0,4224.0,59.225806451612904
ntruprime,92334427,90344342,87610185,87580554,87581296,87220093,87215144,86567168,86570261,86565813,63050559,18286088,0.005889114,7548.0,4864.0,528.0,132.0,108.0,4224.0,52.0
ecdh,69580179,69586440,69591228,69605579,69602103,40733667,40693910,40674351,40666292,32395885,32352125,32270001,0.010426252,7740.0,5504.0,844.0,132.0,4.0,4224.0,56.0
rsa,3757850532,3757922448,3757920942,3757972259,3757988364,3758050966,3758089301,3757325604,3758254546,3758293437,3758352017,3758391754,1.174240855,3115.4146341463415,1502.2439024390244,237.65853658536585,132.0,138.82926829268294,1797.658536585366,43.90243902439025
bike,42547556,41755567,41771323,32682329,31984254,28245969,27792760,27574014,25674085,25663652,25650421,25323060,0.00790881,7908.0,5376.0,824.0,184.0,108.0,4224.0,64.0
classic,2103420442,2103490413,2103480814,2103550481,2103604988,2103621736,2103632641,2098511910,2054078296,2054045042,2054058899,2054075708,0.643764921,10386.646153846154,7128.615384615385,2148.0,1258.6461538461538,196.0,4224.0,63.93846153846154
bike,67311643,67315565,58864619,55238334,55079300,52899464,52893107,45954873,45867508,45544913,35107296,27873789,0.008930583,8634.0,2188.0,284.0,132.0,500.0,3044.0,48.0
ecdh,19394957,19418530,19456195,19467438,19487168,19513021,19542221,19550527,19560953,19574554,19583474,19592748,0.006597489,7144.0,4096.0,248.0,132.0,4.0,4224.0,56.0
bike,103379984,103341690,103373966,103580513,99996519,51887525,51824427,51804145,39787346,39714738,39717540,39689552,0.0120952,9094.4,1985.6,403.2,203.2,578.4,2808.0,46.4
frodokem,100583582,100586980,100570328,100566584,100557352,91615336,88773042,88487002,87555113,53524294,53490535,53481164,0.016136783,8148.4,4802.4,770.0,132.0,283.6,3988.0,62.0
bike,63576206,63575509,63515819,63505416,63497818,63238200,63224274,63212805,63017592,59465790,41208062,41101273,0.012699178,8001.0,5312.0,692.0,393.0,108.0,4224.0,59.0
sike,772993807,763270452,763249866,763214626,763225553,763244758,763237486,763152025,725571020,725541307,725528823,725524511,0.228291258,645487.3333333334,1676.6666666666667,37903.333333333336,132.0,679.3333333333334,162.66666666666666,73.0
rsa,4467802611,4467828896,4467900454,4467944691,4467975027,4467973795,4467999354,4467996105,4468026053,4468053702,4468084105,4468102119,1.385680771,3004.848484848485,1524.017316017316,236.5887445887446,132.0,126.68398268398268,1796.5887445887445,43.96536796536797
ecdh,64286140,64306938,64299564,64289291,64289270,61128047,61119291,61116666,58827458,19966734,19733242,19703332,0.006395881,7438.0,4224.0,542.0,132.0,4.0,4224.0,56.0
bike,82063391,81316701,81314895,79958472,79956504,79374660,79059233,73586807,39745062,39695668,39672865,39624681,0.011965734,9094.857142857143,2336.0,450.2857142857143,231.42857142857142,556.0,2875.4285714285716,48.0
sike,239596534,237233731,237166168,237164601,234131208,234115738,234100307,234092111,234112173,221322243,214495231,201231910,0.062783756,653546.2857142857,1766.2857142857142,38197.142857142855,132.0,676.5714285714286,140.57142857142858,73.71428571428571
classic,1525529037,1525549245,1525556755,1525579005,1525578701,1488943524,1480172376,1480159081,1480141505,1480126886,1480115901,1480109315,0.451863401,9770.285714285714,6964.244897959184,1840.0,950.2857142857143,196.0,4224.0,67.83673469387755
kyber,88298238,75455046,75402432,71226476,70458052,69866324,60099188,56311770,56082057,56061678,37267203,37240525,0.011288254,702784.0,1408.0,40976.0,132.0,568.0,8.0,82.0
frodokem,131465177,131473094,87630047,87640488,87710154,87770982,87763480,87759467,87756082,87760275,87808949,87821405,0.025902161,7924.0,5068.8,780.0,148.0,220.0,4224.0,56.0
classic,1230832937,1230833792,1230851994,1230852093,1230864718,1230882903,1230876125,1230877787,1230886795,1230893883,1230897236,1216072846,0.379415003,9742.74074074074,6729.925925925926,1801.1851851851852,914.2222222222222,208.88888888888889,4180.2962962962965,63.629629629629626
bike,49299676,49288720,49290923,36356586,36328972,34784970,34757753,34711674,33052137,32951634,25089062,24393417,0.007864919,8914.0,2700.0,564.0,132.0,500.0,3044.0,52.0
ntruprime,88174077,88144068,86248560,85746078,61789251,23509095,18950977,18901395,18875311,18855723,18837093,18811299,0.006016988,8622.0,1860.0,278.0,132.0,500.0,3044.0,50.0
ntruprime,33984275,33995789,33996659,33982500,33973044,33432915,18562399,18509713,18507852,18480323,18454055,18421193,0.005571253,7272.0,4224.0,252.0,132.0,108.0,4224.0,56.0
hqc,242821503,242843327,242858755,242863771,242865684,242804075,242779819,242783904,242796309,231152977,231123057,231108836,0.072512118,7840.0,5344.0,824.0,132.0,108.0,4224.0,56.0
bike,38831229,38859621,38867686,38867062,38875266,38863874,38873256,38892618,38902657,38907820,38915704,38919051,0.011479339,7930.666666666667,4864.0,645.3333333333334,369.3333333333333,108.0,4224.0,62.666666666666664
bike,65668474,65649110,65638795,65663654,58580688,58559128,58541923,58524985,57628202,39911630,39697994,39642817,0.012647383,8135.2,5606.4,805.6,413.6,108.0,4224.0,56.0
sike,168614104,168627722,168647354,168660536,168670342,168673952,168686407,160894881,160642887,160633694,156993344,154957998,0.047248482,703028.7272727273,1861.8181818181818,41088.72727272727,132.0,660.0,8.0,80.0
hqc,701335812,701365788,701389637,701413217,701435099,701451786,701480808,701503531,701529335,701552280,697033711,696527801,0.226900973,7892.631578947368,5376.0,836.0,164.6315789473684,108.0,4224.0,60.0
ecdh,84655467,84682009,84711455,84730541,84738444,84749835,84763860,84759639,84779822,84791999,84805172,84810479,0.025748459,8285.333333333334,3293.3333333333335,465.3333333333333,132.0,300.0,3437.3333333333335,52.0
sike,513876525,513072496,513114857,513119665,513126573,513122145,513093581,513092509,485439564,479936056,479906144,479271743,0.148938082,684034.4444444445,1849.5555555555557,40213.11111111111,132.0,666.4444444444445,59.55555555555556,82.77777777777777
hqc,477093534,477142087,477153571,477169813,477185820,477216071,477228063,477241381,477255357,477271187,477284091,477289155,0.146641398,7870.0,5301.333333333333,812.6666666666666,165.33333333333334,108.0,4224.0,59.833333333333336
bike,74479262,57996083,57927765,54182773,53309887,48455966,48412583,48403299,47348233,40218981,32264235,26367204,0.008789093,7856.0,5248.0,824.0,132.0,108.0,4224.0,60.0
sike,140208396,140234209,140258141,140268116,140284658,140283709,140292208,140315986,140339430,140359606,140383216,140396653,0.042715015,703244.0,1802.6666666666667,41304.0,132.0,660.0,8.0,80.0
rsa,14139457783,14125202251,14125182160,14125170202,14125199887,14125169370,14125160233,14125103940,14125122883,14125130071,14125124915,14085333710,4.45705146,2944.0,1536.0,236.0,132.0,120.0,1796.0,40.0
kyber,73496631,73433707,73329059,73198232,73024232,72962883,72954109,72942639,72936605,72931010,72936532,72784800,0.023278985,702784.0,1408.0,40976.0,132.0,568.0,8.0,76.0
sike,461806738,451692432,451679088,451687767,451691870,451656458,451640546,451636643,451633070,451613006,451592319,451587261,0.141480788,682282.303030303,1839.2727272727273,40108.121212121216,132.0,667.030303030303,64.24242424242425,71.03030303030303
bike,63351784,63354652,63358502,63362785,63360482,66207931,66227545,66226110,66233713,28419802,28396584,28129195,0.008740304,7604.0,4480.0,544.0,160.0,108.0,4224.0,56.0
bike,39170512,39202326,39218891,39220179,39217137,39216203,39247666,39267554,39276222,39278753,39278434,39276285,0.012162139,8049.6,5324.8,720.0,413.6,108.0,4224.0,59.2
ecdh,73089576,62196999,62176897,48578718,44881552,33717656,33685668,33702133,33682990,33675303,33663432,33645941,0.010478242,7520.0,4394.666666666667,601.3333333333334,132.0,4.0,4224.0,54.666666666666664
ntruprime,38775321,38812733,38823349,38852814,38898471,38912636,38928987,38955885,38967624,38976375,38981837,39006457,0.011496135,7272.0,4224.0,252.0,132.0,108.0,4224.0,56.0
classic,2140646684,2140681662,2140685575,2140712858,2140717230,2140697120,2140683412,2140649964,2140663820,2140676123,2087273312,2085047621,0.647451892,9780.0,6825.513513513513,1840.0,960.0,196.0,4224.0,56.0
ecdh,70401323,68389847,68333273,68167870,31315474,31284151,31277810,30122751,30109792,29383906,29367639,29353306,0.009464041,7660.0,5376.0,764.0,132.0,4.0,4224.0,56.0
ntruprime,36262629,31782366,31785488,31787089,31819380,31824436,31843926,31853615,26173321,25474821,19707518,18041810,0.005807314,9072.0,1338.6666666666667,286.6666666666667,132.0,630.6666666666666,2650.6666666666665,48.0
sike,200825079,200718290,200732599,200721066,197067501,197060111,197055273,182970351,182945179,182349895,182349904,182338104,0.055501055,659926.5,1721.5,38753.5,132.0,674.5,124.0,81.25
ntruprime,66325755,17869997,17836117,17827354,17867037,17858394,17853937,17847559,17868459,17870578,17870541,17857234,0.005756195,7832.0,5504.0,812.0,132.0,108.0,4224.0,68.0
frodokem,148276396,130490112,126778319,118703883,118572442,105812983,105542931,104803442,99830779,99804528,99817341,99799087,0.033305625,8038.857142857143,5412.571428571428,892.0,150.85714285714286,220.0,4224.0,56.0
frodokem,83865078,83900067,83909395,83927244,83978263,83938530,80441685,80331016,80260861,80202002,80143690,80102307,0.023737261,7898.666666666667,5184.0,774.6666666666666,132.0,216.0,4224.0,60.0
ecdh,55505758,55517215,55526426,55546151,55549473,55583193,55605472,55612328,56366657,56389284,56398294,56414764,0.018307534,7575.0,4512.0,756.0,132.0,4.0,4224.0,59.0
frodokem,156122441,121726192,121344285,118466913,114577823,114554215,114293917,114287821,110020986,108207409,108198369,108176258,0.035636238,7852.0,5056.0,728.0,132.0,216.0,4224.0,61.0
classic,1300480975,1296313906,1296301934,1288785894,1288796188,1288791210,1288812503,1288838883,1288834934,1288829995,1252065136,1250116868,0.398557806,9900.71794871795,6502.358974358975,1804.5128205128206,1054.5641025641025,209.94871794871796,4163.48717948718,59.58974358974359
frodokem,131412674,131371525,131396333,116163024,116140615,116119997,116112885,108378625,103870612,103835772,103301406,86356279,0.026734519,8424.8,4382.4,774.4,146.4,354.4,3752.0,59.2
classic,1027147870,1026853756,1025897048,1002361751,1000625535,1000595136,989808694,989800188,989812531,989833968,989839235,989836023,0.300581602,8996.0,6420.210526315789,1332.0,692.0,188.0,4224.0,64.0
frodokem,99780935,80270066,80291108,80653199,80646672,80647846,80625699,80623903,70888610,70859058,65218695,57465692,0.018072943,7992.0,5350.4,868.0,132.0,216.0,4224.0,60.0
hqc,369535800,369568021,369603042,369614394,369624173,369636336,369620872,369628924,369648365,369666236,369683278,369686235,0.115196574,7819.259259259259,5290.666666666667,803.2592592592592,132.0,108.0,4224.0,60.0
bike,64090631,49076498,47317744,46947286,46720440,46718146,46275947,46208104,46218123,46214666,46203301,46130612,0.013878804,7888.0,5376.0,832.0,140.0,108.0,4224.0,64.0
classic,1672234819,1672264879,1672291733,1672314536,1672337633,1672358382,1672415411,1672434895,1672494723,1672530489,1672545429,1672554575,0.505373387,8982.634146341463,6187.707317073171,1332.0,678.6341463414634,188.0,4224.0,56.0
ntruprime,60648328,60676691,60691006,60695101,60704393,60737828,60752359,60770157,18228825,18177378,18161838,18124556,0.005836157,7832.0,5248.0,812.0,132.0,108.0,4224.0,60.0
hqc,498065855,498098561,498123166,498174687,498190611,498201104,498211537,498227495,498238361,498253784,498268640,498280457,0.152631429,7863.0,5267.2,808.0,163.0,108.0,4224.0,60.0
ntruprime,78382867,82550442,82822827,83213131,83198020,46860796,49903200,59808849,56797705,59866076,59838644,60100072,0.020062596,7272.0,4224.0,252.0,132.0,108.0,4224.0,60.0
kyber,66705244,64930735,61695023,61677104,61667601,61643580,61623912,61605518,61598623,58533707,55067073,55043534,0.018371827,702656.0,1408.0,40848.0,132.0,568.0,8.0,80.0
kyber,88237752,87889472,87905500,83124046,83113410,78107617,77634730,77623293,35689131,35652587,35641042,35628831,0.011020075,702656.0,1408.0,40848.0,132.0,568.0,8.0,84.0
frodokem,84828159,84866499,80865319,80848198,80841542,80763967,80582647,73896111,73763741,50118287,50092308,50067620,0.016418781,8982.0,3084.0,586.0,132.0,554.0,3044.0,52.0
frodokem,174809838,174822069,174818388,174830703,174813954,174831189,174845772,174861112,174837433,174848423,174901254,167079309,0.050160943,8035.0,5392.0,892.0,147.0,220.0,4224.0,52.0
classic,1358835070,1358850351,1358875538,1358897962,1358909667,1358924697,1358398114,1358945028,1358953895,1358984821,1359023669,1359029520,0.418682728,9918.018018018018,6805.90990990991,1842.8108108108108,1099.2072072072071,192.0,4224.0,60.0
sike,225080474,225091167,225110653,225147380,225168990,225183632,225196404,225208448,225219492,225235199,225251008,225262876,0.072824669,703036.9411764706,1874.8235294117646,41096.94117647059,132.0,660.0,8.0,76.0
bike,74248039,74271558,74285701,68103868,68122497,67920003,67906997,48837367,48787783,48759003,48740986,39615684,0.01202633,8693.333333333334,3677.3333333333335,656.0,248.0,369.3333333333333,3437.3333333333335,53.333333333333336
classic,1986618288,1986651495,1986682450,1986779677,1986862801,1986896063,1947961582,1947899775,1947909323,1947926837,1947930638,1947926378,0.606155686,10389.978021978022,7341.010989010989,2146.5494505494507,1263.4285714285713,196.0,4224.0,60.0
classic,691782753,691718689,691665582,691691309,691688726,691701519,691709114,691714074,691658888,691622586,691632633,654283983,0.202922052,8988.0,6237.866666666667,1332.0,684.0,188.0,4224.0,68.0
sike,800324677,800335762,800344678,800355785,800349817,800366929,800360791,750902495,750866912,750859913,750843343,745163265,0.226870597,677382.3703703703,1868.7407407407406,39600.59259259259,132.0,668.5925925925926,76.74074074074075,82.37037037037037
bike,80166482,80191655,80211042,80225794,80232335,80253455,80265767,80278121,80292095,80306874,80312755,80322530,0.025259356,7296.0,4224.0,264.0,132.0,108.0,4224.0,56.0
classic,1440509549,1440553579,1440574861,1440600109,1440632227,1440658184,1440682161,1440697652,1440710988,1440718165,1440721694,1440732319,0.45019025,10345.241379310344,7353.379310344828,2128.689655172414,1236.551724137931,196.0,4224.0,64.0
kyber,117276934,108105065,108070527,99911903,99785718,97240268,74536739,71538421,50517803,47784818,47764847,47742792,0.015410223,702784.0,1536.0,40976.0,132.0,568.0,8.0,76.0
hqc,312819898,312813447,312833341,312837090,312831950,288020717,287976140,287963641,287955497,287943009,287931097,287923877,0.091971917,7815.652173913043,5236.869565217391,799.6521739130435,132.0,108.0,4224.0,60.0
frodokem,197226884,197230177,165083704,163290888,157111865,157088754,156972658,141449467,141409694,129615994,123539529,123498007,0.039231395,8049.333333333333,5461.333333333333,892.0,161.33333333333334,220.0,4224.0,60.0
ntruprime,34182721,33916056,33927987,33789315,25251637,25191960,23217760,21616618,21601237,21605857,21592194,17623944,0.005557442,7272.0,2688.0,252.0,132.0,108.0,4224.0,60.0
bike,116159702,116112958,116108504,116124189,115132382,114468176,108444934,108153780,107900965,92148045,58461767,45891801,0.014325063,8236.0,5760.0,832.0,488.0,108.0,4224.0,64.0
sike,235799329,235541540,235534079,231334753,231330794,231304399,213843308,213821486,213815588,213805193,213793917,203684555,0.062057888,703271.4285714285,1865.142857142857,41331.42857142857,132.0,660.0,8.0,80.0
frodokem,185215696,185209671,185209189,185200758,185213342,184475405,184109217,184108206,183597547,148232181,148199943,136261487,0.043118989,7970.8,5043.2,824.0,145.2,220.0,4224.0,63.2
kyber,36286934,36310491,36323612,36333122,36346864,36364529,36380558,36394788,36407133,36415861,36424997,36434371,0.011086769,702720.0,1472.0,40912.0,132.0,568.0,8.0,84.0
ecdh,71304778,71327676,71344986,71362685,71376732,71388850,71409551,71442453,71459316,71480093,71496849,71500346,0.023473203,7580.0,5248.0,684.0,132.0,4.0,4224.0,60.0
frodokem,98735980,59511205,59481678,59478985,58347876,58341056,58322366,58351254,58344706,58341565,57836631,57829533,0.017914378,8800.0,3045.714285714286,585.7142857142857,132.0,505.7142857142857,3212.5714285714284,51.42857142857143
rsa,467915713,467905997,467909597,467915852,467914738,467922141,467926978,434027591,433982607,421868059,421859494,421847741,0.135859258,2944.0,1536.0,236.0,132.0,120.0,1796.0,44.0
classic,770568615,753620650,751807941,748771700,742699557,743171973,735969977,734447335,734452827,734445824,734418070,734373468,0.228579833,8975.609756097561,6212.682926829269,1325.1707317073171,678.439024390244,188.0,4224.0,59.90243902439025
ecdh,48479236,48495606,48529925,48561533,48580897,48594122,48605970,48622046,48633926,48656576,48669463,48682321,0.015730067,7438.0,4800.0,542.0,132.0,4.0,4224.0,56.0
rsa,1411770800,1411751918,1411770681,1411760646,1411755504,1411730658,1409275943,1408299234,1408295589,1377489177,1377471466,1377462450,0.426802583,2944.0,1536.0,236.0,132.0,120.0,1796.0,48.0
classic,1071253731,1071260050,1071267906,1071274718,1071290168,1071297424,1070940381,1070940938,1070950583,1055980591,1055953437,1055930876,0.330017641,9780.038834951456,6766.601941747573,1840.0,960.0388349514564,196.0,4224.0,60.0
kyber,63996913,64037835,64058343,64101518,64119584,64133089,64154581,64141033,64148547,64163453,64172329,64175584,0.020086159,702656.0,1408.0,40848.0,132.0,568.0,8.0,84.0
classic,3051053524,3051093379,3051110929,3051150219,3051177704,3036860955,3036762462,3035906608,3035887460,3035801409,3035800218,2999193846,0.941192973,9873.142857142857,6737.269841269841,1835.111111111111,1062.031746031746,192.0,4224.0,60.0
sike,561483415,561504806,561522685,561524762,561566203,561436639,534108433,533997652,534147596,519182558,519341574,519471218,0.159646496,690450.5454545454,1887.8545454545454,40370.03636363636,132.0,664.2181818181818,41.74545454545454,79.34545454545454
classic,2280064607,2279043477,2278713688,2278702384,2278140809,2278140796,2272362782,2272346856,2272344066,2270569045,2270556110,2270534480,0.709466139,9785.052631578947,6596.0,1799.578947368421,938.2105263157895,214.31578947368422,4161.894736842105,63.473684210526315
ecdh,95250193,95273837,95236178,95243434,95234294,95220697,95232918,94993944,94380555,83375738,33360135,33274344,0.010231105,7740.0,5440.0,844.0,132.0,4.0,4224.0,58.0
bike,110885109,73442545,71554552,70800773,70783397,70795647,62275398,60731276,56984317,40953355,40903996,40870098,0.012688114,7991.0,4896.0,659.0,399.0,108.0,4224.0,58.0
sike,296899796,296965823,297046627,297120177,297208387,297318982,297473469,297659135,297829092,297993534,298140456,298274989,0.095078057,616641.0,1667.0,36235.0,132.0,689.0,240.0,75.0
ntruprime,28608448,28578922,28468914,26505665,26226241,26207086,26209231,18430778,18390860,18357407,18330229,18299597,0.005534711,7272.0,3200.0,252.0,132.0,108.0,4224.0,52.0
classic,1103086517,1092361824,1092328186,1090485332,1088216388,1087648371,1087660793,1086036669,1061290501,1049395241,1049359197,1049328793,0.322286795,8974.923076923076,6222.7692307692305,1332.0,670.9230769230769,188.0,4224.0,60.0
classic,2543080515,2523828037,2521072961,2521067239,2521065355,2521041455,2514752027,2514729609,2509338981,2509327487,2504113647,2504094831,0.775317768,9781.9,6728.066666666667,1801.6,936.4,213.4,4165.0,59.7
kyber,100379860,100389776,70188449,70124069,70125279,70127801,70138203,53416088,53404015,49629490,50914143,50915444,0.015600332,702656.0,1408.0,40848.0,132.0,568.0,8.0,76.0
ecdh,84371012,84374957,84377202,83574873,51743147,28509012,20503217,16685898,16653272,16636195,16636233,16610004,0.00545106,7144.0,4224.0,248.0,132.0,4.0,4224.0,64.0
ntruprime,53224599,53213784,53218832,51145107,51077702,51057833,51037456,41951853,41723527,41714340,17547730,17501552,0.005635636,7272.0,4352.0,252.0,132.0,108.0,4224.0,60.0
rsa,14702635004,14702642955,14702653811,14696632701,14694393265,14693277207,14693271228,14693244647,14656472369,14656457171,14656446069,14656425569,4.478584559,2985.3411764705884,1527.8588235294117,236.4,132.0,124.54117647058824,1796.4,47.95294117647059
ecdh,106667462,106658454,104495322,92885273,92867085,56947679,52338208,52305810,52290250,52272413,45404903,33435837,0.011055952,7541.333333333333,5077.333333333333,645.3333333333334,132.0,4.0,4224.0,56.0
frodokem,186068663,186108144,186159443,186185001,186202717,186216270,186234455,186249162,186271138,186287628,186300724,186293741,0.061032103,7997.2307692307695,5316.923076923077,848.9230769230769,152.30769230769232,220.0,4224.0,63.69230769230769
ecdh,69899462,59973249,55694381,55666510,35381283,35328529,33558885,33548704,33522987,33502020,33487311,32625567,0.010222029,7740.0,5504.0,844.0,132.0,4.0,4224.0,56.0
bike,62339053,62380830,62399259,62421133,62436332,62450317,62470016,62496049,62508103,62520822,62543496,62557014,0.020891498,7856.0,5120.0,824.0,132.0,108.0,4224.0,56.0
rsa,3655813955,3653118259,3653138292,3652176781,3652222021,3651897340,3651914706,3651931280,3651936429,3651937703,3649495104,3649491040,1.162871073,2944.0,1536.0,236.0,132.0,120.0,1796.0,44.0
ntruprime,62489782,53363889,53359456,53348976,53325464,41013364,40982759,40971652,40961267,40933895,20422119,19053040,0.006179565,7832.0,5120.0,812.0,132.0,108.0,4224.0,60.0
classic,1152821303,1152884660,1152955427,1152657510,1146811462,1146810070,1141929983,1141927109,1141909617,1141921623,1141918163,1142057516,0.345235211,9751.627906976744,6795.906976744186,1826.9767441860465,944.6511627906976,196.0,4224.0,63.906976744186046
sike,238057555,238075068,238094899,235040347,234535953,234437208,226748040,226670822,225781949,225774416,220005934,214642844,0.066497802,703180.0,1760.0,41240.0,132.0,660.0,8.0,76.0
rsa,1921383715,1921355144,1921341624,1921333832,1921339323,1921336819,1921325471,1921035877,1915109211,1902353290,1902332597,1902325019,0.59132779,2944.0,1536.0,236.0,132.0,120.0,1796.0,44.0
bike,50130917,50151144,50156461,50185090,50205807,50217769,50232814,50241335,50316266,50346388,50391090,50394737,0.01487174,8060.0,5568.0,832.0,312.0,108.0,4224.0,60.0
bike,69009575,69018900,64838308,40627659,40599819,40584116,40569464,40559945,40557687,40552782,40543789,40538106,0.012433852,8001.0,5312.0,692.0,393.0,108.0,4224.0,56.0
classic,737904036,735177274,708537729,696232710,696209602,696200416,694365972,692837203,692846414,692884430,689663648,689650935,0.215042869,8969.578947368422,6228.210526315789,1324.6315789473683,672.9473684210526,188.0,4224.0,56.0
kyber,109259517,109290553,112397869,65813944,65764584,54320765,54047219,52957303,51950687,51941937,51382594,51362644,0.01655545,702912.0,1792.0,41104.0,132.0,568.0,8.0,80.0
sike,206647853,206638180,203963310,203934575,203669496,199735462,177357097,177304984,177283811,177275411,177270890,177156096,0.053639841,703212.0,1760.0,41272.0,132.0,660.0,8.0,80.0
rsa,623378828,618684287,618661066,618650358,618629760,616293343,614280002,614082338,589299941,589267840,577747883,571674490,0.189497859,2944.0,1536.0,236.0,132.0,120.0,1796.0,48.0
rsa,2819979309,2816619201,2816631328,2813963898,2813975565,2813965569,2794254362,2782743263,2782712398,2782376562,2770541467,2768888082,0.905843752,2944.0,1536.0,236.0,132.0,120.0,1796.0,48.0
hqc,372360160,372354201,372400720,372419904,372441240,372450167,372437472,372452280,372455670,372480083,372467325,372468338,0.120003352,7840.0,5337.6,824.0,132.0,108.0,4224.0,60.0
classic,1239013129,1239031878,1202558876,1163603843,1160031652,1159497541,1159489665,1156462820,1156421828,1156418006,1156409676,1156408248,0.360650389,9898.25,6958.0,1835.25,1087.0625,192.0,4224.0,60.0
kyber,45334364,45358740,45373943,45382991,45396342,45403606,45410335,45435583,45450324,45459027,45469891,45472556,0.015673848,702656.0,1408.0,40848.0,132.0,568.0,8.0,76.0
kyber,58321497,58657076,58683494,58703016,58710817,58721800,58746089,58758431,58778910,58800658,58813264,58821876,0.019211156,702656.0,1408.0,40848.0,132.0,568.0,8.0,76.0
bike,113625794,113647715,113650815,64927871,60849497,47728263,47449831,47207416,43137510,43108922,43101133,40711144,0.012324997,7320.0,3072.0,272.0,132.0,108.0,4224.0,60.0
classic,2843346490,2843411974,2843443282,2843469546,2843491848,2843516730,2843548241,2843574362,2843608208,2843636569,2843667746,2843676310,0.895593829,9907.830985915492,6645.859154929577,1800.619718309859,1059.0985915492959,211.71830985915494,4157.521126760564,63.2112676056338
hqc,456747679,456769328,456781177,456795874,456790950,443924826,439145809,439150391,439142710,439167520,439143320,439126487,0.135555581,7882.0,5348.923076923077,825.2307692307693,164.76923076923077,108.0,4224.0,64.0
kyber,104572950,102552188,60640846,60623826,60614285,51956872,51967723,51952369,51941500,51941289,51940346,51929751,0.015584141,702656.0,1408.0,40848.0,132.0,568.0,8.0,76.0
bike,59776380,59833528,55391929,55390011,55388407,45883614,39652299,39656720,39634777,39624121,39808419,39795555,0.0120711,7909.333333333333,4181.333333333333,726.6666666666666,369.3333333333333,108.0,4224.0,54.666666666666664
rsa,653072571,653083708,653095956,653114309,653140659,653155693,653171299,653180796,653190343,653195580,653207377,653221838,0.204441812,3084.56,1508.32,237.36,132.0,135.44,1797.36,47.84
ecdh,67231033,67250274,67252568,67262272,67279462,43825097,43811614,43807428,18741405,18724798,18724950,18701040,0.005835977,8558.0,1612.0,276.0,132.0,448.0,3044.0,50.0
ecdh,73544824,67828259,67425311,67424121,67415541,67405646,67410843,67079451,67080936,29891826,29843619,29816401,0.009332509,7410.0,3392.0,668.0,132.0,4.0,4224.0,62.0
ecdh,36020743,36059600,36084138,20594997,20571878,20553655,20546918,20519990,19835850,19825885,19803577,19786485,0.006140908,9225.333333333334,1893.3333333333333,481.3333333333333,132.0,596.0,2650.6666666666665,45.333333333333336
hqc,339602120,339627994,339652693,339709962,338807569,338812656,338874218,338913145,338927178,327667564,325082350,324555575,0.099763577,7840.0,5350.4,824.0,132.0,108.0,4224.0,60.0
sike,279342215,278571844,278578617,277769472,277767315,240758897,238401103,238471451,238494133,238492109,238487013,238475725,0.075376763,703279.5555555555,1870.2222222222222,41339.555555555555,132.0,660.0,8.0,76.0
hqc,630873652,630912662,630868553,630870583,629215485,629128261,624923581,620553385,620529901,620279841,619814327,617561608,0.186245839,7892.242424242424,5376.0,836.0,164.24242424242425,108.0,4224.0,60.0
ecdh,18144681,18156835,18235483,18250195,18266359,18300251,18348319,18357883,18369096,18406457,18455336,18459739,0.00530812,7144.0,3456.0,248.0,132.0,4.0,4224.0,56.0
classic,2725544228,2725569001,2725579191,2725606270,2681504238,2681502649,2679056474,2679053496,2679041285,2679019571,2679017693,2678998153,0.849205994,9761.945945945947,6621.405405405405,1840.0,941.9459459459459,196.0,4224.0,63.891891891891895
classic,1572683833,1572720461,1572730122,1572728681,1572736749,1572771830,1566298959,1565287916,1562824799,1562488511,1562457909,1522575957,0.474015746,9760.207792207791,6357.402597402597,1792.8311688311687,920.987012987013,214.07792207792207,4162.701298701299,59.58441558441559
sike,103031908,103054741,103078409,103090752,103105883,103106160,103127764,103137513,103150394,103159466,103167413,103173235,0.031699774,586176.6666666666,1642.6666666666667,34314.0,132.0,660.0,8.0,67.33333333333333
sike,170628208,170661448,170736868,170757639,170782859,170804809,170827784,170837928,170850997,170861831,170878101,170885066,0.053733123,703212.0,1728.0,41272.0,132.0,660.0,8.0,84.0
bike,53625339,53452120,53428772,53415316,53437063,53470097,50920802,40928314,40901334,39585266,39373676,38407055,0.011821698,8228.0,5760.0,832.0,480.0,108.0,4224.0,56.0
classic,2020486805,2020039201,2020052449,1969795813,1969758693,1969764725,1969758884,1969744045,1958071123,1958044221,1957964086,1957991367,0.616073416,9857.44,6835.2,1816.32,1065.12,192.0,4224.0,67.52
rsa,9143380951,9143394377,9112329386,9061183340,9061232020,9061258117,9061261662,9060688049,9057204546,9058201611,9048493263,9048566942,2.850803523,2954.8792569659445,1536.235294117647,236.10526315789474,132.0,121.19504643962848,1796.1052631578948,48.0061919504644
ecdh,19794080,19803759,19802749,19784457,19799994,19862287,19866147,19887124,19888322,19888756,19910628,19908777,0.006224626,9972.0,1560.0,304.0,132.0,892.0,1864.0,52.0
frodokem,174519283,174536747,174535308,174550169,174553899,174551991,174539688,150404881,149767551,113258798,113224852,113209442,0.035115192,7845.333333333333,4821.333333333333,705.3333333333334,144.0,220.0,4224.0,56.0
kyber,96128250,92066236,92058264,92054365,92031225,90472036,88118681,87901057,64958291,50851690,48727094,48694477,0.015723135,702656.0,1408.0,40848.0,132.0,568.0,8.0,76.0
hqc,547967458,547993210,548006925,548021234,548027315,548040656,548046695,548067952,548085552,496493271,494972175,490694427,0.148842104,7876.8,5324.8,820.0,164.8,108.0,4224.0,60.0
classic,1280857522,1247661800,1247639967,1243299050,1243269922,1242948237,1242809679,1242828461,1242820077,1241247645,1241248348,1233513761,0.380971956,9924.0,6818.133333333333,1844.0,1104.0,192.0,4224.0,56.0
classic,1430991814,1431012510,1431035167,1431099182,1430440726,1380194365,1380161529,1380147007,1380145451,1380133363,1380146535,1380147154,0.428194657,9770.361111111111,6662.222222222223,1836.111111111111,954.25,196.0,4224.0,60.0
rsa,6763717453,6759591091,6759596861,6730371504,6728205463,6728196869,6717585837,6713977637,6713938305,6713915904,6709692547,6708082747,2.153153468,2944.0,1536.0,236.0,132.0,120.0,1796.0,48.0
