label,CPU0_cycles,CPU1_cycles,CPU2_cycles,CPU3_cycles,CPU4_cycles,CPU5_cycles,CPU6_cycles,CPU7_cycles,CPU8_cycles,CPU9_cycles,CPU10_cycles,CPU11_cycles,elapsed_time,VmSize,VmRSS,VmData,VmStk,VmExe,VmLib,VmPTE
SPHINCS,2066419201,2066433862,2066445971,2066453484,2066459596,2066465580,2030066454,2027753440,2027741045,2017078589,2017043828,2015244131,0.609577126,10464.0,6016.0,808.0,132.0,2308.0,4224.0,64.0
Falcon,101674641,101034927,101728515,101702060,101706127,101712576,101722295,101740439,101769638,101793646,101852749,101887195,0.031127638,10417.333333333334,5984.0,761.3333333333334,132.0,2308.0,4224.0,64.0
Falcon,134813397,134835580,134833325,134865489,134901436,134918344,134920138,134933613,134948803,134962831,134981621,134996345,0.040880014,10449.333333333334,5902.222222222223,793.3333333333334,132.0,2308.0,4224.0,67.55555555555556
DSA,57582159,57596835,57499717,56683888,46421678,46403277,46398244,46392200,17773550,17724963,17700004,17649830,0.005500463,9904.0,4224.0,248.0,132.0,2308.0,4224.0,60.0
DSA,37905013,24651590,20427453,20419862,20403933,20409520,20405737,20416567,20417875,17257447,17242227,17221280,0.005897762,10184.0,5120.0,528.0,132.0,2308.0,4224.0,60.0
Falcon,94807594,94804764,94804387,92737059,92726779,92049946,91611426,91610895,91607250,91470365,89973019,89849332,0.029264645,10253.6,4459.2,595.2,132.0,2024.8,3752.0,56.0
SPHINCS,5134538971,5134587795,5120290453,5120271068,5118351964,5118334985,5096203062,5095298022,5095310253,5075315373,5075296483,5075267930,1.565916342,10460.744186046511,5746.604651162791,804.7441860465116,132.0,2308.0,4224.0,64.0
DSA,17013151,17026742,17050458,17063001,17075199,17082636,17093323,17160136,17178959,17184901,17190627,17191993,0.005210335,9904.0,3584.0,248.0,132.0,2308.0,4224.0,60.0
SPHINCS,572538505,572563221,572584694,572597752,572619198,572643904,572671913,572697162,572718237,572752677,572770706,572784866,0.178632776,10436.0,5632.0,780.0,132.0,2308.0,4224.0,63.8
Dilithium,63962992,63954585,63398606,63385227,63380960,63378322,63339684,63397151,63398458,63211837,60844381,19711176,0.00591459,9904.0,3968.0,248.0,132.0,2308.0,4224.0,60.0
Falcon,303630877,303671188,303710100,291249133,291047302,286072082,252056475,251994782,251954285,247223234,247232641,247221508,0.073489124,9418.0,5440.0,727.2,119.2,2077.2,3801.6,66.0
Falcon,161669876,161657881,161653208,161626705,161638897,161638166,161634223,161627624,161482834,152786228,148807365,145689281,0.043574503,10384.0,5760.0,728.0,132.0,2308.0,4224.0,67.42857142857143
Dilithium,92320334,92327922,92334911,92348372,92374602,86518354,43150353,43103630,43084313,17113205,16336282,16303660,0.005079132,9904.0,3968.0,248.0,132.0,2308.0,4224.0,60.0
Dilithium,52911490,52897710,52936656,52964603,53014174,53090387,53140602,53172651,53188416,53209083,53227413,53239097,0.017206349,9972.0,152.0,304.0,132.0,892.0,1864.0,44.0
SPHINCS,1961061691,1932492928,1919422351,1919394300,1916836119,1916832343,1916822446,1916816031,1916815013,1916828386,1910169819,1910125357,0.576091616,10464.0,5888.0,808.0,132.0,2308.0,4224.0,60.0
Falcon,45633570,45637194,45654734,45687140,45709211,45718963,45734382,45755142,45765848,45782533,45792196,45795164,0.015291249,10464.0,6058.666666666667,808.0,132.0,2308.0,4224.0,68.0
DSA,16328389,16338302,16337433,16322445,16349554,16361007,16358801,16365360,16375299,16379471,16385625,16391988,0.004969553,10152.0,2572.0,490.0,132.0,1600.0,3044.0,52.0
Falcon,89352256,89360452,88463133,87204570,87194868,85227819,83559219,60309435,57507871,47803969,47777035,42462782,0.01327562,10277.333333333334,5333.333333333333,621.3333333333334,132.0,2308.0,4224.0,64.0
Falcon,43715387,43756086,43768061,43779942,43823569,43840786,43847157,43842349,43853331,43863396,43879764,43892785,0.013664811,10288.666666666666,4612.0,630.6666666666666,132.0,2072.0,3830.6666666666665,63.333333333333336
SPHINCS,2396211845,2396256650,2396265631,2393699376,2393697560,2393697054,2371384989,2358157905,2358124802,2353382387,2353356386,2353330574,0.712141181,10459.044247787611,5867.6106194690265,803.0442477876106,132.0,2308.0,4224.0,64.0
SPHINCS,497632581,497643554,496938494,459861253,459836929,459828787,459826184,422993932,422944680,422942388,422939413,422919035,0.136722849,10451.52,5670.4,794.16,132.0,2308.0,4224.0,59.92
DSA,63902382,63895343,63885324,51480726,51478610,51479003,51466286,51457917,19305377,19273472,19284214,19274685,0.006208695,10464.0,6016.0,808.0,132.0,2308.0,4224.0,64.0
SPHINCS,1748829822,1748836114,1748844226,1711954152,1711419850,1711894584,1699443340,1699410957,1699346092,1699341059,1699353889,1699344417,0.517906045,10458.313513513514,5848.0,802.2486486486487,132.0,2300.345945945946,4211.243243243243,67.89189189189189
DSA,24563761,20337740,19066366,18055287,18040650,18030367,16133171,16110758,16102399,16082136,16067843,16053903,0.00498665,9904.0,3584.0,248.0,132.0,2308.0,4224.0,64.0
DSA,66696286,58529180,56877498,56077570,56065516,42669573,30369049,30317380,30311690,30305263,30286383,18264387,0.005877176,10152.0,3584.0,650.0,132.0,2308.0,4224.0,62.0
DSA,53126382,30619903,30589425,30589851,30584396,30569280,17826863,17810734,17760771,17754948,17740775,17735091,0.00535379,9904.0,4224.0,248.0,132.0,2308.0,4224.0,60.0
Falcon,87751702,87490940,87455441,87443851,83864691,82948592,60002949,48125913,47544852,42956152,42924423,42901050,0.014282967,10370.666666666666,5504.0,714.6666666666666,132.0,2308.0,4224.0,60.0
DSA,41858647,41874826,41901642,41912916,41939089,41953561,41948019,41956273,41974650,41979000,41989459,41992311,0.013396876,9840.0,1408.0,492.0,132.0,2308.0,4224.0,60.0
SPHINCS,4692272954,4692336316,4664894088,4664890906,4661078832,4653172133,4653140100,4653119439,4653108850,4641435770,4641408182,4641399109,1.52801715,10464.0,5877.787234042553,808.0,132.0,2308.0,4224.0,64.0
DSA,50617463,41859213,31389848,31386477,31420581,19322526,19353514,19332420,19327053,19320820,19335298,19341490,0.006107698,10048.0,4736.0,392.0,132.0,2308.0,4224.0,64.0
Dilithium,110942734,110948223,108307812,64983807,63806149,28433177,22143913,19058337,19026069,19009029,18971639,17374023,0.005701938,10464.0,5888.0,808.0,132.0,2308.0,4224.0,60.0
Falcon,190627389,190651193,190697447,190732218,190752009,190770399,190786003,190799610,190818814,190833218,190858163,190870273,0.057725439,9752.0,4576.0,711.0,132.0,2308.0,3819.0,59.0
DSA,73194679,73059361,28880439,28830627,28829446,28823659,28811467,25112454,20544963,17445932,17407488,17380473,0.005594904,10184.0,4416.0,528.0,132.0,2308.0,4224.0,62.0
DSA,76167069,69260584,69268817,69247789,69236318,69222064,69209629,69227008,23784070,23743494,23724697,17748694,0.005358942,10398.0,5568.0,742.0,132.0,2308.0,4224.0,62.0
SPHINCS,328561208,328575512,289427468,289400777,289405803,289391649,286430818,286437436,286429087,286426043,276783009,272856123,0.082676033,10436.869565217392,5726.95652173913,780.3478260869565,132.0,2246.4347826086955,4121.391304347826,63.65217391304348
DSA,42080589,42077114,30117588,30136364,30139752,30131844,30134470,30131936,30130061,19901377,16834428,16799071,0.005411735,9972.0,1560.0,304.0,132.0,892.0,1864.0,56.0
Dilithium,67407759,67399887,67405560,67410084,63483443,42894955,42835657,42807453,42788299,17428371,17384207,17356370,0.005488754,10184.0,4736.0,528.0,132.0,2308.0,4224.0,60.0
SPHINCS,5119234978,5119266194,5119331672,5119331779,5119383906,5119427772,5119418775,5119396382,5095061502,5095048165,5095037649,5095029669,1.571101821,10464.0,5877.059829059829,808.0,132.0,2308.0,4224.0,64.0
SPHINCS,2088357699,2088381769,2088390941,2088399355,2088408872,2088406505,2088381486,2063938450,2063905007,2051698000,2051666985,2045521193,0.641157967,10464.0,5888.0,808.0,132.0,2308.0,4224.0,68.0
DSA,28136489,28197467,28256913,21959001,20344657,20386478,20408898,20454294,20460199,20449826,20425979,20419830,0.006572153,9904.0,3072.0,248.0,132.0,2308.0,4224.0,64.0
Dilithium,65599569,42874926,37338464,37284875,30904631,30488288,28370217,28344809,28127199,19289677,17705309,17670249,0.005834575,9938.0,2188.0,276.0,132.0,1600.0,3044.0,50.0
Falcon,285229566,285222291,283798908,252787914,239269091,239224595,239208792,239184891,238312690,233546803,233512883,231020345,0.070751781,10382.0,5060.0,724.0,132.0,2072.0,3830.6666666666665,60.0
Dilithium,81561525,81594678,70187965,70096279,70095756,27609395,26104039,20111468,19908642,18531796,16889359,16868322,0.005164112,9904.0,3968.0,248.0,132.0,2308.0,4224.0,64.0
Dilithium,17615492,17629493,17646683,17661072,17674759,17679895,17691622,17686844,17692506,17697095,17704020,17707017,0.005717993,9972.0,152.0,304.0,132.0,892.0,1864.0,44.0
DSA,47660439,47673010,47667440,20638087,20618240,20602116,20589040,20584467,20575998,20580346,20580482,20551617,0.006359596,9904.0,3584.0,248.0,132.0,2308.0,4224.0,60.0
SPHINCS,2603571993,2599223755,2579460271,2575844762,2575856467,2575850742,2575850651,2575139367,2575786152,2555335149,2555329958,2543588675,0.82391128,10461.383177570093,6007.626168224299,805.3831775700935,132.0,2308.0,4224.0,63.981308411214954
Falcon,197510344,194175472,194181134,194179191,194184536,194197510,193199375,185524408,181920399,181876481,156467146,156130144,0.047664493,10436.666666666666,5690.222222222223,780.0,132.0,2229.3333333333335,4092.8888888888887,62.888888888888886
SPHINCS,416084504,416093689,416081103,364385995,364391078,364325788,364327994,364311658,364326407,364322728,357653582,357640783,0.108554625,10437.333333333334,5644.190476190476,781.3333333333334,132.0,2308.0,4224.0,67.61904761904762
Dilithium,80922797,80289541,79105854,79091915,78833006,78823527,43241273,43170770,36903768,32719995,31215938,17796823,0.005491381,10180.0,4736.0,524.0,132.0,2308.0,4224.0,72.0
SPHINCS,4516957119,4483690300,4483664745,4478560795,4473985912,4470168185,4465601535,4465577706,4450598334,4443014785,4431561382,4431487779,1.414718996,10461.502538071067,5772.467005076142,805.4416243654822,132.0,2300.812182741117,4212.0203045685275,63.878172588832484
SPHINCS,4992122157,4992152091,4992184550,4992209294,4992229744,4992272300,4992311738,4992328006,4992348442,4992347238,4992449924,4992472071,1.548876572,10461.171717171717,5783.919191919192,805.1717171717172,132.0,2308.0,4224.0,63.97979797979798
DSA,60197984,60033732,53322753,52161142,49909118,49926528,41652514,17752556,17702107,17679723,17663274,17463979,0.005807553,10152.0,2572.0,490.0,132.0,1600.0,3044.0,56.0
DSA,48885990,46937668,46919017,46917917,46928100,46923747,34309343,34248338,32614348,19371229,19337487,19317710,0.006063484,10184.0,4736.0,528.0,132.0,2308.0,4224.0,64.0
DSA,17303175,17337496,17340769,17344719,17361377,17382026,17396266,17416263,17435979,17446535,17459468,17476093,0.005637426,10233.333333333334,4864.0,577.3333333333334,132.0,2308.0,4224.0,66.66666666666667
Dilithium,63400596,62939529,62871295,55440331,55410306,55389162,55366964,53570258,40064524,38808164,29032590,16645235,0.005692894,10218.0,3084.0,556.0,132.0,1600.0,3044.0,56.0
Falcon,96116642,96115701,96132303,95128785,95131963,95132692,76511434,64983889,64963168,64948308,53204304,53153263,0.017571167,10304.57142857143,4428.571428571428,690.8571428571429,132.0,2105.714285714286,3886.8571428571427,60.0
Dilithium,43205039,43406739,43422527,43435792,43444831,43451194,43463001,43466205,43478854,19282737,19256533,17102412,0.005503375,10464.0,5120.0,808.0,132.0,2308.0,4224.0,64.0
Falcon,77731678,77740014,77742388,77745634,77730009,77723497,77720080,77718517,52811339,52763109,51308702,49047462,0.01519598,6856.0,3136.0,420.0,132.0,2308.0,2200.0,52.0
SPHINCS,1557622367,1557633649,1557646111,1557660987,1557667771,1557670594,1541175234,1541154497,1541149999,1537479130,1537472673,1537453143,0.499336797,10460.372093023256,5864.186046511628,806.1627906976744,132.0,2308.0,4224.0,59.97674418604651
Falcon,259509250,259545430,259561897,259580090,259585843,259600995,259612120,259629059,259645053,259663207,259673031,259693000,0.08103767,10464.0,6016.0,808.0,132.0,2308.0,4224.0,68.0
DSA,56429312,56462491,56490875,56475180,56479966,56489538,56503469,56520727,56532254,56530394,56540707,56545707,0.018593722,10184.0,4672.0,528.0,132.0,2308.0,4224.0,64.0
DSA,78121953,51475543,51357344,51341351,51327206,27735367,27686605,27663462,23209262,22331343,22332823,16575352,0.005708194,9904.0,3456.0,248.0,132.0,2308.0,4224.0,60.0
SPHINCS,5468177931,5468230800,5468284010,5468303600,5468322064,5468350768,5468358656,5468340716,5468381927,5468407469,5468417543,5468428237,1.668353515,10462.66028708134,5826.44976076555,806.6602870813397,132.0,2308.0,4224.0,71.98086124401914
Dilithium,69364697,26383237,26318511,26274459,26267270,23377226,23360021,20391453,18826515,18358237,18411234,18434371,0.005416821,9840.0,1024.0,492.0,132.0,2308.0,4224.0,56.0
DSA,64955462,72546977,77202340,80634754,83556989,79590337,80078085,79096478,79111939,79931157,78373866,73076575,0.022303195,9840.0,1536.0,492.0,132.0,2308.0,4224.0,60.0
SPHINCS,3399346570,3399358950,3399386808,3399399624,3399419594,3399426133,3399448442,3399464892,3399481364,3399517896,3399536157,3399530363,1.05437879,10461.666666666666,5869.333333333333,805.6666666666666,132.0,2308.0,4224.0,64.0
DSA,65120400,65137873,65216630,65219424,65255068,65262742,65268758,40908557,17119917,17094368,17076114,17054608,0.005588897,9972.0,152.0,304.0,132.0,892.0,1864.0,44.0
Falcon,228851608,225340728,225288978,225355538,225364803,225182489,225237452,225244785,225252167,225298488,222843412,222834919,0.066725658,10429.0,5856.0,773.0,132.0,2308.0,4224.0,60.0
Falcon,206871383,206889179,206886423,205979960,205707253,182836516,182801353,182795225,182793709,182796491,158376589,158352576,0.047272287,10365.6,4843.2,707.2,132.0,2024.8,3752.0,60.8
SPHINCS,298843550,274591091,274565413,274566204,261854130,261797776,257333808,249537855,249501027,249491253,248072487,239467819,0.078061995,10400.4,5248.0,771.6,132.0,2308.0,4224.0,66.0
Falcon,189332235,186412956,186407276,186415300,170797105,170621023,168670170,168328240,158384275,157578499,157564464,143362442,0.044331862,9418.0,5414.4,727.2,119.2,2077.2,3801.6,55.2
SPHINCS,2730806497,2730837630,2730855968,2730886549,2730848604,2730870579,2730898752,2730918161,2730942831,2730969565,2730985830,2730996928,0.857875994,10442.903703703703,5973.333333333333,805.0370370370371,132.0,2308.0,4212.0,59.851851851851855
SPHINCS,283785620,239359218,239321110,237068246,236976550,236980812,236962100,236951423,236657307,236653295,236661284,236653315,0.07160279,10464.0,5781.333333333333,808.0,132.0,2308.0,4224.0,68.0
Falcon,197951515,197953868,197949154,197958351,197956481,197951631,197836842,197829458,172580561,170709843,147112683,147063544,0.044632786,10442.461538461539,6070.153846153846,786.4615384615385,132.0,2308.0,4224.0,67.84615384615384
Falcon,103942167,103951305,103677154,102535521,99448317,66684325,66650387,66629709,66618564,61471477,55497202,53985464,0.01662891,10292.444444444445,4485.333333333333,633.7777777777778,132.0,1993.3333333333333,3699.5555555555557,55.55555555555556
Falcon,321159384,321180286,320091778,320101334,308256218,308220309,308201914,303362007,300019178,300020119,300028970,272546862,0.082210123,10417.333333333334,5962.666666666667,761.3333333333334,132.0,2308.0,4224.0,71.33333333333333
SPHINCS,4492569537,4477055742,4477034300,4476855871,4476857106,4472571074,4469893825,4469865782,4469246905,4468415254,4469205845,4469197469,1.367268661,10462.482384823848,5874.818428184281,806.4823848238483,132.0,2308.0,4224.0,60.0
Falcon,90063717,90091471,90109001,90105079,75082639,75031907,73627997,73524197,46007187,44941698,44923246,43747906,0.014361612,10370.666666666666,5482.666666666667,714.6666666666666,132.0,2308.0,4224.0,60.0
Dilithium,62587630,62583853,62597223,62607382,62590697,62600288,62612705,62633265,62646194,62674370,62685778,62694971,0.019158533,10048.0,4736.0,392.0,132.0,2308.0,4224.0,64.0
Dilithium,59573237,52838438,30304966,30105353,30004915,25821009,22417846,18799168,18822404,18561840,18059494,18043027,0.005810096,10180.0,4736.0,524.0,132.0,2308.0,4224.0,68.0
SPHINCS,2292656350,2292687694,2292716275,2292761809,2292788078,2292811317,2292837192,2293075851,2293173761,2293193934,2293196678,2293266607,0.720006817,10460.433121019109,5996.4331210191085,804.4331210191083,132.0,2308.0,4224.0,60.0
DSA,19827647,19838099,19886545,19913995,19942016,19960108,19971537,19978120,19989920,20005313,20016110,20034222,0.006469682,9904.0,3584.0,248.0,132.0,2308.0,4224.0,60.0
DSA,39790065,39796072,39795138,39786271,32021690,16598768,16580415,16586061,16576545,16559499,16532268,16512922,0.005318657,10152.0,3776.0,650.0,132.0,2308.0,4224.0,64.0
SPHINCS,3214445455,3214523235,3214548144,3214572459,3214588611,3214601969,3214618445,3214622966,3214630600,3162719253,3162646001,3162626655,0.977073785,10460.460431654676,5846.73381294964,804.3741007194244,132.0,2297.8129496402876,4207.021582733813,59.884892086330936
SPHINCS,1713782579,1712534701,1696661994,1696645145,1684651586,1684630534,1683208651,1683199749,1683227757,1683221951,1683246610,1683217805,0.546551622,10459.574468085106,5874.382978723404,803.5744680851063,132.0,2308.0,4224.0,59.95744680851064
DSA,17182174,17219811,17232746,17251237,17275122,17293116,17300876,17313198,17319943,17331551,17347679,17358083,0.005551373,9904.0,3456.0,248.0,132.0,2308.0,4224.0,60.0
DSA,67594150,64531463,64530361,64520475,63751306,30285738,30236281,30222668,30143372,26883231,26857131,17943264,0.005591651,10118.0,3712.0,462.0,132.0,2308.0,4224.0,58.0
SPHINCS,3643256180,3643329450,3599452572,3599457093,3599447887,3599471946,3597189213,3597161665,3594529020,3590848196,3590820488,3590815792,1.11276415,10464.0,5866.510948905109,808.0,132.0,2308.0,4224.0,64.0
SPHINCS,3508768888,3507785945,3503545776,3503539144,3503425898,3496646031,3496664445,3467247375,3467234055,3465428400,3465292644,3465125671,1.065975724,10459.78947368421,5962.105263157895,803.7894736842105,132.0,2308.0,4224.0,60.0
DSA,61683383,61698223,61420840,53214187,47395555,47360263,47368565,47339474,40471932,39663473,35058391,17525844,0.005656217,9904.0,3456.0,248.0,132.0,2308.0,4224.0,56.0
Dilithium,64614422,60789501,59145510,59164947,59171312,59113686,58000495,57042124,56730947,56735027,17500375,17439497,0.005291527,9904.0,3456.0,248.0,132.0,2308.0,4224.0,60.0
DSA,67427740,65594405,65591742,64096579,64106277,64104144,64098929,64097209,22470533,21882694,19903777,17252305,0.004899219,10256.0,5376.0,600.0,132.0,2308.0,4224.0,64.0
Falcon,53626116,53653331,53666641,53701329,53728426,53745480,53759126,53785852,53796036,53819512,53839049,53844980,0.017403754,10401.777777777777,5703.111111111111,745.7777777777778,132.0,2308.0,4224.0,67.55555555555556
SPHINCS,400257309,400284903,400315800,400355649,400401123,400422692,400434510,400456420,400480818,400494727,400499720,400509388,0.124000562,10423.0,5346.0,766.0,132.0,2190.0,4027.3333333333335,62.0
Falcon,87944840,87949994,87954477,87966900,87983103,87982825,87979942,87980223,87971304,53456318,53421768,45241378,0.014609161,10464.0,6144.0,808.0,132.0,2308.0,4224.0,72.0
DSA,57950202,57959787,18226964,18208590,18201024,18188125,18176911,18179497,18164071,18156132,18173444,18174521,0.005611905,9972.0,152.0,304.0,132.0,892.0,1864.0,40.0
SPHINCS,527091016,527115967,527130845,527152624,527172590,527189781,527207631,527219296,527232325,527246092,527271455,527293534,0.16665216,10445.64705882353,5714.823529411765,798.7058823529412,132.0,2308.0,4224.0,67.6470588235294
SPHINCS,581403464,580358421,574500390,537271112,537243949,537224451,537210236,536406642,536391576,536379324,536377920,536369574,0.172513472,10443.25925925926,5731.555555555556,787.2592592592592,132.0,2308.0,4224.0,60.0
DSA,16575827,16589703,16612355,16638472,16650427,16657814,16660913,16668668,16676750,16694652,16684888,16683727,0.005469228,9904.0,3456.0,248.0,132.0,2308.0,4224.0,60.0
DSA,23488306,23489909,23489458,23498301,23484977,23486002,23487145,23492283,23495492,23496136,23502141,23514446,0.007743195,9906.0,588.0,398.0,132.0,1600.0,3044.0,50.0
SPHINCS,2343593499,2340709571,2340519051,2340531030,2339011963,2338560364,2338565784,2338571103,2338581146,2336409424,2336420350,2336424884,0.758856263,10456.0,5728.914285714286,800.0,132.0,2308.0,4224.0,67.94285714285714
Dilithium,105419569,101182411,101169174,56872393,56861512,32993072,32413701,32272730,32241329,32241825,32225874,18418135,0.005971058,10152.0,3520.0,650.0,132.0,2308.0,4224.0,60.0
Dilithium,49286687,49364898,49388880,49429821,49456935,49460283,49472414,49478871,49495488,49502578,49508703,49506433,0.014827622,9938.0,2188.0,276.0,132.0,1600.0,3044.0,50.0
Falcon,74711538,74730007,74744384,74749282,74777211,74791232,74809779,74822434,74836958,74851753,74868897,74896741,0.023329235,10324.0,5280.0,668.0,132.0,2308.0,4224.0,60.0
Falcon,265428144,265423736,265420804,265393862,265396476,265395798,265398007,265399362,219612597,219586140,211457265,199548073,0.060188188,10324.0,5504.0,668.0,132.0,2308.0,4224.0,66.0
SPHINCS,620453689,620467506,620479265,620520152,594205476,594172283,594168359,594156054,581044972,580586129,580562106,580537717,0.176204809,10447.030303030304,5771.636363636364,791.030303030303,132.0,2308.0,4224.0,60.0
DSA,49844473,49893698,49908487,33101323,19678925,19685041,19713247,19707985,19709491,19695487,19685999,19687696,0.005848664,10332.0,4864.0,676.0,132.0,2308.0,4224.0,64.0
SPHINCS,330968099,330885614,330908870,330918920,330919771,324721591,287986232,287184055,286970813,286944624,286937695,286629692,0.093096855,10434.526315789473,5773.473684210527,778.5263157894736,132.0,2308.0,4224.0,63.78947368421053
Falcon,104531207,104563604,104585925,104602371,104633155,104670881,104709885,104735063,104753214,104769621,104775917,104776812,0.033301146,10184.0,4800.0,528.0,132.0,2308.0,4224.0,66.0
DSA,62132232,62121771,62126033,62142171,62147688,62161845,62167250,62220747,62251397,62264136,62291300,62319870,0.01940274,9904.0,3456.0,248.0,132.0,2308.0,4224.0,60.0
SPHINCS,3740816257,3736388753,3736380539,3736384434,3736394043,3736406102,3736415058,3724202613,3724173667,3724166765,3719329380,3714606318,1.117942188,10458.954954954956,5982.558558558559,802.9549549549549,132.0,2308.0,4224.0,67.96396396396396
DSA,70018630,70023886,70038641,70067413,70110780,70182693,58749202,18800123,18750797,18765035,18771410,18771620,0.005745273,9772.0,2432.0,116.0,132.0,2308.0,4224.0,56.0
SPHINCS,1574465580,1537360029,1537336921,1524590160,1524581178,1524562573,1524528132,1524525612,1524526603,1524521077,1524529425,1512781978,0.464471349,10459.72602739726,5856.438356164384,805.8356164383562,132.0,2308.0,4224.0,63.97260273972603
SPHINCS,2875184512,2875201937,2875223951,2875213889,2875245220,2865877753,2863268538,2862683134,2862692796,2862687899,2862653159,2862652620,0.854742767,10464.0,5888.0,808.0,132.0,2308.0,4224.0,68.0
Falcon,110900584,110897706,110907699,110900775,110896637,110940500,110944491,110951096,110970086,111036503,111064337,94696472,0.028984339,10413.09090909091,5853.090909090909,757.0909090909091,132.0,2308.0,4224.0,60.0
DSA,71223858,71242337,71267817,71306601,71311386,71323250,71341159,71371309,71405775,71432186,71467029,71495773,0.021313942,9904.0,3712.0,248.0,132.0,2308.0,4224.0,64.0
SPHINCS,3914842622,3914855535,3914892354,3914902476,3914913500,3895884639,3883582450,3882825100,3882766110,3877189281,3868309408,3868144806,1.178894368,10461.606837606838,5878.7008547008545,805.6068376068376,132.0,2308.0,4224.0,63.98290598290598
DSA,90854384,90882473,90879635,90876267,90887514,90852401,87007401,79568023,79482732,77159536,71135943,17763347,0.005716665,9904.0,3584.0,248.0,132.0,2308.0,4224.0,60.0
DSA,17078996,17099258,17116616,17146016,17156732,17152439,17162645,17174313,17060449,17193320,17202607,17210301,0.005364605,9904.0,3456.0,248.0,132.0,2308.0,4224.0,60.0
Dilithium,63872590,63869382,63100389,63133716,63143775,63160581,63147271,63134120,61745335,61769681,56445888,19386964,0.006253173,9904.0,3456.0,248.0,132.0,2308.0,4224.0,64.0
SPHINCS,2433011537,2433048041,2433055834,2433088549,2433125951,2433142087,2433152545,2433168392,2433183316,2433199853,2433219766,2433224178,0.753562248,10464.0,6016.0,808.0,132.0,2308.0,4224.0,68.0
SPHINCS,3290456080,3290471195,3290501126,3290491676,3290494310,3259573316,3259543994,3259532866,3259487829,3259480284,3259444987,3259419068,1.069519694,10464.0,6004.906666666667,808.0,132.0,2308.0,4224.0,63.946666666666665
SPHINCS,442155098,441946313,442703663,442724661,442729516,440456774,440453674,400591624,396175269,395893621,395886054,393374715,0.127689394,10444.0,5782.857142857143,788.0,132.0,2308.0,4224.0,68.0
SPHINCS,2224022817,2224047813,2224052100,2224071132,2223630716,2224139931,2223834347,2223855835,2223858191,2199337959,2199329802,2199315400,0.662737151,10464.0,6016.0,808.0,132.0,2308.0,4224.0,60.0
Dilithium,67588653,66864026,66853489,29661900,29569819,25758985,24649016,24645720,23663656,23648870,19572962,18358352,0.005486298,10180.0,4864.0,524.0,132.0,2308.0,4224.0,64.0
SPHINCS,2356738050,2356735822,2353566717,2349269338,2329436695,2326235364,2323268508,2314030101,2313991916,2313471831,2313506519,2301627449,0.750936437,10461.606837606838,5877.606837606838,805.6068376068376,132.0,2308.0,4224.0,63.98290598290598
Falcon,189783402,189807111,181081600,143412539,143356125,143317593,142304289,142254339,142250236,142252332,142209969,142193199,0.043075222,10401.777777777777,5788.444444444444,745.7777777777778,132.0,2308.0,4224.0,63.55555555555556
SPHINCS,204295235,204329609,204317478,204329408,204348488,204364450,204377599,204401369,204416823,204426610,204435491,204438660,0.065656977,10464.0,5922.909090909091,808.0,132.0,2308.0,4224.0,64.0
DSA,49335066,49357176,49388504,49441171,49435201,49466963,49119783,48918744,19842238,19789456,19812443,19813354,0.005995914,6856.0,3200.0,420.0,132.0,2308.0,2200.0,52.0
Dilithium,82073573,79208779,79205108,79190952,78588583,64063381,62977548,56952854,38417055,17052342,17013144,16980322,0.005416785,9904.0,4224.0,248.0,132.0,2308.0,4224.0,64.0
Dilithium,47645391,47659174,47655192,27127279,17362244,17298511,17273799,17201317,17184140,17159722,17145380,17127637,0.005484972,10464.0,6016.0,808.0,132.0,2308.0,4224.0,64.0
DSA,20342313,20352367,20359827,20376049,20407205,20423836,20448025,20503163,20519850,20533363,20549207,20581700,0.006868459,10048.0,4736.0,392.0,132.0,2308.0,4224.0,60.0
Falcon,219691988,219716357,219725471,195138207,195120606,195122842,195128843,195137621,195163166,195164186,195168605,195158063,0.060443538,10409.333333333334,5314.666666666667,752.0,132.0,2150.6666666666665,3961.777777777778,65.33333333333333
SPHINCS,1748479211,1748501023,1748503998,1748513190,1748502450,1747544693,1732103031,1724041778,1723794821,1712385315,1701464118,1701414073,0.521826246,10464.0,5888.0,808.0,132.0,2308.0,4224.0,64.0
SPHINCS,3809864531,3809838947,3809865397,3809877068,3809895346,3809906964,3809913844,3809924279,3778684858,3778633872,3766886806,3766890271,1.2275071,10460.871508379889,5988.111731843575,804.8715083798883,132.0,2308.0,4224.0,67.95530726256983
DSA,17757667,17784513,17803838,17857448,17925115,17951052,18015330,18115317,18129859,18181610,18215598,18244630,0.005372573,9904.0,2816.0,248.0,132.0,2308.0,4224.0,60.0
SPHINCS,750559374,750540352,735136218,735111409,735119843,735112830,735109143,733054765,732822203,692612496,692583106,691156038,0.221064585,10442.530612244898,5648.163265306122,786.2857142857143,132.0,2279.1020408163267,4175.836734693878,67.34693877551021
Dilithium,28877027,28903898,28930384,28983448,28999786,29022621,29053505,29105624,29145581,29161772,29174774,29198911,0.008745195,9904.0,4224.0,248.0,132.0,2308.0,4224.0,60.0
Falcon,61055148,60392072,60392695,60366453,44797477,44735039,44715376,44183115,43967680,43958622,43949897,43979630,0.013338112,10431.0,5664.0,775.0,132.0,2308.0,4224.0,64.0
Dilithium,67082899,66126631,63611034,63611008,63615143,59889897,59884752,59874723,17492296,17451487,17430963,17411571,0.005428712,9904.0,3072.0,248.0,132.0,2308.0,4224.0,60.0
SPHINCS,4030744754,4030795983,4030851473,4030893342,4030911910,4030967441,4030991731,4031011318,4031035479,4031056390,4031079198,4031111788,1.227828005,10464.0,5884.444444444444,808.0,132.0,2308.0,4224.0,68.0
Dilithium,70399702,53459097,53435009,17625033,17583484,16913856,16899290,16899573,16901882,16745754,16719030,16692279,0.005312442,10184.0,4800.0,528.0,132.0,2308.0,4224.0,64.0
Falcon,99054833,99018068,98845328,93091549,92746754,92744182,92737608,91872257,47978655,47959557,48023632,48023041,0.014306801,10442.0,5845.333333333333,786.0,132.0,2308.0,4224.0,63.333333333333336
SPHINCS,280850396,280871372,280893261,280906684,280960419,280949598,280963459,280981096,280991948,281011603,281014926,281000584,0.08750135,10440.666666666666,5696.0,784.6666666666666,132.0,2308.0,4224.0,71.66666666666667
SPHINCS,2955150659,2924046119,2924032801,2924032089,2911909405,2911906035,2911901706,2911899992,2911908553,2911894492,2911902612,2911898325,0.948577791,10464.0,6016.0,808.0,132.0,2308.0,4224.0,64.0
Falcon,69832884,69884321,69929484,69969246,69991942,70005192,70039353,70069823,70098138,70127198,70150008,70153261,0.020936459,10118.0,4352.0,462.0,132.0,2308.0,4224.0,58.0
Dilithium,69744149,69736720,68576599,68577635,57448472,57447503,57436742,57434937,57442525,56823665,56853857,19938446,0.006082159,9904.0,3584.0,248.0,132.0,2308.0,4224.0,64.0
Falcon,179302350,179310230,179313072,179284668,178993201,176428038,145326740,141535421,141489880,141475961,141449704,121381322,0.036573845,10413.09090909091,5829.818181818182,757.0909090909091,132.0,2308.0,4224.0,63.63636363636363
SPHINCS,2655227715,2655259832,2655261356,2643185129,2598969506,2598418946,2597578472,2597074057,2586598818,2586549146,2586526617,2586498900,0.80401849,10464.0,5888.0,808.0,132.0,2308.0,4224.0,68.0
SPHINCS,4430991063,4427165935,4427161427,4426169982,4379726833,4379705976,4379682174,4379625931,4379621222,4379616191,4379408842,4379407657,1.353710542,10464.0,5874.891566265061,808.0,132.0,2308.0,4224.0,60.0
DSA,63053441,57939851,34046745,34017970,33371435,22348960,20049652,20039938,20025474,20012218,17140568,17111893,0.005692045,4.0,0.0,0.0,4.0,0.0,0.0,12.0
Dilithium,58281342,58304207,53707589,53426127,53115220,49007482,23864459,23820470,23809981,19345307,16925701,16899187,0.005269257,10184.0,4672.0,528.0,132.0,2308.0,4224.0,68.0
Dilithium,35289256,35314948,35333290,35344913,35370920,35387084,35402533,35421783,35437277,35458613,35476120,35483695,0.011398974,9904.0,3456.0,248.0,132.0,2308.0,4224.0,56.0
Falcon,113374314,110864474,109901234,109303495,93876579,93634322,58082301,56017633,55956096,46294634,46275057,46249898,0.015329724,10464.0,5888.0,808.0,132.0,2308.0,4224.0,68.0
Falcon,94159924,87768091,87749811,87758554,87509244,87498063,87488374,85970488,73002168,60697403,60668058,48143178,0.01566492,10464.0,6016.0,808.0,132.0,2308.0,4224.0,60.0
Dilithium,95477771,95524733,72566223,72296316,72294758,20080160,20008488,19975159,19992661,19090083,16300329,16275995,0.004825354,9904.0,4224.0,248.0,132.0,2308.0,4224.0,60.0
DSA,78677935,78689146,78686996,41248264,41263182,41248127,36594200,29968421,29950591,29777858,17762424,17264337,0.005559515,9904.0,4096.0,248.0,132.0,2308.0,4224.0,56.0
SPHINCS,4032316229,4032299965,4031692316,4031698648,4026265413,4026247000,4026154325,4025397609,4025376106,4025361531,4009228555,4009204323,1.226691401,10456.261437908497,5818.718954248366,800.1830065359477,132.0,2298.7450980392155,4208.575163398693,59.869281045751634
Falcon,114277195,112867957,112802210,112831314,77282641,76081001,75800771,73500368,67443274,67412748,67391635,67358354,0.022680205,10277.333333333334,5034.666666666667,621.3333333333334,132.0,2308.0,4224.0,60.0
SPHINCS,423582123,418889985,412940603,412919893,412910388,412337325,411196851,388481447,388441098,372404012,372364486,371416740,0.115821374,10443.25925925926,5722.074074074074,787.2592592592592,132.0,2308.0,4224.0,67.70370370370371
Falcon,66522272,66577548,66584235,66385611,66400846,66397180,66410260,66326897,65983874,50801180,44279344,44225012,0.013261155,10384.0,5705.142857142857,728.0,132.0,2308.0,4224.0,60.0
Dilithium,56805043,56818078,56829595,56847860,56861898,56880280,56894876,56909638,56939173,56949553,56978430,57000217,0.017584001,9904.0,3584.0,248.0,132.0,2308.0,4224.0,64.0
Falcon,211873095,211887628,194232941,194196269,193895965,193878963,186608303,186585961,150860279,146981523,133050427,133007188,0.041215813,10365.6,4865.6,707.2,132.0,2024.8,3752.0,60.0
Dilithium,17730043,17805485,17860846,17903861,17931250,17962189,17977253,17993683,18007135,18016072,18044549,18066716,0.005754061,9840.0,1152.0,492.0,132.0,2308.0,4224.0,60.0
DSA,74230497,73645492,73639844,69886769,69904905,68367085,66233858,62709501,62695218,62688974,62674663,18121829,0.005863289,9904.0,3456.0,248.0,132.0,2308.0,4224.0,60.0
Falcon,184953710,182477284,147847984,147820070,147805916,133975490,126715159,122588867,120447976,120436173,120399660,120391672,0.036548605,10393.714285714286,5178.285714285715,736.0,132.0,2105.714285714286,3886.8571428571427,64.57142857142857
SPHINCS,3875837314,3862832898,3862817055,3862816264,3846745757,3843173118,3843124448,3842616733,3842619181,3842618386,3842121768,3841427450,1.180382552,10463.07438016529,5885.249586776859,807.0743801652893,132.0,2308.0,4224.0,67.99338842975206
Dilithium,53037743,51187821,46765481,46377327,46363834,46345450,30784581,30740703,28928183,18596380,18483302,17146438,0.005631721,9904.0,3456.0,248.0,132.0,2308.0,4224.0,60.0
Falcon,175065820,175089339,175125108,175164141,172031988,172043038,141698681,141370136,141172390,129568519,126619490,126177155,0.038110265,10424.0,5888.0,768.0,132.0,2308.0,4224.0,60.0
Dilithium,67041916,67033656,63272553,63265668,63268497,55425658,52580848,52563768,52557254,52532467,16905483,16877161,0.005263521,10184.0,4736.0,528.0,132.0,2308.0,4224.0,64.0
SPHINCS,379013543,375134778,375145032,354962207,350522263,350477926,350483374,348442030,327751802,327254668,327054591,313719979,0.097924693,10434.285714285714,5614.857142857143,777.7142857142857,132.0,2240.5714285714284,4111.619047619048,59.23809523809524
Falcon,95680257,95663266,93426096,90857155,88903731,57134344,44794908,41658940,41643070,41638783,41223790,41214118,0.013135721,10184.0,4672.0,528.0,132.0,2308.0,4224.0,62.0
Falcon,97144500,97162118,85895032,81847886,81816313,46831015,46525230,46507234,46473499,46444133,46431771,46420084,0.014169987,10324.0,5664.0,668.0,132.0,2308.0,4224.0,70.0
SPHINCS,1848438222,1842672217,1842673650,1842691891,1842704199,1842733534,1842742031,1842754559,1842758317,1806531375,1805569575,1805553286,0.56232774,10455.584,5947.584,799.488,132.0,2296.672,4205.12,63.808
SPHINCS,332550791,332576152,332598536,332634286,332650096,332668852,332680777,332696549,292106772,292080627,292079092,284553952,0.085697357,10442.461538461539,5696.0,786.4615384615385,132.0,2308.0,4224.0,64.0
SPHINCS,3392287189,3392326116,3392345895,3388705989,3388728021,3388744132,3388749681,3388020964,3339832951,3339808606,3339857048,3339919800,1.039895302,10462.433121019109,5989.987261146497,806.3949044585987,132.0,2303.4904458598726,4216.484076433121,59.92356687898089
Dilithium,67458314,64894040,64890505,64900789,59281365,59236642,47170909,43228077,22123616,20487055,20464146,19791193,0.006571721,7616.0,384.0,420.0,132.0,2308.0,2604.0,48.0
SPHINCS,2214640733,2214642244,2214639985,2211001943,2205668803,2198441248,2197657163,2186701734,2148478249,2157641134,2157623769,2157588256,0.712008814,10461.837837837838,5878.610038610039,805.8378378378378,132.0,2308.0,4224.0,60.0
SPHINCS,1839958136,1839990485,1840019041,1840038435,1840050081,1840066157,1840082724,1840095719,1840115185,1840120648,1840146615,1840160551,0.562284208,10454.95652173913,5811.942028985507,803.6521739130435,132.0,2308.0,4224.0,63.82608695652174
DSA,44654252,44637413,44554896,44441404,39877290,19012075,18990194,18966769,18960796,18950062,18935690,17477783,0.005296262,10184.0,4736.0,528.0,132.0,2308.0,4224.0,64.0
DSA,69698549,63466990,63388088,63367591,62651878,57756426,57720207,57707204,19064913,19054291,19057639,19051350,0.005762442,9904.0,4096.0,248.0,132.0,2308.0,4224.0,60.0
Falcon,142146429,142160021,121629740,121610276,121631090,121623396,121609111,121605025,84815734,82098210,77746722,77675242,0.023069494,10420.0,5760.0,764.0,132.0,2308.0,4224.0,64.0
Dilithium,35096340,35097121,35100831,35101862,35134246,35598149,35632398,35720623,35505123,29812925,29807390,19968497,0.006040655,9904.0,3328.0,248.0,132.0,2308.0,4224.0,64.0
Dilithium,65594439,65628048,65648384,65680129,65720510,65763164,30975173,30928350,19129382,18556691,16549750,16493869,0.005431465,9904.0,3456.0,248.0,132.0,2308.0,4224.0,60.0
DSA,19216449,19234752,19245190,19272130,19290589,19319092,19329943,19342176,19352166,19358409,19377893,19399794,0.006068903,10118.0,4224.0,462.0,132.0,2308.0,4224.0,56.0
SPHINCS,2400033428,2400007982,2399983667,2399959157,2399964906,2399933200,2399905397,2399867688,2399820340,2399802422,2399761251,2399768861,0.737725384,10464.0,6016.0,808.0,132.0,2308.0,4224.0,64.0
DSA,17429024,17374385,17397792,17420049,17445239,17496462,17521528,17525295,17517311,17522355,17529479,17577236,0.005864311,9840.0,1024.0,492.0,132.0,2308.0,4224.0,56.0
Dilithium,63833517,63868445,63886340,63903320,63917994,63918700,63928700,63945228,63960979,63971516,63981542,64013229,0.020121145,10332.0,4992.0,676.0,132.0,2308.0,4224.0,60.0
DSA,82893710,82927224,63000540,63025832,63060437,24957380,24938097,19107254,19114128,19129008,19141568,19134102,0.005763768,10180.0,4864.0,524.0,132.0,2308.0,4224.0,60.0
DSA,17168902,17180727,17192436,17172420,17187704,17200823,17209629,17221799,17235397,17235838,17244145,17256276,0.00557271,9904.0,3456.0,248.0,132.0,2308.0,4224.0,60.0
DSA,33072062,27842573,28261598,39044181,39075027,39078972,39080398,38204794,38203039,38189213,38182503,38186538,0.011942621,9904.0,2816.0,248.0,132.0,2308.0,4224.0,60.0
DSA,29177501,29241837,29259707,29305660,29338535,29342970,29352796,29360919,29383077,29394850,29414992,29418769,0.00892784,9904.0,4224.0,248.0,132.0,2308.0,4224.0,60.0
DSA,63808071,59172860,58120480,58122814,53603945,53112660,20209561,20142689,20150470,20142926,20074690,20064879,0.006254293,9904.0,4224.0,248.0,132.0,2308.0,4224.0,60.0
SPHINCS,4644636365,4644652659,4610178469,4610103872,4609713414,4610131695,4601351789,4594646549,4594621341,4594605917,4594581527,4594570936,1.411881029,10461.565217391304,5866.295652173913,805.5652173913044,132.0,2308.0,4224.0,67.98260869565217
DSA,60466362,60252499,60245772,60242645,60248529,60225782,60227497,60242346,20447788,20411715,16542930,16422532,0.004966861,9904.0,4224.0,248.0,132.0,2308.0,4224.0,60.0
Dilithium,55508019,30221726,30174442,30174524,17957199,17955876,17930136,17920995,17914612,17916447,17908371,17901526,0.005550747,10218.0,3084.0,556.0,132.0,1600.0,3044.0,52.0
SPHINCS,4493231797,4491154638,4464664940,4464627537,4459315267,4458499535,4458470064,4450498274,4450467634,4447578422,4446892760,4446861281,1.392138419,10464.0,6007.420289855072,808.0,132.0,2308.0,4224.0,64.0
Falcon,133571428,133617544,133634330,133676439,133531189,133528055,132206355,132213046,124904579,109756628,109738807,109719614,0.035455147,10401.777777777777,5831.111111111111,745.7777777777778,132.0,2308.0,4224.0,63.55555555555556
Dilithium,18846573,18895586,18897157,18914227,18931392,18940611,18949491,18954585,18960844,18971565,18996746,19010249,0.006136719,10464.0,6016.0,808.0,132.0,2308.0,4224.0,64.0
Dilithium,55859206,53267878,53254710,49297246,49262664,40543808,25667397,22296410,22278888,22015134,17413723,17360949,0.005541631,10048.0,4736.0,392.0,132.0,2308.0,4224.0,60.0
Falcon,157552708,155830524,155873178,155884624,155909913,155925795,153779529,153821655,120261992,120212593,107237537,107240075,0.03259252,10434.526315789473,5800.421052631579,778.5263157894736,132.0,2308.0,4224.0,63.78947368421053
DSA,69102308,69136426,69136656,69130616,69132760,69139618,69139420,24526092,17642246,17526555,17506337,17496704,0.005291003,9904.0,3200.0,248.0,132.0,2308.0,4224.0,60.0
DSA,84101400,48848134,48275942,48264814,38494498,35724481,32866409,32827667,32275612,21766425,21684077,21625304,0.006742638,9972.0,152.0,304.0,132.0,892.0,1864.0,40.0
Falcon,51656019,51650875,51666351,51646096,51648228,51652161,51648117,51656677,51665899,51621026,51605470,47674378,0.014464293,10352.0,5555.2,696.0,132.0,2308.0,4224.0,63.2
Falcon,174111895,174122212,174132524,174138218,174181986,174187902,173930571,170266092,166831481,162702459,158958467,158936446,0.047093427,10401.777777777777,5745.777777777777,745.7777777777778,132.0,2308.0,4224.0,60.0
SPHINCS,5373711759,5372063381,5370738631,5370744246,5370725674,5369518238,5368117911,5368129701,5368150824,5368140563,5326044651,5325985789,1.724621496,10462.297872340425,5837.033434650456,806.2978723404256,132.0,2308.0,4224.0,67.97568389057751
SPHINCS,509886398,488435806,488433220,488443785,488446152,488451054,488446640,488444831,488442897,476008463,470038642,460373504,0.138528373,10443.870967741936,5681.548387096775,797.8064516129032,132.0,2308.0,4224.0,59.87096774193548
DSA,33455915,32805154,27530755,27261374,25166778,25163989,25153740,25141426,25144763,25146310,25143220,19432442,0.005709112,6610.0,204.0,168.0,132.0,1600.0,1020.0,42.0
Dilithium,61652491,61338567,61342146,54371093,54370028,54364343,54362271,54363648,54369663,54365729,17598503,17546251,0.005647522,9904.0,3456.0,248.0,132.0,2308.0,4224.0,64.0
Falcon,151628088,158059060,158102046,158118351,158117758,158132870,158151950,158183570,158193272,158198801,158211551,158221746,0.04721639,10442.0,5845.333333333333,786.0,132.0,2308.0,4224.0,60.0
SPHINCS,3374063343,3374060439,3374045605,3330397455,3330367509,3330359004,3330361831,3330350471,3330341482,3330324956,3330344912,3330342117,1.072301472,10464.0,5888.0,808.0,132.0,2308.0,4224.0,60.0
SPHINCS,272694989,272725979,272786118,272817351,272877975,272898777,272913437,272905840,272931140,272945394,272964930,272974080,0.088252326,10432.888888888889,5802.666666666667,776.8888888888889,132.0,2308.0,4224.0,64.0
Falcon,149910828,149954463,149968874,149970738,149972843,149979077,146656260,146645120,146652460,146644230,146640893,135532242,0.040190011,10370.666666666666,5696.0,714.6666666666666,132.0,2308.0,4224.0,67.33333333333333
Dilithium,47629617,46251056,45995968,26675485,26648698,26617358,23355508,23333145,23314051,19565375,17378525,16288286,0.005078808,10332.0,4992.0,676.0,132.0,2308.0,4224.0,64.0
Falcon,190204775,190229632,190251793,190280122,190292254,190312186,190323090,190338379,190339412,190358844,190395887,190413860,0.061924352,10360.0,5184.0,755.3333333333334,132.0,2308.0,4224.0,59.333333333333336
SPHINCS,3200684721,3200677833,3200663078,3196360588,3162853240,3158092609,3150212170,3142302371,3142273614,3141479968,3086635405,3086588328,0.957849606,10453.642105263158,5907.368421052632,797.3894736842105,132.0,2278.1894736842105,4174.315789473684,59.66315789473684
DSA,66848809,66903105,33386343,32707339,32696274,21659643,21539979,21517740,18376744,18345431,18336381,18282222,0.006088141,9772.0,2432.0,116.0,132.0,2308.0,4224.0,56.0
SPHINCS,685722765,685723707,685739673,657209592,643089039,643067168,643054100,642833443,642847764,642838958,642838225,642840376,0.209555789,10437.333333333334,5674.666666666667,781.3333333333334,132.0,2308.0,4224.0,67.61904761904762
Falcon,94541204,90129934,64879043,64879078,64872598,64859413,64848483,64837452,46544413,46536092,46514139,43440381,0.014011019,10464.0,6016.0,808.0,132.0,2308.0,4224.0,60.0
DSA,31506852,31530288,31556527,31577241,31587655,31596708,31597997,31607575,31613166,31622021,31625634,31635656,0.010015313,10184.0,4672.0,528.0,132.0,2308.0,4224.0,60.0
Falcon,178376798,178130304,177953916,177756271,177629767,177626320,177631215,177596625,177589236,177582669,155843480,155802676,0.050461034,10464.0,6016.0,808.0,132.0,2308.0,4224.0,60.0
DSA,31873007,31886977,31897126,31908111,31919555,31929317,31940445,31941357,31945725,31951882,31961963,31958373,0.010574501,9828.0,512.0,496.0,132.0,2308.0,4224.0,56.0
SPHINCS,293019784,293034919,293077086,293083512,293099121,277898213,275997484,275976265,276032286,276025125,275714079,275717399,0.084350569,10405.555555555555,5484.0,748.8888888888889,132.0,2229.3333333333335,4092.8888888888887,66.22222222222223
SPHINCS,1402623337,1402590290,1399796032,1399786820,1399785134,1392117922,1391525335,1391976514,1391848100,1391871636,1391875700,1391907839,0.441113281,10462.498659517427,5755.882037533512,806.4986595174263,132.0,2308.0,4224.0,60.0
SPHINCS,3375695877,3375720807,3351304363,3351294751,3346190897,3346151424,3346166406,3341783723,3341761502,3341751121,3338281256,3342122506,1.01385043,10461.213930348258,5870.169154228855,805.2139303482587,132.0,2308.0,4224.0,60.0
SPHINCS,4312180900,4312210182,4312228760,4312249332,4312279715,4312304223,4312304820,4312327813,4312351362,4312366084,4312385393,4312399036,1.345357817,10464.0,6002.263414634146,808.0,132.0,2308.0,4224.0,68.0
DSA,20059111,20059127,20092193,20107663,20122893,20150757,20175860,20199939,20216436,20223717,20231390,20234883,0.006622703,9904.0,4224.0,248.0,132.0,2308.0,4224.0,60.0
Dilithium,16527487,16553906,16569262,16613441,16657129,16670658,16688626,16725813,16745670,16768858,16781957,16779069,0.005118737,9972.0,152.0,304.0,132.0,892.0,1864.0,44.0
Dilithium,17215400,17234393,17239370,17253597,17280757,17315624,17325319,17331841,17334190,17320322,17329772,17330384,0.005776884,9904.0,3968.0,248.0,132.0,2308.0,4224.0,60.0
SPHINCS,4382362496,4346278728,4346229912,4346253353,4345698076,4345704834,4338463093,4338438323,4335604930,4334114024,4334110869,4333410722,1.35685833,10460.434285714286,5855.817142857143,806.1942857142857,132.0,2308.0,4224.0,59.97714285714286
Falcon,179273803,173767564,173758878,150514002,150501886,142548412,142487683,133061288,133028848,132987212,132951813,132924818,0.043762023,10371.0,5090.0,739.6666666666666,132.0,2190.0,4027.3333333333335,58.0
Falcon,126150623,111247361,111219782,105634224,94913992,85587949,84662750,84655426,49824882,48546636,48540410,48529611,0.015336265,10352.0,5427.2,696.0,132.0,2308.0,4224.0,64.0
Falcon,110940566,110902773,110896658,109295088,104676368,104675615,101742496,86631551,74636040,68131232,68116144,55264044,0.017039377,10278.0,4100.0,671.3333333333334,132.0,2072.0,3830.6666666666665,62.0
Falcon,79942647,79765222,79795792,79845413,79793455,63958019,63953270,63937337,63916989,60546471,58964242,58949588,0.017601694,10184.0,4544.0,528.0,132.0,2308.0,4224.0,60.0
Dilithium,54575971,54536240,65410418,65431527,65420933,66576430,66535566,66841360,66852140,66850139,51884670,54237054,0.016718947,9904.0,4224.0,248.0,132.0,2308.0,4224.0,60.0
Falcon,220747408,220756914,220753199,220756887,211430501,209187375,199167728,191740341,175185623,175152454,175144188,174014490,0.05718569,10300.0,4104.0,640.0,132.0,1836.0,3437.3333333333335,53.333333333333336
Falcon,101007955,101041901,92837008,92835773,86126501,86087730,61571621,57530305,57521074,43465344,43421177,43409247,0.013733205,10464.0,5888.0,808.0,132.0,2308.0,4224.0,68.0
DSA,17808577,17814677,17822489,17830864,17876472,17885302,17927200,17933621,17942105,17944778,17951256,17950534,0.005730694,9904.0,3456.0,248.0,132.0,2308.0,4224.0,64.0
Dilithium,63138201,63188645,53736382,53699283,53710329,46600680,45395692,17480515,17450288,17427807,17416836,17408008,0.005701024,9904.0,3456.0,248.0,132.0,2308.0,4224.0,64.0
DSA,80966605,80975893,30166438,30109577,27518287,27502022,27487043,27476823,27461487,27106146,24910285,17531196,0.005465171,9972.0,152.0,304.0,132.0,892.0,1864.0,44.0
Falcon,175276997,175314104,175319995,175359984,136652718,136674229,136660219,136651851,136644476,136640374,136328791,136327531,0.040049382,10440.333333333334,5920.0,784.3333333333334,132.0,2308.0,4224.0,63.666666666666664
Dilithium,45925345,34406812,34386618,26119874,26092214,26104216,26090698,26069850,26064002,25663474,25647491,17717252,0.005880938,10464.0,5120.0,808.0,132.0,2308.0,4224.0,60.0
SPHINCS,3686385080,3686401650,3686406402,3686420496,3686435269,3686408379,3686380654,3686398140,3686406146,3648028254,3648010567,3648006267,1.130008334,10460.329411764706,5948.988235294118,806.1411764705882,132.0,2308.0,4224.0,71.95294117647059
SPHINCS,695907250,695920383,695929089,695933276,695950643,695958578,685499482,664054583,664023932,663353159,663349654,663336768,0.211957901,10450.434782608696,5621.391304347826,794.1739130434783,132.0,2277.217391304348,4172.695652173913,63.47826086956522
DSA,70094992,70068937,70047094,67204534,67180653,62889419,63099296,70282744,69941796,69930337,69712550,69719491,0.022057107,9904.0,3456.0,248.0,132.0,2308.0,4224.0,60.0
Falcon,76930030,76924201,76917625,62103815,62102363,62099466,62098653,62093618,62086851,62054262,62054417,46452448,0.0149943,10323.42857142857,4340.571428571428,664.0,132.0,1903.4285714285713,3549.714285714286,54.285714285714285
Dilithium,73751235,73749690,67957439,67930044,67907158,67901025,39203210,39140942,39133834,32681474,17561328,16873436,0.005430835,10152.0,2572.0,490.0,132.0,1600.0,3044.0,52.0
Dilithium,41266666,41297861,41315626,41349874,41382178,41412399,41428038,41448554,41493125,41530284,41555070,41567369,0.013795025,9772.0,2432.0,116.0,132.0,2308.0,4224.0,52.0
Dilithium,81295250,81286468,81277512,46427613,46359295,41321427,39925042,33757310,33740631,33758690,33194615,17271934,0.005224443,9904.0,3584.0,248.0,132.0,2308.0,4224.0,60.0
Dilithium,30464181,30487397,30485534,33865532,34076066,44386471,44363533,50222702,52943248,55497239,56361560,56346704,0.016972467,10218.0,3084.0,556.0,132.0,1600.0,3044.0,54.0
Falcon,195826326,195852942,195889578,195914824,160303178,160271915,159498152,159493250,134961563,130708414,130628222,130015029,0.04060955,10444.0,5924.571428571428,788.0,132.0,2308.0,4224.0,63.857142857142854
Falcon,45059302,45120435,45155776,45169367,45189706,45201431,45217764,45225148,45237430,45237854,45244892,45247706,0.014758509,10401.777777777777,5674.666666666667,745.7777777777778,132.0,2308.0,4224.0,64.0
DSA,26148035,26123966,26075036,16694074,16670510,16410376,16368601,16336540,16313436,16296230,16277142,16269468,0.005239032,10218.0,2636.0,556.0,132.0,1600.0,3044.0,54.0
Falcon,61617611,61634206,61649046,61656852,61659852,61662340,42188967,42171069,42101255,42057364,42026325,40130659,0.012170031,9894.4,4812.8,730.4,132.0,2308.0,3900.0,67.2
Dilithium,17600058,17636859,17643998,17632364,17657931,17665602,17676660,17685002,17695689,17711057,17726721,17728821,0.005379368,9904.0,4224.0,248.0,132.0,2308.0,4224.0,64.0
SPHINCS,3569811144,3569848276,3569902674,3569956835,3570014616,3570003858,3569994930,3569994757,3570058104,3570085633,3570101511,3570084440,1.124730092,10460.905660377359,5851.924528301887,804.8301886792453,132.0,2299.0943396226417,4209.157232704402,63.874213836477985
SPHINCS,2317036212,2311379363,2300818364,2299308366,2299303221,2298275905,2298278156,2298317317,2298363967,2298366215,2277479462,2274361270,0.701098461,10458.927835051547,5828.865979381443,802.8041237113403,132.0,2293.40206185567,4199.670103092783,71.6701030927835
DSA,65834529,35605547,35560773,35514783,35501482,35476664,35458187,35456247,23195104,21439767,17057961,17019843,0.00530237,9904.0,4224.0,248.0,132.0,2308.0,4224.0,60.0
Falcon,73504036,73506098,73508134,73515533,73544197,71740487,71732506,71725141,71714943,58831210,55302935,55297080,0.017859648,10370.666666666666,5717.333333333333,714.6666666666666,132.0,2308.0,4224.0,64.0
DSA,69674229,69752879,69744914,56690745,56655038,56647272,55126961,55116820,55103991,55095005,55082654,18109096,0.005314772,9904.0,3968.0,248.0,132.0,2308.0,4224.0,60.0
Falcon,75876945,75906825,75950699,75995400,76014982,76034065,76049422,76062204,76077134,76100118,76117627,76172998,0.023130237,10464.0,5888.0,808.0,132.0,2308.0,4224.0,64.0
DSA,20282154,20292076,20322033,20339513,20354093,20395356,20400188,20411426,20425313,20427575,20431030,20432836,0.006596502,9904.0,3456.0,248.0,132.0,2308.0,4224.0,64.0
Dilithium,40884762,40894008,40916265,40959092,41011283,41010709,20447913,20438658,20437497,19850835,19853431,19833971,0.005813761,9904.0,3456.0,248.0,132.0,2308.0,4224.0,60.0
SPHINCS,402133941,402144174,402167761,402176363,402197600,402195327,402209589,402239838,402263501,402280425,402300246,402308273,0.134207503,10464.0,5842.580645161291,808.0,132.0,2308.0,4224.0,64.0
DSA,75742683,75750672,75749464,75748306,75763412,37969139,37929662,37919182,37896166,25466419,21095762,21060698,0.006566115,9904.0,2816.0,248.0,132.0,2308.0,4224.0,60.0
SPHINCS,553528926,553535367,550411818,550443034,550488172,550493096,550507696,531893676,526416159,510767041,501647961,501602166,0.153560281,10464.0,5880.470588235294,808.0,132.0,2308.0,4224.0,64.0
SPHINCS,361666672,293811962,293776599,293759817,293757906,293761863,293749201,293742338,293744395,293745009,293749526,293748732,0.089008953,10464.0,5774.222222222223,808.0,132.0,2308.0,4224.0,68.0
Falcon,235740591,235745330,235738087,235778759,232205561,227479645,227481002,221804087,190242413,190203855,190186939,189756413,0.057999029,10329.818181818182,4346.909090909091,670.5454545454545,132.0,1921.8181818181818,3580.3636363636365,60.0
SPHINCS,3113200140,3113200805,3113210286,3113237843,3113273454,3113283899,3113289858,3076584808,3076538731,3076534968,3076545946,3074108583,0.993654983,10458.593406593407,5951.56043956044,802.4615384615385,132.0,2292.4395604395604,4198.065934065934,71.6923076923077
DSA,77855205,77575046,77617374,77615339,74466571,74197615,29665478,25398212,24433447,18071986,17148583,17123790,0.005177311,9904.0,3456.0,248.0,132.0,2308.0,4224.0,60.0
Falcon,192179252,191474157,191480306,189010645,189012187,189015670,189021135,188272798,188301662,188303161,188269204,188257319,0.057986183,10371.75,4916.5,713.5,132.0,2042.5,3781.5,57.0
DSA,61724962,61728648,61764037,60249305,60243609,60250767,60203190,60188809,17372020,17266369,17252732,17239238,0.005549224,9938.0,1676.0,276.0,132.0,1600.0,3044.0,52.0
Falcon,44928322,44987685,45013796,45045374,45061919,45075600,45088505,45101096,45124176,45127547,45131775,45122552,0.01428447,10352.0,5683.2,696.0,132.0,2308.0,4224.0,64.0
DSA,70927198,70929102,70929534,70953436,70965697,70977493,70984833,70979615,19210204,19175119,19170728,19153318,0.005796517,9972.0,152.0,304.0,132.0,892.0,1864.0,40.0
Falcon,94782643,94798244,94771231,94788641,94793523,94772370,94752471,94748970,94796143,50835360,45474144,45266612,0.013728667,10288.666666666666,4484.0,630.6666666666666,132.0,2072.0,3830.6666666666665,62.666666666666664
DSA,67555652,67551295,31662762,31635335,31621934,31624134,31625470,31632464,31669317,19812829,19810987,19802007,0.006386825,9904.0,3584.0,248.0,132.0,2308.0,4224.0,64.0
Falcon,144710313,144722613,144021996,138071370,135695303,135688978,120541908,116647349,116625413,116594840,72776470,72721773,0.023662731,10464.0,5920.0,808.0,132.0,2308.0,4224.0,60.0
Dilithium,68274948,68271311,67261631,67204822,54974684,54816036,54771657,54749140,19231088,19186690,18632862,18606146,0.005973699,10184.0,5120.0,528.0,132.0,2308.0,4224.0,62.0
DSA,57278791,57271221,57261896,57257578,57267281,17042480,16962249,16940221,16922381,16909370,16901784,16867446,0.005091257,9904.0,3328.0,248.0,132.0,2308.0,4224.0,64.0
Falcon,195898871,194386174,194374327,191784283,191773826,191754928,191744852,156606753,156342535,152808283,152430628,152390559,0.049551218,10394.0,5744.0,738.0,132.0,2308.0,4224.0,60.0
Dilithium,68857052,67229015,65791741,54042036,52881457,52873740,52868943,52330090,52298719,52282155,50107938,18150151,0.005888838,9904.0,3456.0,248.0,132.0,2308.0,4224.0,64.0
Dilithium,49011260,49007534,48993658,48968278,48977258,31711669,31724282,31726375,31723059,31725749,31730284,16291430,0.005239029,9840.0,1152.0,492.0,132.0,2308.0,4224.0,60.0
Falcon,169028297,168370511,168374097,168384842,123691812,123583960,123556595,123539668,123528091,123515871,117249068,116839461,0.034060208,10419.42857142857,5558.857142857143,785.4285714285714,132.0,2308.0,4224.0,67.42857142857143
DSA,66427487,23611269,23579564,23585624,23589639,19157463,19139438,19156079,19139492,19138396,19129724,19399313,0.005874226,10062.0,1330.0,397.0,132.0,1246.0,2454.0,48.0
SPHINCS,310685037,310720719,310751819,310767436,310800169,310821545,310826814,310849384,310868736,310889341,310926095,310938699,0.096375866,10416.0,5602.461538461538,783.6923076923077,132.0,2308.0,4224.0,67.38461538461539
SPHINCS,551139014,550983391,548432626,545740588,545741275,540038887,536122649,527164996,515097913,515077744,514839958,514812936,0.163419813,10464.0,5807.407407407408,808.0,132.0,2308.0,4224.0,63.851851851851855
Falcon,203767597,203787583,178232229,178201455,178193986,178192944,178195075,178219214,178215820,178211324,153185424,153196815,0.046217606,10464.0,6016.0,808.0,132.0,2308.0,4224.0,60.53333333333333
SPHINCS,2726308730,2722739392,2722734087,2722743504,2722743711,2714813801,2714803458,2710065951,2708744632,2704468775,2678638481,2677250520,0.842107349,10461.777777777777,5997.714285714285,805.7777777777778,132.0,2308.0,4224.0,64.0
Dilithium,57790798,57820081,57826742,57872218,57892221,57907223,57926571,57942322,57966107,57992980,58014733,58025310,0.018719134,9904.0,3968.0,248.0,132.0,2308.0,4224.0,60.0
SPHINCS,301511964,306152047,306189927,306207266,306238549,306264209,306278953,306304745,306327948,306326524,306339573,306383473,0.096595945,10439.652173913044,5854.608695652174,783.6521739130435,132.0,2308.0,4224.0,67.82608695652173
Falcon,81847194,81814576,81721714,81680476,81537377,81389610,81200929,80975256,80797509,80705046,80640918,80602268,0.024073669,10404.57142857143,5723.428571428572,748.5714285714286,132.0,2308.0,4224.0,64.0
DSA,63195979,63208916,63140807,63141540,61701523,61172457,58096448,57953360,32278710,19608547,19590711,19574692,0.006112167,9904.0,4224.0,248.0,132.0,2308.0,4224.0,60.0
DSA,78532802,78543823,80169341,70826608,69272544,33186093,33160277,33156971,33155212,18926213,18873383,18849346,0.006075411,9904.0,3584.0,248.0,132.0,2308.0,4224.0,60.0
Falcon,86015957,86046498,86061960,86086339,86096087,86109173,86132980,86153344,86156383,86165823,86176795,86252878,0.027883168,10218.0,3020.0,556.0,132.0,1600.0,3044.0,52.0
DSA,75152862,75172854,75195075,75202941,75215072,75235351,75239085,75254162,75283348,75294403,75302239,75312066,0.025279232,9904.0,4224.0,248.0,132.0,2308.0,4224.0,64.0
Dilithium,22432062,16778442,16579195,16557580,16546212,16546167,16524674,16535981,16539270,16544406,16474959,16464655,0.004923224,9904.0,3584.0,248.0,132.0,2308.0,4224.0,60.0
Dilithium,26085057,26113208,26123592,26135218,26150308,26185929,26199016,26215801,26251350,26258024,26256690,26265186,0.008489634,9904.0,3456.0,248.0,132.0,2308.0,4224.0,60.0
Dilithium,66003457,54800303,54788524,54769338,54760783,54748989,54743543,54773556,54763597,54763062,54760860,17335827,0.005575987,9904.0,3072.0,248.0,132.0,2308.0,4224.0,60.0
Falcon,94105858,94117148,94127268,94162861,94177170,94185352,56554777,56524791,43985525,43912850,43905138,43884904,0.013491139,10437.6,5811.2,781.6,132.0,2308.0,4224.0,60.0
Dilithium,58949020,58340241,58383418,23757448,23735919,18399922,18384518,18337048,18165159,18144148,18125082,18110188,0.005540336,9906.0,588.0,398.0,132.0,1600.0,3044.0,48.0
Dilithium,19668726,17805096,17790528,17812913,17802862,17784042,17797420,17789079,31179441,31196998,31206090,31211533,0.009666228,9840.0,1152.0,492.0,132.0,2308.0,4224.0,56.0
DSA,17660615,17688923,17735104,17793529,17816713,17826210,17833991,17848381,17857734,17872385,17860636,17857894,0.005922093,9904.0,3584.0,248.0,132.0,2308.0,4224.0,64.0
SPHINCS,2744401170,2744421637,2744453552,2712119460,2712111826,2700712792,2700664128,2700603775,2700600887,2699250765,2699242081,2699236245,0.85251464,10459.213675213676,5994.119658119658,803.2136752136752,132.0,2308.0,4224.0,60.0
Dilithium,63931769,50389388,48653325,48566163,48566511,39607338,35254530,35029231,35012236,34899294,21185116,18420619,0.0059386,9939.0,434.0,351.0,132.0,1246.0,2454.0,47.0
Dilithium,44461493,44500808,44521371,44534565,44549732,44558629,44578481,44603112,44616484,44639372,44655245,44667107,0.013562463,9840.0,1024.0,492.0,132.0,2308.0,4224.0,56.0
SPHINCS,4727328257,4727337589,4727343500,4727359912,4727359400,4708734260,4708680591,4703336278,4703071351,4682641008,4682546693,4679543680,1.451519355,10461.741935483871,5751.225806451613,805.741935483871,132.0,2308.0,4224.0,60.0
Dilithium,17119728,17151008,17169124,17191163,17207938,17226443,17244958,17268185,17277450,17303508,17315866,17355449,0.005787623,9972.0,260.0,304.0,132.0,892.0,1864.0,48.0
DSA,48272074,47099517,47107779,47124180,33216655,33207441,33212683,31096430,19695301,19680225,19674492,19656325,0.006143501,10136.0,2106.6666666666665,472.0,132.0,1364.0,2650.6666666666665,52.0
DSA,68855199,68850190,68849132,68859785,68862216,68860171,68905914,68918957,30258298,30157196,30140316,17004601,0.004983208,9840.0,1920.0,128.0,132.0,2308.0,4224.0,56.0
SPHINCS,3217064146,3214707702,3214703592,3214695297,3214705176,3214098878,3214099941,3212929678,3212302658,3187750817,3176179186,3173001133,1.043010947,10460.24427480916,5971.236641221374,804.1526717557252,132.0,2297.1908396946565,4205.984732824428,71.7557251908397
Dilithium,37614992,35963948,35464912,34473301,28602761,28528540,28499800,26750259,26731164,21024056,17588062,17189447,0.005195712,10184.0,4672.0,528.0,132.0,2308.0,4224.0,62.0
SPHINCS,1910780469,1890751535,1890721605,1890722304,1890089750,1888056461,1879436854,1878025579,1864967926,1860529896,1851912629,1851877702,0.566601712,10458.211764705882,5947.011764705882,802.0705882352942,132.0,2291.3411764705884,4196.235294117647,63.71764705882353
Dilithium,75346112,75310156,75279358,29315691,29291938,29278063,18353186,18357591,18368897,18426545,18470199,17846677,0.005869187,9904.0,2816.0,248.0,132.0,2308.0,4224.0,64.0
Dilithium,55847000,55827989,55815898,55685167,55672537,55671884,16684614,16664480,16644501,16631510,16619459,16594476,0.005172787,10464.0,5888.0,808.0,132.0,2308.0,4224.0,64.0
Dilithium,69429332,69462118,69476720,69411929,69434529,69442304,62951236,62829518,24316178,24263405,24239365,18796653,0.005851875,9972.0,152.0,304.0,132.0,892.0,1864.0,44.0
DSA,19242023,19231166,19257303,19271407,19281791,19284633,19281225,19296334,19313469,19325120,19334387,19335721,0.006451428,9904.0,4224.0,248.0,132.0,2308.0,4224.0,60.0
Falcon,136055150,136076766,136087522,136104094,136112353,136117707,136142605,136162545,136171991,136195162,136204732,136211423,0.044074915,10308.0,4768.0,729.0,132.0,2308.0,4224.0,70.0
Dilithium,30877709,30922777,30922388,30970362,30996995,31001517,31008831,31023198,31028606,31071053,31081449,31082411,0.009431716,9904.0,4224.0,248.0,132.0,2308.0,4224.0,60.0
Dilithium,59471600,59480559,59485070,59487757,59596746,64139819,51900535,51850225,51804943,51793423,51777784,51767331,0.015931251,9840.0,1664.0,492.0,132.0,2308.0,4224.0,56.0
Falcon,256074517,208119998,204664275,203048472,203052782,203056516,203054382,203055601,203048286,202637061,202633570,202622442,0.065207308,10413.09090909091,5783.272727272727,757.0909090909091,132.0,2308.0,4224.0,60.0
DSA,39940187,39887018,48148754,48129744,48123955,48114457,53435212,55595279,55529093,55639130,55643868,55653285,0.016571581,9904.0,4096.0,248.0,132.0,2308.0,4224.0,60.0
DSA,42471268,42456499,42492764,42476761,42503318,42523122,42538208,42553263,42581128,42590474,42603462,42606627,0.012644422,9972.0,152.0,304.0,132.0,892.0,1864.0,44.0
SPHINCS,2770027164,2742423674,2742440375,2742435813,2731499889,2731523523,2731529999,2731544866,2731547026,2731549891,2731528844,2731476784,0.831546259,10464.0,6016.0,808.0,132.0,2308.0,4224.0,64.0
DSA,46525184,44743311,32001556,27642375,22294030,22262181,22249909,22253850,22269295,22252680,22243434,20452956,0.006779185,9904.0,3584.0,248.0,132.0,2308.0,4224.0,60.0
DSA,71527558,71531475,71528707,71523530,71538204,71526350,71529048,71543043,21352894,18053482,18032934,17842522,0.005565229,10184.0,5184.0,528.0,132.0,2308.0,4224.0,62.0
Falcon,89386508,89217881,85532865,85506996,85263044,85247480,70680978,70656488,70642060,70630895,70616600,70599334,0.022806498,10324.0,5344.0,668.0,132.0,2308.0,4224.0,60.0
Dilithium,18707250,18736494,18729460,18725719,18705143,18716146,18720657,18711527,18721331,18746062,18740986,18736629,0.006041602,9906.0,1100.0,210.0,132.0,1600.0,3044.0,48.0
SPHINCS,631439915,631456654,631493754,631507279,631525029,631534721,631553639,631572953,631581996,631604673,631625207,631652633,0.195360704,10446.5,5764.0,790.5,132.0,2308.0,4224.0,67.875
Falcon,80298091,80321139,80345888,80371660,80383290,80389301,80400959,80417709,80434131,80449290,80500766,80513610,0.024321246,10277.333333333334,5290.666666666667,621.3333333333334,132.0,2308.0,4224.0,66.66666666666667
Falcon,201706318,201707782,178030174,178000597,177980173,177973744,177838452,175997049,152142972,152106762,152109428,152096616,0.046464419,10429.0,6000.0,773.0,132.0,2308.0,4224.0,64.0
SPHINCS,5329021717,5329090782,5329149298,5329174460,5329229902,5329257926,5329255955,5329280974,5329295569,5329309041,5329324004,5329332416,1.673274666,10462.244514106584,5871.147335423198,806.2445141065831,132.0,2308.0,4224.0,60.0
SPHINCS,1909078312,1909060151,1869816850,1870047745,1870006506,1870021003,1870016375,1870019526,1857539786,1857619909,1857654747,1857644781,0.585919552,10464.0,5866.119658119658,808.0,132.0,2308.0,4224.0,68.0
SPHINCS,1999345274,1999356449,1987267585,1987295867,1987288909,1987307029,1975727721,1973983016,1973966355,1973961462,1969685423,1938681781,0.600867004,10455.731092436974,5804.504201680672,799.5294117647059,132.0,2284.201680672269,4184.336134453782,63.66386554621849
DSA,19181169,19198349,19206746,19211982,19222624,19208726,19222037,19234963,19239727,19241048,19253626,19258468,0.006218698,9904.0,4224.0,248.0,132.0,2308.0,4224.0,60.0
Falcon,64188756,64219997,64229830,64249409,64287894,64308396,64317748,56650295,53590653,53548789,53507919,46409630,0.014074772,10464.0,6016.0,808.0,132.0,2308.0,4224.0,64.0
DSA,57590821,57582637,57571545,57619319,49851606,46672891,46658319,46616569,46602897,21982914,21956794,17554758,0.005983273,9904.0,3456.0,248.0,132.0,2308.0,4224.0,56.0
Dilithium,58756089,58824496,58850408,58869420,58886176,58914450,58954547,58979555,58998568,59011807,59022001,59036275,0.019834175,10095.0,1394.0,430.0,132.0,1246.0,2454.0,45.0
Falcon,148213728,148238649,148248157,148253901,148259022,148273911,148287951,148298389,148283244,148285916,148279091,148267289,0.045518197,10417.333333333334,5802.666666666667,761.3333333333334,132.0,2308.0,4224.0,63.666666666666664
SPHINCS,2823012719,2823037598,2823084838,2823103129,2823135787,2823150190,2823149646,2823134170,2823128110,2780421251,2780393947,2780372167,0.858734633,10459.527272727273,5832.363636363636,803.4181818181818,132.0,2295.1272727272726,4202.545454545455,63.81818181818182
Falcon,164746442,164766560,164811649,164898077,164923748,164928075,164930492,164941298,164956975,164971459,164983720,164969695,0.049783153,10402.5,5283.0,745.0,132.0,2131.0,3929.0,61.5
Falcon,149695079,149719696,149758282,149775022,149802124,149834033,149857903,149877544,149880109,149925114,149941143,139277121,0.041833604,10360.0,5696.0,704.0,132.0,2308.0,4224.0,63.0
SPHINCS,1803606700,1803621439,1803640520,1803653086,1803664390,1803663904,1796818953,1796811831,1796834489,1796855715,1796872247,1796874591,0.543533786,10450.88,5735.04,794.56,132.0,2270.24,4161.066666666667,67.46666666666667
SPHINCS,5054945738,5054988073,5055048823,5055069535,5055056853,5055089106,5055088790,5055105205,5055132757,5044106428,5044062787,5044026574,1.567621466,10460.95652173913,5855.304347826087,804.9565217391304,132.0,2308.0,4224.0,60.0
Dilithium,67693466,66075566,66051826,51057505,48903755,48899268,48887450,48866232,48813344,48798442,47094620,45941820,0.01437023,9904.0,3200.0,248.0,132.0,2308.0,4224.0,64.0
SPHINCS,3239523389,3236982384,3225101814,3236847588,3217862293,3217857962,3204770478,3192630566,3188268572,3179917950,3179903048,3179920836,0.970034257,10459.176470588236,5831.764705882353,803.0588235294117,132.0,2294.1176470588234,4200.862745098039,63.76470588235294
Falcon,183815405,183867090,183879479,183910766,183956777,183976901,183982409,183988906,183998747,184012778,184025353,184038193,0.05824977,10464.0,6032.0,808.0,132.0,2308.0,4224.0,64.0
SPHINCS,4231466054,4231453024,4230996044,4230993729,4230993193,4225162696,4223126278,4223125656,4207038328,4207011508,4207006677,4206987954,1.30672698,10464.0,5760.0,808.0,132.0,2308.0,4224.0,60.0
SPHINCS,2267377887,2267398899,2267416339,2266548226,2262035257,2228456336,2228447085,2228472549,2228516849,2228529896,2228549558,2228554268,0.676706945,10464.0,5881.6,808.0,132.0,2308.0,4224.0,67.96666666666667
Dilithium,71900144,71901175,71909601,71915626,71933398,71937546,71954523,71965939,34070526,21398783,21385502,21371035,0.006481117,9904.0,3328.0,248.0,132.0,2308.0,4224.0,60.0
DSA,17841959,17773835,17771476,17778161,17780875,17784862,17793074,17798627,17791713,17794475,17798208,17800800,0.005238348,9904.0,2944.0,248.0,132.0,2308.0,4224.0,60.0
SPHINCS,2481552271,2481576953,2481622018,2481644120,2481666393,2481690042,2481709145,2481744307,2481845321,2481860467,2480885996,2480909352,0.761650252,10464.0,6016.0,808.0,132.0,2308.0,4224.0,68.0
SPHINCS,539388116,539421462,539432229,539444552,539467570,539479873,539489969,539511323,539525719,539539770,539547332,539554752,0.177797892,10413.09090909091,5643.636363636364,757.0909090909091,132.0,2308.0,4224.0,67.27272727272727
SPHINCS,3507660360,3507680476,3506773049,3490905279,3490937889,3490950261,3490996789,3458345072,3458311669,3458307008,3458299725,3458290667,1.041253893,10464.0,5888.0,808.0,132.0,2308.0,4224.0,68.0
Dilithium,26543919,26582317,26597627,26621601,26641228,26664588,26716435,26769617,26778615,26780359,26779072,26807509,0.008821101,10118.0,4224.0,462.0,132.0,2308.0,4224.0,64.0
SPHINCS,2705290622,2704052412,2702742056,2701902045,2699224951,2699243962,2699242621,2698635266,2691287758,2691236648,2663579054,2662658352,0.840113594,10464.0,6016.0,808.0,132.0,2308.0,4224.0,64.0
Falcon,236311881,227129337,218065492,218049405,218053154,218048673,212419658,211602881,189580534,189571520,189568938,189553088,0.057493336,10464.0,5942.857142857143,808.0,132.0,2308.0,4224.0,67.71428571428571
Falcon,198210282,184583036,167175450,167172597,167162300,167100813,167084984,167081588,154795960,152402445,152375246,150873647,0.046205269,10426.666666666666,5777.066666666667,770.6666666666666,132.0,2308.0,4224.0,63.46666666666667
Falcon,176439592,176443947,176446333,174972920,164854410,163741935,163605954,156509401,156465213,156438297,151890329,128206427,0.038545784,10464.0,6016.0,808.0,132.0,2308.0,4224.0,64.0
SPHINCS,3577186269,3577212368,3577294055,3576928399,3577379196,3577391211,3577410029,3577427185,3577454824,3577525105,3577541252,3577546775,1.132602934,10461.232,5868.032,805.232,132.0,2308.0,4224.0,59.984
Falcon,155666103,153754493,153544762,149147512,127133527,127123374,125754086,123419730,123416904,123402746,114862784,114860289,0.034275098,10464.0,6000.0,808.0,132.0,2308.0,4224.0,60.0
Falcon,194302527,194299943,188668834,188653525,188657361,188626966,188234649,188233411,177869005,174449926,169289617,168816666,0.051966487,10417.866666666667,5760.0,761.8666666666667,132.0,2308.0,4224.0,63.46666666666667
SPHINCS,684393886,684415749,684430401,684452566,684463476,684472473,684486041,684501800,684512586,684526903,684542641,684549692,0.215905842,10445.333333333334,5687.466666666666,789.3333333333334,132.0,2308.0,4224.0,56.0
Dilithium,28183529,28216547,28231821,28251712,28294529,28311978,28323947,28296876,28309611,28318847,28327893,28339140,0.009071427,9904.0,3072.0,248.0,132.0,2308.0,4224.0,64.0
DSA,32419268,32453827,27058466,24293281,18240475,18239747,18236040,18231181,18210425,18200061,18216784,18208909,0.00577564,9904.0,3456.0,248.0,132.0,2308.0,4224.0,60.0
DSA,50846397,50878048,50893175,50902525,53219110,65221027,69438597,74085571,78617619,78912877,81797957,83529780,0.026015963,9904.0,3456.0,248.0,132.0,2308.0,4224.0,60.0
DSA,55123343,55151097,55173978,55184981,55203211,55225973,55238014,55253727,55267080,55278429,55295025,55310983,0.01840276,9904.0,3584.0,248.0,132.0,2308.0,4224.0,60.0
SPHINCS,3052158452,3052156628,3052165687,3027090394,3024247348,3024231305,3021858443,3018742996,3018728026,3016956222,3016958177,3014310322,0.98620897,10464.0,6016.0,808.0,132.0,2308.0,4224.0,68.0
SPHINCS,210976416,211001617,211023748,211062883,211070436,211081149,211073074,211087963,211075958,211073535,211078370,211094602,0.062568731,10441.714285714286,5532.285714285715,785.2857142857143,132.0,2257.4285714285716,4139.714285714285,59.285714285714285
Falcon,158542014,158554495,158581838,158597549,158614205,106394568,106305921,106297927,106284123,106276455,103350876,102967831,0.030974382,10426.153846153846,5574.7692307692305,769.2307692307693,132.0,2199.076923076923,4042.4615384615386,62.15384615384615
DSA,57208930,57221777,57222906,57224062,57237886,53577013,18673157,18189294,18170075,18156089,18141204,18128287,0.005921715,10184.0,5120.0,528.0,132.0,2308.0,4224.0,60.0
SPHINCS,547157349,546966834,545065323,542803543,489803408,489778243,489380998,489373648,489362646,489388826,483005202,479973138,0.145941064,10454.967741935483,5710.451612903225,798.9677419354839,132.0,2308.0,4224.0,60.0
Falcon,59270582,59282707,59299659,59316648,59324398,59338677,59366307,59391636,59408843,59422407,59466985,59472501,0.019111525,10464.0,6016.0,808.0,132.0,2308.0,4224.0,60.0
DSA,30248572,30278264,30307464,30321002,30331792,30342852,30359123,30372635,30387331,30395894,30404635,30408493,0.009822837,10118.0,4352.0,462.0,132.0,2308.0,4224.0,62.0
DSA,74435567,65739063,65710497,65733602,65754904,65480484,64234454,64226389,54231451,46007017,38032593,17839379,0.005738862,9840.0,2176.0,116.0,132.0,2308.0,4224.0,56.0
SPHINCS,2765865702,2765881563,2765917942,2765945713,2712630806,2712632646,2708459453,2698935677,2698937047,2698917963,2698908209,2698908185,0.835830607,10463.316062176165,5855.5025906735755,807.3160621761658,132.0,2308.0,4224.0,64.0
SPHINCS,5163375172,5163376365,5163386104,5163417818,5162506574,5162520283,5151954702,5151927312,5151940776,5151933698,5151945445,5151941170,1.582219986,10461.354838709678,5848.215053763441,805.2903225806451,132.0,2300.3870967741937,4211.311827956989,59.89247311827957
Falcon,152397167,152425404,100875203,100870138,100864089,100877225,100865269,86911938,86836627,86618716,86596167,86501862,0.025695141,10420.0,5674.666666666667,764.0,132.0,2308.0,4224.0,64.0
Falcon,135081520,135112395,135138228,135168453,135193106,135210362,135225533,135252928,135276759,135293370,135338254,135353477,0.04105854,10352.0,5529.6,696.0,132.0,2308.0,4224.0,67.2
Dilithium,76419045,76431037,76053558,76098366,76104443,76119270,76105482,73317890,25597060,17652860,17597171,17570856,0.005478794,10180.0,4736.0,524.0,132.0,2308.0,4224.0,60.0
DSA,42073215,42093679,42091188,42096976,42155139,33262995,33259531,26665917,26666585,26673184,22816429,17235000,0.005213205,10464.0,5120.0,808.0,132.0,2308.0,4224.0,64.0
Falcon,163595581,163613047,163631493,163651455,163684867,163695987,163707947,163702905,163709970,163720543,163730030,163756910,0.053709093,10088.0,5184.0,743.3333333333334,132.0,2308.0,3954.0,60.666666666666664
Dilithium,77097581,75787450,65689215,62741245,29503405,17039134,16997921,16312118,16295132,16275524,16263438,16251827,0.005139685,9938.0,1804.0,276.0,132.0,1600.0,3044.0,50.0
SPHINCS,1652169471,1652145917,1652138064,1652174902,1652189407,1652171146,1652149333,1652144620,1652185595,1652201598,1652189277,1652152518,0.505895727,10464.0,5888.0,808.0,132.0,2308.0,4224.0,64.0
Dilithium,18017740,18039108,18054848,18068094,18076783,18086316,18117787,18123629,18125918,18135425,18139662,18145939,0.005673842,10113.333333333334,3506.6666666666665,453.3333333333333,132.0,1836.0,3437.3333333333335,53.333333333333336
DSA,73349044,35130309,35101929,35112364,35100852,30759969,30796127,30789100,30839619,29395831,17948603,17896019,0.005391802,9904.0,3968.0,248.0,132.0,2308.0,4224.0,56.0
DSA,21185586,21205413,21363289,21378689,21387782,21386719,21389855,21395670,21410987,21388881,21393930,21404335,0.006917744,10118.0,4224.0,462.0,132.0,2308.0,4224.0,62.0
DSA,98478062,78522545,77429745,70111015,70058747,63484908,41942338,39746863,29869809,29819597,29259637,20695004,0.006820973,9904.0,4224.0,248.0,132.0,2308.0,4224.0,60.0
Falcon,181677862,181679409,181682419,181681782,172942874,172908382,172896924,169982550,169966155,169959109,137357510,136797046,0.044527144,10464.0,6016.0,808.0,132.0,2308.0,4224.0,64.0
DSA,26114890,26158653,26172206,26176151,24343116,24335646,24332577,24333679,24344137,25390307,23658993,21322271,0.006620834,10332.0,4992.0,676.0,132.0,2308.0,4224.0,60.0
DSA,61139681,61151829,48263289,48270017,48289019,46677624,46601991,43349296,43333858,43316777,43075416,43644213,0.014381129,9904.0,3968.0,248.0,132.0,2308.0,4224.0,60.0
SPHINCS,586237388,586247457,586250898,586254187,564240906,556680839,556663507,554135908,502718732,490523359,490436435,490224973,0.152306765,10464.0,5836.8,808.0,132.0,2308.0,4224.0,68.0
Falcon,74827920,74656333,74666269,74673166,74686543,74696498,74734015,74754101,74767363,74775754,74780835,74783584,0.024585434,10464.0,6016.0,808.0,132.0,2308.0,4224.0,64.0
Falcon,97467010,51793620,51760421,51789279,51797855,51473045,51468258,51460802,51459385,51462724,51064021,51027852,0.014770263,10464.0,5792.0,808.0,132.0,2308.0,4224.0,60.0
Dilithium,82588412,43101378,43062675,43056208,43045992,43032884,43018053,30566611,29911002,29281211,23783111,17353812,0.005246435,9904.0,3456.0,248.0,132.0,2308.0,4224.0,60.0
DSA,71279246,71297800,71301724,71333838,71354061,33707295,33682816,33661735,20703426,18212041,16927923,16901284,0.005019441,9938.0,1612.0,276.0,132.0,1600.0,3044.0,50.0
Dilithium,68501334,68504061,68507496,68529750,68541054,68544624,68546315,31109128,18466526,18499223,18523591,18539974,0.005536681,9904.0,3456.0,248.0,132.0,2308.0,4224.0,60.0
SPHINCS,738688433,704290762,704288804,704311352,704342624,704356581,704383329,704409160,704417485,704425164,704408697,704389474,0.217676573,10442.083333333334,5608.5,785.8333333333334,132.0,2278.5,4174.833333333333,63.416666666666664
Falcon,79662422,79608148,74112101,74062278,74060342,74042232,74029464,74030063,49496983,49471333,49484227,49434215,0.01501499,10464.0,5760.0,808.0,132.0,2308.0,4224.0,60.0
Falcon,311253009,311248516,307413219,306612243,291970260,291978286,281026983,242452153,242406230,229714927,229647037,220589299,0.071074933,10382.0,5145.333333333333,724.0,132.0,2072.0,3830.6666666666665,56.666666666666664
DSA,47204192,41680043,41693861,41701258,40869469,18362759,18341367,18341595,17653110,17637635,17631933,17615019,0.005676295,10332.0,4992.0,676.0,132.0,2308.0,4224.0,60.0
SPHINCS,716985860,716997052,691859987,686125737,686105717,672327001,672022809,671303691,671298463,670690809,670681861,670673009,0.20710216,10375.478260869566,4989.565217391304,717.9130434782609,132.0,2123.304347826087,3916.1739130434785,62.78260869565217
SPHINCS,317557134,317599689,317493545,317491978,317533451,317523523,317468295,295148349,295118528,295100120,295098320,295084148,0.088074474,10370.666666666666,5504.0,714.6666666666666,132.0,2308.0,4224.0,60.0
SPHINCS,5549475259,5549501170,5549508572,5549509597,5523712805,5523715902,5523704065,5523704736,5523707507,5523713033,5523712040,5523738344,1.703450968,10464.0,5883.524475524476,808.0,132.0,2308.0,4224.0,60.0
SPHINCS,3393542750,3393609141,3393661362,3388214005,3374515678,3372957374,3372721195,3368169375,3355853968,3350678464,3350660297,3347375192,1.036920688,10464.0,5758.561797752809,808.0,132.0,2308.0,4224.0,64.0
Dilithium,52045427,52064973,52070944,52055058,52049007,18418431,18381944,18374828,18369012,18346043,18293717,18272687,0.005516174,9840.0,1408.0,492.0,132.0,2308.0,4224.0,56.0
SPHINCS,2517205887,2517233247,2517255651,2517285149,2517309286,2517299645,2517324646,2517355068,2517379559,2517399323,2517348512,2517404192,0.778479555,10464.0,5760.0,808.0,132.0,2308.0,4224.0,60.0
Dilithium,70788463,70786489,59117528,54235362,54232573,54213665,47006784,46976473,46971675,46978859,46579575,18200644,0.005843529,10464.0,5760.0,808.0,132.0,2308.0,4224.0,64.0
DSA,18383823,18372308,18350305,18359954,18371773,18379670,18396801,18409437,18423082,18436202,18449520,18462495,0.005785234,9904.0,3456.0,248.0,132.0,2308.0,4224.0,68.0
DSA,64161929,64170399,64161251,64155868,63969877,63303107,60109951,60080158,30350908,17646786,17638851,17625877,0.005398626,10332.0,4992.0,676.0,132.0,2308.0,4224.0,60.0
SPHINCS,2937270285,2937283368,2937309755,2937086192,2936808544,2933179741,2930748741,2929979933,2929978559,2929974752,2900461316,2888345819,0.942432275,10460.308771929824,5967.578947368421,804.2666666666667,132.0,2303.0315789473684,4215.7192982456145,59.94385964912281
DSA,62437227,62468772,62469781,62500700,62537326,62537778,62536921,23834451,23806071,23796252,17573660,17551842,0.005666028,9840.0,1280.0,492.0,132.0,2308.0,4224.0,56.0
SPHINCS,3304658968,3304725341,3304748315,3304771359,3304802637,3304850396,3304886311,3304887456,3304906154,3304937499,3304953021,3304926128,1.011284671,10464.0,6016.0,808.0,132.0,2308.0,4224.0,64.0
DSA,69633975,69626073,69613315,27612086,17638658,17619259,17621689,17628130,17609084,17591938,17574917,17562376,0.005295728,9904.0,4224.0,248.0,132.0,2308.0,4224.0,60.0
Dilithium,50156506,50176771,50189377,50210435,50237488,50250678,50265233,50281370,50299100,50317740,50337280,50367023,0.016571957,10152.0,2572.0,490.0,132.0,1600.0,3044.0,54.0
SPHINCS,3395529880,3395551442,3395563195,3395597461,3395634556,3395655397,3395674588,3395690615,3395705954,3395717186,3395753696,3395761654,1.063766699,10458.211764705882,5820.517647058824,802.0705882352942,132.0,2291.3411764705884,4196.235294117647,67.67058823529412
SPHINCS,369143461,369041477,332883394,332833607,332763516,332751981,332238699,323383324,323351424,323341776,323342899,323324873,0.103789087,10435.058823529413,5573.176470588235,778.3529411764706,132.0,2224.705882352941,4085.176470588235,58.8235294117647
Falcon,98536440,98570499,98591704,98618954,98637514,98648840,98667490,98686809,98704471,98718915,98731896,98742034,0.033485978,10464.0,6016.0,808.0,132.0,2308.0,4224.0,72.0
Dilithium,19905066,19943638,19971845,20001985,20016966,20031908,20053694,20067460,20122548,20128974,20140744,20146175,0.006077127,9840.0,1792.0,492.0,132.0,2308.0,4224.0,56.0
DSA,57861304,57892684,57910317,57932239,57956912,57984625,58005862,58033729,58053803,58081112,58106479,58125226,0.018787984,10184.0,4800.0,528.0,132.0,2308.0,4224.0,62.0
SPHINCS,3139486925,3131547917,3131365567,3131361460,3131393404,3131398738,3123604563,3123540075,3090172130,3087018085,3085295520,3078043679,0.958406862,10458.68686868687,5846.10101010101,802.6262626262626,132.0,2300.848484848485,4212.080808080808,63.85858585858586
SPHINCS,4779910121,4779849960,4779772456,4779702133,4779633008,4779511916,4779382920,4779174315,4779030486,4778910665,4778779270,4778693617,1.458669628,10461.617021276596,5750.740425531915,805.6170212765958,132.0,2308.0,4224.0,63.98297872340426
DSA,60029696,60053511,60140780,60181845,60175665,60184049,60208761,60222442,60226533,60229827,60242237,60250153,0.019385208,9904.0,3328.0,248.0,132.0,2308.0,4224.0,60.0
SPHINCS,4994150545,4971744955,4969929886,4968883964,4966663458,4966656980,4960345922,4960239008,4960248594,4960264433,4960228419,4960214330,1.544764294,10459.820895522387,5741.850746268657,803.820895522388,132.0,2308.0,4224.0,63.97014925373134
DSA,31031809,31035720,31041241,31035801,31003656,30969897,22009702,21985304,20428821,18381685,16956486,16944884,0.005416152,9772.0,2432.0,116.0,132.0,2308.0,4224.0,56.0
Dilithium,17100803,17142322,17151922,17158591,17182907,17206063,17212489,17224605,17232107,17244432,17251872,17251980,0.005568887,9904.0,3456.0,248.0,132.0,2308.0,4224.0,60.0
DSA,52114508,52164085,52176493,52199909,52221687,52248761,52273688,52284685,52294785,52309559,52315703,52330946,0.017253242,10218.0,2956.0,556.0,132.0,1600.0,3044.0,50.0
DSA,65332618,65362022,63347276,63190910,61637743,56546476,55372990,55338842,33971117,18423767,18401507,18382381,0.005929486,9972.0,1560.0,304.0,132.0,892.0,1864.0,56.0
DSA,45386626,45406793,45422997,45462902,45490751,45462010,45389202,45333146,45336528,45333646,45307237,45289748,0.014099616,9972.0,152.0,304.0,132.0,892.0,1864.0,44.0
Falcon,46644184,46652506,46658304,46700370,46728130,46751827,46782184,46792003,46794339,46803248,46799137,46806095,0.014141798,10184.0,5120.0,528.0,132.0,2308.0,4224.0,60.0
Dilithium,89124993,89128120,89126288,88389194,88371975,88367643,55223320,53743164,52206365,52174873,50414671,18969478,0.006139619,9904.0,3584.0,248.0,132.0,2308.0,4224.0,60.0
Dilithium,80527252,80975082,84143854,84162194,87319260,88273243,61472730,60634349,60608835,86241522,88734129,88862658,0.028810779,9904.0,3456.0,248.0,132.0,2308.0,4224.0,60.0
DSA,68823923,33187722,33155172,33140281,33158360,33142617,33122984,33107470,33105083,33091590,21210588,17723069,0.005659874,9904.0,3456.0,248.0,132.0,2308.0,4224.0,64.0
SPHINCS,1527017080,1527040596,1527054965,1527074290,1527075302,1527068883,1527079124,1527110421,1527127445,1526456910,1527144933,1527162284,0.472107496,10458.105263157895,5862.4,802.1052631578947,132.0,2308.0,4224.0,63.95789473684211
Falcon,284561479,284582716,284602266,284626946,284665867,284683280,284700291,284749574,284773189,284791367,284807975,284820659,0.084244446,10464.0,6087.111111111111,808.0,132.0,2308.0,4224.0,68.0
DSA,67266391,67274096,67309154,67345029,67367823,67377498,67393098,29876597,17183308,17155624,17129800,17109649,0.005305522,9904.0,4352.0,248.0,132.0,2308.0,4224.0,60.0
DSA,91865111,91858237,91850722,55725851,51320832,16727897,16683045,16654965,16626992,16600675,16592596,16584685,0.004731687,9904.0,3456.0,248.0,132.0,2308.0,4224.0,60.0
SPHINCS,5463949044,5449469467,5448303721,5446569155,5446568135,5446085077,5446075712,5446064816,5446067965,5446076027,5446039904,5443363130,1.77641344,10460.905660377359,5847.094339622641,804.8301886792453,132.0,2299.0943396226417,4209.157232704402,66.41509433962264
Falcon,90897430,44163342,42113778,42110149,42099147,42090126,42079035,42071755,42067930,42061118,42056158,42043935,0.012640568,10401.777777777777,5745.777777777777,745.7777777777778,132.0,2308.0,4224.0,60.0
DSA,58316212,58327061,58342480,58351620,58364752,58377024,58381381,58382424,58387992,58413606,58425510,58404328,0.018982947,10092.0,1765.3333333333333,428.0,132.0,1364.0,2650.6666666666665,46.666666666666664
Dilithium,54105133,54119026,53389014,53396221,51471549,49891050,33539323,31918064,21280251,18620328,18585087,17383106,0.00558545,9904.0,3456.0,248.0,132.0,2308.0,4224.0,64.0
Falcon,48687398,48703512,48728164,48778559,48835716,48844523,48856905,48907407,48926191,48926897,48934119,48935413,0.015321777,10464.0,6016.0,808.0,132.0,2308.0,4224.0,68.0
SPHINCS,696336386,696340086,696349367,696319445,696330071,696332068,696342657,680396248,678936323,678347833,677965863,672333230,0.202835404,10431.047619047618,5638.0952380952385,775.047619047619,132.0,2308.0,4224.0,59.80952380952381
SPHINCS,4319066543,4313344841,4313151127,4313193517,4313209544,4313209092,4313040745,4309880427,4309867308,4288407936,4276007217,4275992798,1.32783446,10461.956204379561,5995.445255474453,805.956204379562,132.0,2308.0,4224.0,64.0
SPHINCS,3707620777,3707638789,3707648146,3707664142,3707679376,3698460971,3692348547,3692321065,3692099065,3673643844,3661624734,3661124897,1.117844677,10464.0,6016.0,808.0,132.0,2308.0,4224.0,72.0
SPHINCS,665238188,665225803,665234609,665256041,665286014,665300303,665213893,665199285,665213883,665231211,665231948,665247978,0.20415241,10448.0,5767.314285714286,792.0,132.0,2308.0,4224.0,64.0
Falcon,217276482,217296357,217313520,217338353,217356609,217373639,215275814,214996518,214999759,215027494,215057809,215064200,0.069526456,10464.0,6144.0,808.0,132.0,2308.0,4224.0,64.0
SPHINCS,2805541235,2805566185,2805587436,2805611996,2805635732,2805647503,2805655895,2805679330,2805697208,2805704488,2805722048,2805729910,0.924153944,10461.333333333334,5983.085714285714,805.3333333333334,132.0,2308.0,4224.0,67.98095238095237
Dilithium,32688193,17048302,17017702,17021999,17022618,17007308,16990609,16987151,16981354,16975405,16940596,16917070,0.00517503,9955.0,1042.0,290.0,132.0,1246.0,2454.0,46.0
SPHINCS,2547490931,2547512774,2547545072,2547571232,2547592603,2547650672,2547665796,2547659193,2547693068,2547699229,2547710642,2547724756,0.798170727,10461.053892215568,5853.652694610779,804.9820359281437,132.0,2299.5209580838323,4209.868263473054,55.90419161676647
Falcon,193726059,193760459,193781401,193797419,193809985,193820652,193844740,193029181,156332504,156301682,156298198,156281960,0.04857745,10401.777777777777,5944.888888888889,745.7777777777778,132.0,2308.0,4224.0,64.0
Falcon,45628689,45658395,45685970,45707422,45722666,45763812,45823238,45900089,45933329,45946344,45980535,45986765,0.013824031,10339.2,5043.2,744.8,132.0,2308.0,4224.0,62.4
Falcon,119098703,119112268,81490688,80732321,79076600,79061950,79052572,78206373,78203913,78201638,78201482,71050939,0.021736874,10324.0,5408.0,668.0,132.0,2308.0,4224.0,64.0
SPHINCS,406615058,406635272,406657147,404792961,358517759,358502391,358501696,346620400,346795258,342351008,342323355,342071149,0.106103729,10464.0,5909.333333333333,808.0,132.0,2308.0,4224.0,68.0
SPHINCS,4172490787,4172408599,4172456640,4172156332,4171932498,4134119115,4134041569,4120909178,4119135253,4119120073,4118785434,4118787502,1.267139108,10460.410256410256,5862.5641025641025,804.4102564102565,132.0,2308.0,4224.0,67.97435897435898
Dilithium,16915498,16966291,16994978,17031771,17071424,17091110,17081875,17085009,17089236,17102542,17123976,17134712,0.005194465,10464.0,6016.0,808.0,132.0,2308.0,4224.0,64.0
DSA,33425483,33424165,33428159,33918072,33923355,33709342,33697046,31322096,31312845,31317622,31310748,31306359,0.010099976,9904.0,4224.0,248.0,132.0,2308.0,4224.0,64.0
Falcon,137735107,137703794,137702747,137705703,137704674,137710476,137713575,92642840,92627310,92607044,92599637,92589328,0.027609616,10426.181818181818,5888.0,770.1818181818181,132.0,2308.0,4224.0,60.0
Dilithium,75319581,75346947,61400770,58587276,43358293,40135198,39920924,39948164,39933752,36218583,36197376,33462371,0.010798332,9904.0,3584.0,248.0,132.0,2308.0,4224.0,64.0
Falcon,148346058,142016217,129470835,129430356,129391487,124691163,121462365,121435181,115611342,104647648,104629046,104606970,0.033065922,10464.0,5888.0,808.0,132.0,2308.0,4224.0,60.0
DSA,17253206,17276234,17299434,17320421,17332226,17362398,17384219,17409882,17474066,17487209,17502523,17510746,0.005477239,9904.0,4224.0,248.0,132.0,2308.0,4224.0,64.0
Dilithium,53494847,53507333,53511136,53473617,30987124,30938429,24499449,22399200,18065160,18069903,18041867,17983697,0.005679667,10092.0,2482.6666666666665,534.6666666666666,132.0,1836.0,3437.3333333333335,52.0
Falcon,381567790,381608736,378547722,378493868,352294373,350863168,344304376,344255461,340117907,340061362,340053843,335095540,0.10179241,10339.2,5273.6,744.8,132.0,2308.0,4224.0,63.2
Falcon,49843631,49883382,49910141,49927761,49944493,49965880,49981367,50040031,50087699,50105939,50123918,50131736,0.014617409,10184.0,4672.0,528.0,132.0,2308.0,4224.0,60.0
SPHINCS,1776288286,1776325455,1776358011,1776386010,1776392432,1776417396,1776443868,1776470981,1776488631,1776510111,1776509970,1776555899,0.534347986,10464.0,6016.0,808.0,132.0,2308.0,4224.0,68.0
SPHINCS,1793461741,1793473985,1789071989,1787196268,1748835605,1748801926,1748780108,1748774700,1748783203,1748783756,1748780900,1748779855,0.549141973,10452.727272727272,5796.444444444444,799.7171717171717,132.0,2293.6969696969695,4200.161616161616,59.878787878787875
DSA,57875975,57909174,57923556,57935314,57921467,46098447,17280284,17249428,17243037,17222188,17203471,17178212,0.005356475,9904.0,3456.0,248.0,132.0,2308.0,4224.0,60.0
Falcon,85670345,85654306,81054723,74021539,73847170,73862840,69407858,69388166,69379574,69365583,69353435,57157020,0.018460683,10370.666666666666,5696.0,714.6666666666666,132.0,2308.0,4224.0,67.33333333333333
Dilithium,28609322,28636409,28648173,28659950,28679197,28686307,28694339,28706837,28731533,28738395,28751901,28755983,0.00928828,9904.0,4224.0,248.0,132.0,2308.0,4224.0,64.0
SPHINCS,2503963318,2503937945,2503956511,2495135380,2495116100,2495062063,2495053735,2495044754,2495039942,2494742294,2493492331,2493475830,0.792454794,10461.307692307691,5880.615384615385,805.3076923076923,132.0,2308.0,4224.0,63.98076923076923
DSA,53153518,53187461,55466943,55542702,55558837,55577050,55622080,55643960,55664146,55684666,55698909,55703937,0.01873735,9904.0,3584.0,248.0,132.0,2308.0,4224.0,60.0
DSA,53309955,53347178,53371372,53383917,53424664,53439934,53448727,53481346,53499287,53515249,53547665,53548871,0.016256637,9938.0,2188.0,276.0,132.0,1600.0,3044.0,50.0
Falcon,79493797,79510611,79536999,79598794,79627862,79639548,79652705,79686070,79718771,79719799,79740371,79749619,0.025048238,10308.0,4928.0,729.0,132.0,2308.0,4224.0,69.0
Falcon,202186489,201983606,195208211,195176731,195170141,195160701,194987448,194974572,194967206,188362701,183466232,159095449,0.048152222,10432.8,5792.0,792.2,132.0,2308.0,4224.0,59.8
Dilithium,65426371,58782522,58778473,58240428,58274848,58269797,58264687,58257999,58278930,58285663,58301026,18921703,0.006085485,4988.0,76.0,152.0,68.0,446.0,932.0,26.0
Falcon,158425383,155421253,145160175,145136871,145124059,145144735,145129326,144654385,144662161,144694143,144708669,135539106,0.040558672,10424.533333333333,5722.4,768.1333333333333,132.0,2260.8,4145.333333333333,70.4
Falcon,96127318,95723983,95553969,95592013,95086432,95082236,95091806,50058568,50019266,50032762,50020725,50004630,0.015640995,10313.714285714286,4739.428571428572,656.0,132.0,2105.714285714286,3886.8571428571427,53.714285714285715
DSA,67229805,67261464,67266828,66156710,60154145,60109008,60052954,60030398,60014861,60008970,59995447,17317228,0.005572557,9972.0,152.0,304.0,132.0,892.0,1864.0,40.0
Dilithium,55353353,54330427,28416750,26198723,25167991,25181002,24985104,24517217,24501850,24488133,24476063,16646072,0.005357741,9904.0,3584.0,248.0,132.0,2308.0,4224.0,64.0
SPHINCS,2079676203,2030619749,2030538612,2030547726,2030552478,2030554194,2030581634,2025041057,2018458931,2016805024,2014535284,2014204575,0.652161037,10457.44,5811.52,801.28,132.0,2289.12,4192.533333333334,59.733333333333334
SPHINCS,2721090088,2720738903,2720727160,2713147476,2713118564,2678530272,2678498070,2678493444,2678509607,2678505859,2678506444,2674902002,0.807301046,10452.818181818182,5757.636363636364,796.5454545454545,132.0,2275.818181818182,4170.363636363636,63.45454545454545
Falcon,87114512,87070654,86882544,86832326,85487748,85474019,62442243,62405069,58321018,54231577,50751032,48100259,0.015522779,10277.333333333334,5418.666666666667,621.3333333333334,132.0,2308.0,4224.0,62.666666666666664
SPHINCS,3929277706,3929277618,3929317020,3928917807,3928923818,3928925493,3927437728,3911905337,3885051922,3883303933,3883293788,3881521070,1.229410784,10459.665198237886,5828.440528634361,803.5594713656387,132.0,2295.5242290748897,4203.20704845815,63.78854625550661
SPHINCS,2903070388,2902949015,2903174242,2903183453,2903196125,2903017220,2902903496,2902818737,2897295670,2896982566,2896981431,2854359118,0.87634597,10464.0,5882.181818181818,808.0,132.0,2308.0,4224.0,64.0
SPHINCS,1538544784,1488278651,1488241027,1488189824,1488187780,1488212506,1488200928,1488193609,1476314206,1476262648,1471470914,1463439801,0.460548631,10464.0,5760.0,808.0,132.0,2308.0,4224.0,68.0
Dilithium,56050520,56046414,56049577,56071203,56077631,56097677,18861365,18822462,18811453,18818416,18816950,18805728,0.005781695,9972.0,152.0,304.0,132.0,892.0,1864.0,40.0
Falcon,200865869,200865127,200838756,200835117,169054509,167488971,167482875,167418010,167419760,164954861,164951723,161364447,0.048642084,10335.764705882353,4836.705882352941,697.4117647058823,132.0,2141.4117647058824,3946.3529411764707,56.94117647058823
DSA,55341266,54082073,54029090,45392131,42019512,41996498,41981244,41891641,41899591,41886085,41883385,18011583,0.005792425,9904.0,3584.0,248.0,132.0,2308.0,4224.0,64.0
Dilithium,19259645,19282518,19299923,19330790,19365120,19377748,19403177,19420018,19438866,19459645,19468832,19466794,0.005754159,10048.0,4608.0,392.0,132.0,2308.0,4224.0,64.0
SPHINCS,361735913,348641059,348598838,348452275,348438852,348431573,314352732,314282919,309717982,309327632,309307347,309299292,0.093076745,10464.0,5760.0,808.0,132.0,2308.0,4224.0,64.0
DSA,83000660,108746155,96856151,72843673,77972651,77488355,79114658,79086635,79082832,79081195,79091471,83246951,0.027458276,9772.0,2304.0,116.0,132.0,2308.0,4224.0,56.0
DSA,57525940,57248885,57257192,57267874,51913987,51577815,49363012,48316126,47792277,38757237,38773429,20347049,0.006127536,9840.0,1024.0,492.0,132.0,2308.0,4224.0,56.0
SPHINCS,3180963510,3180977964,3180994925,3158749544,3158725631,3156745505,3156758369,3156755939,3156754511,3156747658,3156748627,3156753794,0.971088416,10462.720720720721,6010.810810810811,806.7207207207207,132.0,2308.0,4224.0,64.0
SPHINCS,1650758701,1643251703,1643210448,1643198403,1602158107,1602143092,1602136243,1602114149,1602107898,1602082999,1602091513,1602082270,0.493146838,10464.0,6016.0,808.0,132.0,2308.0,4224.0,68.0
Dilithium,84749818,84598553,84608869,84608523,64144556,64127779,64096405,59004226,52487002,48798761,16731333,16440752,0.005470878,9904.0,4096.0,248.0,132.0,2308.0,4224.0,64.0
DSA,29499515,29552812,29584558,29617425,29655469,29674659,29701664,29726089,29736400,29752410,29788452,29815420,0.009955634,9904.0,3456.0,248.0,132.0,2308.0,4224.0,64.0
Falcon,179787533,179838481,179852657,179900424,179916972,179932861,179953958,179962461,179981190,180005769,180010818,180019989,0.05444925,9734.8,5452.8,729.6,132.0,2308.0,3819.2,61.6
DSA,52373825,52380166,52394458,52438076,52460501,52485641,52502073,52532809,52541165,52550392,52558452,52567952,0.01716955,10010.0,2316.0,348.0,132.0,1600.0,3044.0,52.0
Dilithium,17037584,17055581,17068218,17100581,17123113,17165755,17178884,17183890,17194974,17211056,17233425,17249277,0.005231439,9904.0,3072.0,248.0,132.0,2308.0,4224.0,60.0
SPHINCS,275758532,275760737,275762487,274934300,274686406,266126925,255628039,254311415,231869276,231841707,231846804,231841205,0.070437845,10383.6,5058.4,741.8,132.0,2166.4,3988.0,54.2
DSA,61446002,61467373,61484819,61496376,61509847,61568708,61597009,61620827,61649275,61666949,61676302,61686296,0.018944963,6695.0,1318.0,290.0,132.0,1954.0,1610.0,43.0
Dilithium,91456738,91429427,91419202,91416641,55026437,54994421,55012843,55007135,28929378,18742768,18675356,18635382,0.005778877,9904.0,4224.0,248.0,132.0,2308.0,4224.0,64.0
Falcon,196442773,196434455,196455509,196495722,196518137,196578678,196579253,196600223,196617274,196638396,196661657,196676137,0.05998573,10260.57142857143,5705.142857142857,752.5714285714286,132.0,2308.0,3934.8571428571427,62.285714285714285
Falcon,110566191,110579510,59618203,59597964,59597069,59602752,59605579,59601760,59594399,59589290,59588622,59585323,0.018224147,10277.333333333334,5120.0,621.3333333333334,132.0,2308.0,4224.0,62.666666666666664
Falcon,91136840,91135642,91147003,81952547,76799703,69953802,69932951,61628213,61282199,61263068,53209902,53124452,0.017472244,10256.0,3720.0,596.0,132.0,1836.0,3437.3333333333335,53.333333333333336
SPHINCS,2468256218,2468283964,2468299515,2468326641,2468349561,2468361820,2468381515,2468390448,2468429706,2468439029,2468447837,2468460383,0.768968541,10464.0,6016.0,808.0,132.0,2308.0,4224.0,64.0
DSA,27875309,27927412,27908416,27933652,27970329,27977028,27982394,27995906,28014815,28082429,28094870,28085530,0.008562727,10152.0,3712.0,650.0,132.0,2308.0,4224.0,64.0
Falcon,66080052,66115937,66119629,66118798,66120213,66131932,66156557,66179073,66191394,66207296,66226681,66220054,0.021414158,10374.857142857143,5321.142857142857,710.2857142857143,132.0,2308.0,4224.0,62.857142857142854
Dilithium,77105439,56677277,56649376,55612687,55599181,55593054,32259545,32218629,20023791,19969547,19904353,19882172,0.006405571,9906.0,972.0,216.0,132.0,1600.0,3044.0,48.0
Dilithium,43659873,37360703,37354812,37334345,31669661,29393496,29220718,29204846,29198272,29179258,21279601,18576532,0.006005142,10048.0,2056.0,490.6666666666667,132.0,1836.0,3437.3333333333335,52.0
DSA,64468886,64482421,52951080,52921018,49117131,47148379,41238732,41204180,41196555,39699849,17285796,16995078,0.005644872,9904.0,3456.0,248.0,132.0,2308.0,4224.0,60.0
SPHINCS,1648028072,1612089817,1612069431,1612056292,1612054441,1612010364,1611994399,1611964264,1611947180,1600202564,1600162672,1587985161,0.517410315,10464.0,6016.0,808.0,132.0,2308.0,4224.0,64.0
SPHINCS,721929509,721937482,721953424,721965854,721976858,721992234,721999645,669542977,669551454,669528801,669524431,666612938,0.206496036,10441.714285714286,5691.428571428572,796.7142857142857,132.0,2308.0,4224.0,63.714285714285715
Falcon,210311520,210344778,210365315,210389668,210408181,210425418,210422106,210448032,210457038,210488411,210513114,210522714,0.063792171,10408.0,5836.8,752.0,132.0,2308.0,4224.0,60.0
SPHINCS,4908597806,4907120674,4907105424,4906594935,4906565252,4906572448,4906567822,4906569625,4906582873,4906582744,4906594825,4906596684,1.484630698,10462.498659517427,5990.605898123325,806.4986595174263,132.0,2308.0,4224.0,63.98927613941019
SPHINCS,5582789287,5582755771,5582769557,5582783233,5550135198,5550082856,5550080569,5541156191,5541127071,5541039035,5541038061,5541601639,1.721668448,10464.0,5879.406360424028,808.0,132.0,2308.0,4224.0,63.71731448763251
Falcon,184588807,184502248,181291586,178284730,167460482,160318541,157645270,153994779,149150350,148271416,148274114,148256756,0.045241738,10354.666666666666,4627.555555555556,696.0,132.0,1993.3333333333333,3699.5555555555557,55.55555555555556
Dilithium,63080850,59101474,42603155,42595502,42598767,42591973,42595893,42592794,18188096,18157714,18183159,18165052,0.005841223,10464.0,6144.0,808.0,132.0,2308.0,4224.0,64.0
SPHINCS,3504735053,3504750287,3504758130,3504746909,3504772821,3495957960,3495962151,3495973484,3495982195,3453144775,3453120644,3453104412,1.08352314,10461.454545454546,5871.709090909091,805.4545454545455,132.0,2308.0,4224.0,60.0
Dilithium,23196657,20751709,19921843,16651768,16650285,16630520,16608881,16605918,16602314,16594692,16584960,16574301,0.004955508,10180.0,4736.0,524.0,132.0,2308.0,4224.0,60.0
Dilithium,26486334,26520233,26514555,26516793,26521020,26527896,26539623,26574503,26590219,26612312,26625553,26648118,0.008086555,9906.0,588.0,398.0,132.0,1600.0,3044.0,50.0
Falcon,201532149,201568707,198151721,196804207,196798700,196796446,182285435,177657609,172054689,170095697,157810962,157802229,0.051000633,10402.5,5291.0,745.0,132.0,2131.0,3929.0,61.0
Dilithium,71120412,71113009,60961489,60912362,26171640,26080893,26069470,26058480,26034798,25980679,25954977,16441223,0.004967002,10184.0,4736.0,528.0,132.0,2308.0,4224.0,62.0
DSA,19454973,19477846,19505485,19513207,19550650,19561483,19570943,19576267,19599612,19641786,19655191,19088026,0.006206588,6683.0,1542.0,290.0,132.0,800.0,2760.0,41.0
SPHINCS,3482301433,3482309709,3438420389,3438400861,3438399762,3438422873,3438420668,3438426818,3438179132,3438186509,3438193645,3438191072,1.035356155,10464.0,6010.666666666667,808.0,132.0,2308.0,4224.0,64.0
Falcon,147537686,147555605,147564929,147583419,147597313,147609300,147622466,147630479,147624400,147640458,147654383,147664757,0.048495178,10464.0,6144.0,808.0,132.0,2308.0,4224.0,64.0
DSA,67664814,67663321,67722822,23228095,23223819,23217814,23222940,23207597,23198776,23192546,23187802,16987637,0.005125483,9904.0,2944.0,248.0,132.0,2308.0,4224.0,56.0
Dilithium,63756387,63801346,63798872,63802110,63802225,63792813,26419709,26370454,22123874,22050406,20376784,18170334,0.005518492,9904.0,4224.0,248.0,132.0,2308.0,4224.0,64.0
SPHINCS,5388534380,5377571065,5377570436,5377585995,5377574239,5376689762,5376722341,5338976910,5338952255,5338945497,5338941923,5338923670,1.634112858,10453.57142857143,5658.417582417583,797.3736263736264,132.0,2284.6593406593406,4185.0989010989015,63.64835164835165
Falcon,78549742,78568737,78598166,78625300,78641910,78663178,78682667,78696276,78708791,78719873,78739632,78748930,0.02435903,10464.0,6016.0,808.0,132.0,2308.0,4224.0,64.0
DSA,17971201,18010032,18079841,18106637,18156717,18196293,18206915,18213305,18237619,18249859,18289405,18310383,0.005911074,9904.0,3456.0,248.0,132.0,2308.0,4224.0,64.0
SPHINCS,2021019634,2020564742,2020560284,2020438905,2019745504,2018061814,2017028932,2016900553,2013980311,2013034398,2013013369,2012986225,0.616538639,10459.29411764706,5874.016806722689,803.2941176470588,132.0,2308.0,4224.0,63.96638655462185
Falcon,97895392,93562352,93625090,65525477,52905369,53982163,52253858,52262851,45586970,44287786,44283850,44263120,0.013322043,10464.0,5888.0,808.0,132.0,2308.0,4224.0,64.0
SPHINCS,4731003904,4731042246,4731077366,4731134751,4715034971,4710852067,4706591336,4706229276,4705299879,4705294561,4705299194,4705279092,1.42735311,10463.204545454546,6010.0,807.2045454545455,132.0,2308.0,4224.0,63.99431818181818
SPHINCS,2358848293,2355339440,2354425016,2344360422,2332180558,2329374262,2327317004,2327304461,2327299728,2327291737,2327283266,2327275643,0.758199737,10460.215384615385,5970.892307692307,804.123076923077,132.0,2297.107692307692,4205.846153846154,67.81538461538462
SPHINCS,2862111924,2862121855,2859591070,2858576211,2858582931,2838494689,2838503927,2838493106,2838503455,2820683906,2814122967,2814095132,0.863500413,10460.55944055944,5847.888111888112,804.4755244755245,132.0,2298.097902097902,4207.4965034965035,63.83216783216783
SPHINCS,368397706,368412355,329839722,329813152,329797619,329791218,329771511,329755056,329709058,325067351,316788141,316728932,0.094114799,10434.526315789473,5672.421052631579,778.5263157894736,132.0,2308.0,4224.0,67.78947368421052
Falcon,177641152,177671897,177695335,177717733,177743112,177768996,177789756,177811108,177826282,177848733,177910120,177928712,0.054178524,10464.0,5966.7692307692305,808.0,132.0,2308.0,4224.0,60.0
Dilithium,16851546,16852878,16849968,16878442,16903444,16910158,16918479,16923283,16919684,16920577,16921409,16931442,0.005462106,9960.666666666666,1513.3333333333333,294.6666666666667,132.0,1128.0,2257.3333333333335,50.666666666666664
SPHINCS,1552263045,1552284939,1551687558,1535540168,1533947830,1533981231,1533965793,1534032697,1534041865,1534035905,1534053849,1534050120,0.475978237,10457.213793103449,5934.23448275862,801.048275862069,132.0,2288.4689655172415,4191.448275862069,59.779310344827586
Falcon,106717473,106768601,106789546,106802027,106814617,106825182,106832680,106857890,51590973,51503169,51471137,51450853,0.01439828,10370.666666666666,5504.0,714.6666666666666,132.0,2308.0,4224.0,67.33333333333333
Falcon,220768771,220800073,220818694,220848805,220903819,220926923,220954536,220963702,220989962,221011873,221035812,221046959,0.065919665,10429.333333333334,6005.333333333333,773.3333333333334,132.0,2308.0,4224.0,71.33333333333333
SPHINCS,321295234,317240328,311519101,311534067,311541005,311528219,298570285,298525597,296573379,293847740,293836152,293817671,0.08824268,10354.666666666666,4883.555555555556,696.0,132.0,1993.3333333333333,3699.5555555555557,59.111111111111114
Falcon,92722415,92756518,92764583,92772917,92782072,92799782,87557243,87275269,83671925,83654629,54684931,51978016,0.016976048,10324.0,5472.0,668.0,132.0,2308.0,4224.0,63.0
SPHINCS,3191356846,3191389574,3191414153,3191443785,3191484229,3191524364,3191552301,3191567549,3191583707,3191598158,3191637329,3191651857,0.991738807,10460.944099378881,5842.037267080746,804.8695652173913,132.0,2299.204968944099,4209.341614906833,63.850931677018636
DSA,27966450,27984132,27974803,27961451,27961014,27967891,27983587,27996810,28002586,27999861,28004869,28008566,0.008922029,10184.0,4608.0,528.0,132.0,2308.0,4224.0,62.0
Falcon,98870351,98909203,98923235,98949407,98961692,98975227,98980008,99039033,99057130,99077818,99085222,99089794,0.030545566,10464.0,6016.0,808.0,132.0,2308.0,4224.0,68.0
DSA,17703906,17719949,17728555,17738751,17742783,17773923,17791061,17810123,17819751,17826855,17830032,17845347,0.005352533,9906.0,1612.0,398.0,132.0,1600.0,3044.0,54.0
DSA,26601497,26622131,26314245,25861102,25863369,25864712,25856419,25858797,25745995,25739154,23280716,18984900,0.005691359,10184.0,4800.0,528.0,132.0,2308.0,4224.0,60.0
DSA,56868291,55916116,55905808,55879078,56219479,56212603,51924693,48644262,48616285,48437066,41895880,17603325,0.006042613,10184.0,4736.0,528.0,132.0,2308.0,4224.0,64.0
Falcon,107838892,107809095,107814815,105824553,105814495,101867064,59916426,58966074,58813983,57055046,51797681,51499130,0.015871372,10431.0,5760.0,775.0,132.0,2308.0,4224.0,67.0
SPHINCS,2806145611,2806185539,2806217468,2806269674,2806321814,2806379416,2806413511,2806438126,2806456763,2806471711,2806504382,2806522021,0.86672487,10464.0,5888.0,808.0,132.0,2308.0,4224.0,68.0
Falcon,113155152,113177063,113196079,113180528,113207315,113207548,113225842,113243505,60863348,47762650,47726017,47699362,0.014766979,10324.0,5472.0,668.0,132.0,2308.0,4224.0,63.0
Falcon,257780470,220049510,220042715,220034134,220028388,220025022,220013871,206830573,206799347,206761717,206735281,206713881,0.065811318,10464.0,6144.0,808.0,132.0,2308.0,4224.0,60.0
DSA,77776071,77840280,77894245,77911507,77922730,77881475,77922211,77683995,42105039,17424032,17400668,17376220,0.005597496,10332.0,4992.0,676.0,132.0,2308.0,4224.0,60.0
Falcon,112315399,90778552,90725074,87356302,87363301,87404684,82225856,78989582,67745976,67735482,67738790,67760066,0.021094615,5234.0,3008.0,404.0,68.0,1154.0,2112.0,40.0
SPHINCS,5624173673,5608832037,5604414499,5604420664,5604428104,5604432806,5604442897,5604458569,5604463902,5604468432,5604462356,5604477494,1.754428333,10464.0,5877.333333333333,808.0,132.0,2308.0,4224.0,64.0
DSA,67526764,67532608,67527471,53623054,31277734,31245694,19618547,19594465,19578167,19549121,19530710,19507508,0.006493707,9840.0,1664.0,492.0,132.0,2308.0,4224.0,56.0
SPHINCS,355598165,355375968,332347043,332350845,332361932,332367377,332363830,332363742,306792298,306785724,306784110,306773841,0.090044828,10435.636363636364,5597.090909090909,793.6363636363636,132.0,2308.0,4224.0,71.45454545454545
Falcon,249847793,246967087,245091831,245099165,204849255,204824714,203574969,203537853,203532717,203522941,203522475,189439238,0.057717284,10464.0,5979.428571428572,808.0,132.0,2308.0,4224.0,60.0
SPHINCS,5164001281,5164013691,5164033240,5164061523,5164072103,5164088655,5164098936,5164105228,5164123424,5164124048,5164145507,5164172532,1.594946073,10460.638977635783,5852.907348242811,804.6006389776358,132.0,2303.4760383386583,4216.460063897764,59.94888178913738
SPHINCS,4938993376,4938970561,4897318732,4897305253,4897308641,4884816799,4884822445,4884818088,4884817220,4877574932,4877399474,4877251911,1.512292077,10462.50909090909,5771.709090909091,806.4727272727273,132.0,2303.7090909090907,4216.848484848485,59.95151515151515
SPHINCS,262653957,262694988,262719209,262727082,227693417,227671172,227406681,218911266,218880249,215987003,215974113,215953105,0.069908904,10401.777777777777,5617.777777777777,745.7777777777778,132.0,2308.0,4224.0,64.0
DSA,79173562,55007129,54984297,54973736,54968231,54954088,54940254,54925479,54928173,49268944,49227012,18126490,0.00572591,10184.0,4288.0,528.0,132.0,2308.0,4224.0,60.0
Dilithium,49083751,49078527,49071203,49056400,49056860,23789467,23815111,23790157,23632614,23607755,23599845,16255790,0.00506842,9904.0,3968.0,248.0,132.0,2308.0,4224.0,60.0
Falcon,108225710,108259717,77651526,73408802,73368142,73368808,73267671,67998230,67950755,67195301,64568046,42278840,0.013662653,10464.0,6016.0,808.0,132.0,2308.0,4224.0,64.0
Falcon,92345891,92353426,64916665,64897253,64905522,52354442,52308211,48258500,48225328,48212389,48158887,48139552,0.01495838,10420.0,5674.666666666667,764.0,132.0,2308.0,4224.0,68.0
SPHINCS,695562393,695583562,695601066,695619715,695636299,695657880,695674093,695692167,695705179,695699542,695700098,695711375,0.207451242,10464.0,5973.333333333333,808.0,132.0,2308.0,4224.0,64.0
DSA,72462572,68075478,68069684,29860115,23208488,23207103,23217100,23203473,23195604,23186980,23179501,18041051,0.005807138,9972.0,152.0,304.0,132.0,892.0,1864.0,44.0
SPHINCS,326213291,324251262,324246829,324017404,322052824,322045420,322029150,321494163,321489044,321331515,321110807,321095894,0.097537746,10402.5,5107.0,745.0,132.0,2131.0,3929.0,61.0
Falcon,265052808,265072726,265079759,229752053,229726888,218306551,215708237,209881456,209360052,209343825,209336337,209316224,0.066053038,10341.0,4550.0,682.0,132.0,1954.0,3634.0,59.0
Dilithium,30536425,30534211,30544314,30562133,30576440,30570864,30578370,30582339,30591054,30597571,30607275,30609593,0.009204093,9972.0,152.0,304.0,132.0,892.0,1864.0,44.0
Falcon,295910178,295936416,295953597,295966947,295985003,296000237,295998265,296029222,296036151,296040812,296060883,296070742,0.09667781,10464.0,6016.0,808.0,132.0,2308.0,4224.0,64.0
DSA,60834254,60858995,60856177,65692293,65764642,74481427,74549483,74594352,74590054,74595495,74611251,68091075,0.020750575,9904.0,3584.0,248.0,132.0,2308.0,4224.0,64.0
SPHINCS,2805939390,2805948434,2790366292,2786698293,2785848051,2785818280,2766828437,2757442791,2757417048,2757409346,2756751175,2750905282,0.844658804,10464.0,5997.714285714285,808.0,132.0,2308.0,4224.0,64.0
SPHINCS,2427818661,2427853946,2427836788,2396261705,2394165058,2388371022,2388349497,2388327713,2388321598,2388312507,2379175434,2377563648,0.738718728,10464.0,5885.2072727272725,808.0,132.0,2308.0,4224.0,67.98545454545454
Dilithium,57683258,57717642,57732613,57744690,57779362,53332921,53308112,51848333,51462710,23001650,22971660,18442559,0.005689511,10184.0,4544.0,528.0,132.0,2308.0,4224.0,64.0
Falcon,209785262,203378980,203349028,202814807,202827669,202803299,202624425,200776770,200769696,200777216,200673326,189759341,0.056816752,10365.6,4843.2,707.2,132.0,2024.8,3752.0,60.0
SPHINCS,362649371,362629670,362641151,362137778,362113140,361487470,361479671,361486617,315552593,315516946,315459501,315490064,0.093125866,10427.29411764706,5692.235294117647,767.7647058823529,132.0,2308.0,4224.0,67.52941176470588
Dilithium,77607070,77105760,70582840,70449028,66243861,66217866,24491521,18644974,18601353,18631649,18634172,18638508,0.005639787,9904.0,3072.0,248.0,132.0,2308.0,4224.0,60.0
Dilithium,28616974,27127516,25572258,17185455,16762654,16730784,16705506,16680081,16654474,16646842,16640481,16626589,0.005032171,10218.0,3148.0,556.0,132.0,1600.0,3044.0,52.0
Falcon,111104329,111109767,111119357,111123588,111140749,111160347,74586684,72990813,72510159,71858573,62469589,62423683,0.019223652,10445.142857142857,5888.0,789.1428571428571,132.0,2308.0,4224.0,60.0
DSA,34212842,34221166,34237499,34242627,34240424,34244139,34254889,34264744,34272867,34275074,34277382,34276235,0.011365026,9904.0,4224.0,248.0,132.0,2308.0,4224.0,60.0
Falcon,73778385,68220506,61667937,61649851,61496836,60132816,60115704,60117702,60110491,60109938,60110382,60103482,0.019414824,10464.0,5952.0,808.0,132.0,2308.0,4224.0,68.0
Dilithium,77388472,77389315,77400380,39852246,37559251,35980565,28529528,23691396,23659950,23644262,23340534,16797793,0.005401875,9840.0,1024.0,492.0,132.0,2308.0,4224.0,60.0
DSA,37713079,37747134,37764477,37789533,37820492,37851632,37868637,37885547,37908064,37929790,37943165,37947614,0.012262846,9904.0,3072.0,248.0,132.0,2308.0,4224.0,60.0
Dilithium,60223094,52551197,49964673,47209162,47197014,47191087,47165567,47146250,47130656,47118897,17304598,16472931,0.005625429,10464.0,5120.0,808.0,132.0,2308.0,4224.0,60.0
SPHINCS,2959834428,2959860160,2959894044,2959922811,2959957997,2959978105,2960005583,2960035116,2960050998,2960062772,2960081878,2960093274,0.952090853,10462.014184397163,5877.560283687943,806.0141843971631,132.0,2308.0,4224.0,71.97163120567376
SPHINCS,719452446,719453165,719479544,719493116,719496053,719520675,719536815,719551300,719569127,719577806,719579664,719603841,0.22480888,10446.169491525423,5638.9152542372885,789.9661016949152,132.0,2284.0,4184.0,63.52542372881356
Falcon,259127065,258546032,258541919,258559094,233460735,225818986,225797071,225785549,223606690,223628280,223628321,223616813,0.068977951,10464.0,6048.0,808.0,132.0,2308.0,4224.0,64.0
Dilithium,61450070,61473693,61476678,61477786,20379575,20363636,20349162,20360348,20348839,20371709,20362075,20371785,0.006227224,9904.0,3456.0,248.0,132.0,2308.0,4224.0,60.0
DSA,32330760,32302201,32309524,32355509,32387507,23129768,17821629,17768833,17807118,17813035,17799417,17767309,0.005456377,9904.0,3584.0,248.0,132.0,2308.0,4224.0,56.0
Falcon,126987135,126988885,126993075,126992929,127001767,127005646,122107329,122085555,122076605,81205156,81172805,81151609,0.024268081,10352.0,5606.4,696.0,132.0,2308.0,4224.0,64.0
SPHINCS,3658926583,3658963481,3658990090,3659003327,3659018200,3659004079,3659001231,3659028417,3659042405,3659057000,3659072045,3659075099,1.138656014,10464.0,5881.107692307693,808.0,132.0,2308.0,4224.0,64.0
Falcon,296349443,296313936,295569304,295575351,294621699,294624259,259199742,256576021,256553881,256567345,256588753,256605343,0.078661276,10464.0,6016.0,808.0,132.0,2308.0,4224.0,60.0
Falcon,180756565,180791465,180827736,180885209,180902404,180930623,180920839,181177320,181193599,181213242,181234241,181251590,0.055334373,10454.57142857143,5952.0,798.5714285714286,132.0,2308.0,4224.0,68.0
SPHINCS,4459481185,4459350506,4459573126,4459598239,4459635737,4459664430,4459678108,4459691710,4459705131,4459713980,4459744582,4459754884,1.46309527,10458.765957446809,5817.446808510638,802.6382978723404,132.0,2292.936170212766,4198.893617021276,59.787234042553195
DSA,25684192,25728915,25772831,25795738,25816819,25837948,25843508,25832584,25833898,25845196,25858084,25864527,0.008355259,10180.0,4736.0,524.0,132.0,2308.0,4224.0,60.0
Falcon,70476108,64441390,64397405,64386790,64375236,41843539,41804941,41785787,41764821,41748432,41736581,41723721,0.013167341,10464.0,6016.0,808.0,132.0,2308.0,4224.0,64.0
Falcon,129385206,129413147,129423865,129443274,129473896,129484061,129505224,129537353,129562704,129576451,129599077,129611603,0.039422414,10464.0,5930.666666666667,808.0,132.0,2308.0,4224.0,60.0
SPHINCS,3943576752,3943592304,3943607130,3943608540,3943627301,3943641107,3941803687,3941806313,3941815245,3938332086,3936219768,3935980913,1.203010747,10461.910447761195,5751.4029850746265,805.9104477611941,132.0,2308.0,4224.0,67.97014925373135
SPHINCS,1431975532,1431992366,1431999423,1430543244,1419801095,1419770681,1410106231,1398391570,1393795815,1386752004,1386371158,1386353534,0.425823036,10464.0,6016.0,808.0,132.0,2308.0,4224.0,60.0
SPHINCS,4853118754,4853135836,4853133577,4852822731,4852841649,4852841957,4852835965,4852211416,4805130342,4805086959,4805074094,4805042052,1.482589821,10461.471153846154,5981.903846153846,805.4423076923077,132.0,2304.596153846154,4218.326923076923,63.93269230769231
Falcon,97888038,92461612,92379676,92366060,92333889,92335582,92248023,90857259,90859064,90857480,48256513,48216485,0.014658329,10339.2,4838.4,748.0,132.0,2308.0,4224.0,61.6
DSA,67110483,66422946,66422809,66458020,66452366,66447966,66445294,66450111,66455092,66446505,62525030,18786698,0.005840619,9904.0,3456.0,248.0,132.0,2308.0,4224.0,60.0
Dilithium,57305682,55672121,30260517,30252326,30269548,17850427,17817061,17510561,17509001,17163217,17148763,17135220,0.005236176,9904.0,2688.0,248.0,132.0,2308.0,4224.0,60.0
SPHINCS,3588229377,3588198480,3588214614,3588091967,3588129204,3588145488,3587838103,3587286116,3581519124,3485967531,3484547490,3484528973,1.104074652,10462.0,5851.154471544715,805.9512195121952,132.0,2302.243902439024,4214.40650406504,63.90243902439025
Falcon,51916483,47285468,47245663,47230706,47230112,45119947,45089326,44406317,44397182,44395691,44387576,40869625,0.01259179,10464.0,5888.0,808.0,132.0,2308.0,4224.0,60.0
SPHINCS,326479219,326491358,326524222,326545322,326566468,326620165,326639701,326694150,326714537,326732219,326747463,326763228,0.098310163,10438.37037037037,5764.740740740741,782.3703703703703,132.0,2308.0,4224.0,64.0
Dilithium,63695897,59354433,56381431,56382245,55492123,54316332,54309098,53828394,53818007,41944761,17198040,17124611,0.00550562,9904.0,3456.0,248.0,132.0,2308.0,4224.0,60.0
SPHINCS,3396598005,3397033705,3390210227,3387717990,3386175487,3386153989,3352618139,3352605467,3352611863,3352602032,3348948042,3348926807,1.050378149,10464.0,5881.756097560976,808.0,132.0,2308.0,4224.0,60.0
Falcon,154789455,154797964,154804364,154810175,154817434,154826193,154834045,154836577,154852235,154888013,145187571,142216902,0.042010349,10417.333333333334,5856.0,761.3333333333334,132.0,2308.0,4224.0,60.0
SPHINCS,3220094500,3220099323,3220100775,3220132440,3220163163,3220140296,3220144718,3220150021,3220156008,3220159410,3181755650,3181719331,0.960951108,10462.114478114478,5983.676767676768,806.1144781144781,132.0,2308.0,4224.0,63.986531986531986
SPHINCS,4049803726,4049810536,4027249100,4027216280,4027205308,4022381196,4022318879,4022100141,4022058540,4017425457,4017172061,4016299146,1.246331299,10458.716981132075,5978.566037735849,802.7169811320755,132.0,2308.0,4224.0,67.47169811320755
Falcon,235044182,235042558,235034236,235041398,235048876,235051627,225157940,223976139,223956536,222483263,186436242,186192787,0.058985405,10464.0,6067.2,808.0,132.0,2308.0,4224.0,64.0
SPHINCS,3530480094,3530506986,3530525942,3530520212,3530538331,3525726845,3503335092,3500482461,3491497280,3491445159,3488054771,3488010311,1.078940762,10462.803418803418,5755.076923076923,806.8034188034188,132.0,2308.0,4224.0,63.99145299145299
Falcon,109487729,109490713,109502887,109517044,109550690,108391288,64358512,64329032,64328245,54808598,52325648,43108491,0.013914703,10322.0,5376.0,666.0,132.0,2308.0,4224.0,60.0
Dilithium,52153516,52193538,52218038,52235646,52249784,52254453,52258467,52262964,52261271,52269220,52280011,52288311,0.016896492,10464.0,5376.0,808.0,132.0,2308.0,4224.0,68.0
SPHINCS,1921865418,1921848635,1881119704,1881104642,1881103480,1881099281,1881082342,1881039666,1881018868,1881018943,1880969313,1880968020,0.56801573,10457.166666666666,5829.666666666667,801.0,132.0,2288.3333333333335,4191.222222222223,63.94444444444444
DSA,55923451,36741973,24459706,19079716,19056657,19065965,18772712,18758500,18742934,18760684,18809469,18798785,0.00592977,10464.0,5120.0,808.0,132.0,2308.0,4224.0,60.0
Falcon,204829536,204839623,204847329,204856896,204865126,204881022,190845306,190848316,190843408,168904567,156630031,156612208,0.050615514,10393.714285714286,5114.285714285715,736.0,132.0,2105.714285714286,3886.8571428571427,60.285714285714285
Falcon,175820583,175834435,175844471,175856305,175858125,175919653,175928735,175975050,175983577,175992457,138220361,131467036,0.038596422,10324.0,5408.0,668.0,132.0,2308.0,4224.0,60.0
SPHINCS,341783799,306630508,293165411,293124330,282082043,282017705,278613011,278597507,278569381,278561604,278545887,278526514,0.083837522,10464.0,5760.0,808.0,132.0,2308.0,4224.0,68.0
Dilithium,76828125,48687525,48684628,48680689,49219164,48957150,48952629,42990625,42860675,38613273,38608203,19114709,0.005608251,9904.0,4224.0,248.0,132.0,2308.0,4224.0,64.0
SPHINCS,2578216564,2578243539,2578265789,2578290273,2578315162,2578329460,2578348090,2578368001,2578390183,2578397458,2578404510,2578434600,0.809337357,10464.0,5993.365853658536,808.0,132.0,2308.0,4224.0,60.0
Falcon,176929830,176948447,176957113,176972238,139110438,139091193,139058179,139054595,139047409,136745063,136742652,136741041,0.041470459,10394.0,5760.0,738.0,132.0,2308.0,4224.0,60.0
SPHINCS,2105760977,2099209012,2086834435,2070286936,2070275128,2070263650,2069972953,2069958978,2069956322,2069870235,2069868932,2058842843,0.673919134,10464.0,6014.171428571429,808.0,132.0,2308.0,4224.0,60.0
DSA,33473209,33509500,33514647,33533630,33547482,33552144,33550471,33553996,33572682,33610043,33658184,33688556,0.010695445,9904.0,3328.0,248.0,132.0,2308.0,4224.0,60.0
DSA,72949727,72981855,73026557,73059147,73086451,73107265,73109349,73112255,24318933,19608392,18933459,18922754,0.006083787,9904.0,3072.0,248.0,132.0,2308.0,4224.0,60.0
SPHINCS,4257020504,4257084879,4257103267,4257106756,4257132531,4257141592,4257141308,4257152615,4257177003,4214039548,4213980521,4203548698,1.338379657,10464.0,5759.496062992126,808.0,132.0,2308.0,4224.0,60.0
DSA,63968036,64009202,40986735,65596510,65586531,65606372,65599808,63890313,65934757,66399831,66660895,66665218,0.021538497,9904.0,3456.0,248.0,132.0,2308.0,4224.0,60.0
DSA,52697531,52724267,52728204,52746996,52759615,52782163,52803517,52803720,52810062,52825326,52842513,52854146,0.017081994,10113.333333333334,3336.0,453.3333333333333,132.0,1836.0,3437.3333333333335,54.666666666666664
DSA,67547500,62359602,59752126,59741277,59198459,59190336,59094417,59089194,57700687,17580835,17529316,17503058,0.005521624,10256.0,3720.0,596.0,132.0,1836.0,3437.3333333333335,53.333333333333336
SPHINCS,1624103732,1624117989,1624118749,1624122461,1624117586,1624089370,1624025960,1624029968,1623992215,1623902760,1623786198,1623656680,0.514847434,10448.861538461539,5835.569230769231,792.4923076923077,132.0,2264.4307692307693,4151.384615384615,63.261538461538464
DSA,17052949,17109401,17140639,17152718,17175283,17186375,17147924,17153277,17166542,17173174,17185292,17185905,0.005371385,9904.0,4224.0,248.0,132.0,2308.0,4224.0,60.0
SPHINCS,2852374161,2851368992,2851364115,2851376230,2851377491,2845784299,2845763239,2841390107,2841352229,2839226313,2809333329,2809285231,0.914391137,10464.0,5880.937931034483,808.0,132.0,2308.0,4224.0,68.0
DSA,64300207,28429614,28418882,28390515,28360140,28322636,28309437,28309573,28111563,28113032,17925429,17836449,0.005472736,9772.0,2560.0,116.0,132.0,2308.0,4224.0,56.0
Falcon,91485623,87901498,87704863,87701814,74605762,43344759,43301586,43285841,43275445,43293592,43277599,43268702,0.013905788,10324.0,5632.0,668.0,132.0,2308.0,4224.0,63.0
Falcon,87981956,87954548,87313954,87308520,87276693,84407187,56451181,56400402,56376893,56362172,44590004,44582660,0.014380248,10464.0,5930.666666666667,808.0,132.0,2308.0,4224.0,72.0
DSA,49150204,49151227,49135702,49122018,49102638,49071157,49044292,49017408,48979042,48964010,48964050,48961557,0.016341087,10464.0,6016.0,808.0,132.0,2308.0,4224.0,60.0
SPHINCS,1628630265,1627529647,1590396986,1590397256,1590389065,1588974868,1588971527,1578783448,1578679946,1578534300,1578510579,1577464655,0.495213565,10459.757575757576,5997.575757575758,803.7575757575758,132.0,2308.0,4224.0,63.96969696969697
Falcon,253728586,253690741,253703671,253707492,253698724,253695385,253670039,253670743,253674279,253678929,253677190,243054442,0.073877867,10452.0,5922.909090909091,796.0,132.0,2308.0,4224.0,60.0
SPHINCS,2127635310,2127648997,2127677885,2127218872,2080425897,2074265012,2073205089,2073178640,2073169275,2071424354,2068778481,2068753398,0.648453612,10463.05035971223,6007.712230215828,807.0503597122303,132.0,2308.0,4224.0,60.0
SPHINCS,4675988057,4676027226,4676076879,4676144332,4675977419,4676022237,4675879879,4673298233,4672947091,4672673209,4670287463,4665102220,1.425595745,10460.941860465116,5856.813953488372,804.9069767441861,132.0,2303.8837209302324,4217.139534883721,59.94186046511628
Falcon,113825548,113884463,113918338,113930794,113950947,113948776,113961964,113982225,114002222,114020319,114035936,114047702,0.033808032,10464.0,6016.0,808.0,132.0,2308.0,4224.0,64.0
Falcon,109405650,109399654,109404639,109392098,109376848,95046457,95016637,72570232,72523385,69055169,60007357,54569931,0.016586882,10464.0,5888.0,808.0,132.0,2308.0,4224.0,64.0
Falcon,209756655,209775638,209799115,209825689,209848912,209870548,209898999,209939185,209984537,210006240,210016028,210024240,0.065173892,10420.923076923076,5789.538461538462,764.9230769230769,132.0,2308.0,4224.0,60.0
Falcon,78563125,78598328,78600775,78603043,78602747,78601738,78606422,78651349,78646557,78646557,78676919,63832434,0.020625162,10324.0,5472.0,668.0,132.0,2308.0,4224.0,66.0
SPHINCS,1887416826,1869773804,1869754533,1846930606,1845470228,1845579050,1835394065,1834372005,1831053290,1831058437,1831056748,1831067608,0.56961535,10454.716981132075,5774.943396226415,798.4905660377359,132.0,2281.2830188679245,4179.471698113208,63.54716981132076
DSA,30787497,30814961,30798726,30830718,24203853,22874383,22859028,20867050,20852532,20455591,16791102,16756551,0.005293213,10092.0,2184.0,534.6666666666666,132.0,1836.0,3437.3333333333335,54.666666666666664
DSA,51604726,19724887,19713861,19703656,19712814,19722852,16928071,16911218,16894946,16879325,16879114,16840193,0.005091106,9938.0,1868.0,276.0,132.0,1600.0,3044.0,52.0
Falcon,133272130,133303727,133319833,133347105,133360486,133361109,133383516,133402388,133402738,133428659,133433208,133434311,0.04221597,10413.09090909091,5957.818181818182,757.0909090909091,132.0,2308.0,4224.0,63.63636363636363
DSA,35298863,35326704,35345865,35376457,35423982,35493221,35510407,35527305,35544390,35561801,35575803,35589321,0.011125321,9904.0,3456.0,248.0,132.0,2308.0,4224.0,60.0
Falcon,91159010,91183370,91217021,41474012,41484154,41500508,41500385,41481396,41481565,41482663,41489819,41492919,0.012239272,10300.0,4445.333333333333,640.0,132.0,1836.0,3437.3333333333335,56.0
Falcon,55113445,55097722,53296530,52705106,52733960,47858279,47822496,47794862,47771747,47560563,46941815,46922458,0.014671915,10370.666666666666,5504.0,714.6666666666666,132.0,2308.0,4224.0,70.66666666666667
Dilithium,60795018,60800718,55755902,55744087,18415468,18377052,18356809,18339964,18337605,18326439,18310392,18296228,0.005859766,10184.0,4672.0,528.0,132.0,2308.0,4224.0,64.0
SPHINCS,4127400681,4127395774,4127042811,4127035266,4118348731,4070542077,4070473764,4064787658,4064776191,4061941227,4061929409,4061507613,1.256363993,10461.042654028435,5852.208530805688,806.5023696682465,132.0,2308.0,4224.0,63.96208530805687
Dilithium,53390872,53409525,54840377,54870037,54884020,54889256,54900086,54926915,54918391,54733060,48894260,21281208,0.00649832,9840.0,1408.0,492.0,132.0,2308.0,4224.0,56.0
Dilithium,82042951,82053281,82059051,82060846,82074266,82087850,82127164,82161896,31816008,31740120,19183829,19174083,0.005866549,9904.0,4224.0,248.0,132.0,2308.0,4224.0,64.0
Falcon,99932418,99937441,99942909,99948938,99454696,99444849,99441853,99462809,81154509,80001134,77988958,49335540,0.015124517,10464.0,6016.0,808.0,132.0,2308.0,4224.0,60.0
DSA,65893898,65723852,64202234,62511589,62501507,54120906,52999516,52996829,51473827,51454139,17271293,17226387,0.005545431,10184.0,4992.0,528.0,132.0,2308.0,4224.0,60.0
Falcon,101762573,101132416,90067313,84722003,83968867,82594692,77968509,77952130,77941524,77939503,77945864,54296602,0.01721247,10227.2,4177.6,568.8,132.0,2024.8,3752.0,60.8
Dilithium,34869484,34881541,34892245,34904361,34934198,34944188,34977344,34982740,35002351,35021699,35045289,35052938,0.011700686,9904.0,3584.0,248.0,132.0,2308.0,4224.0,64.0
Dilithium,46504698,46531370,46515192,46518557,46514008,46502120,16647825,16587778,16548305,16531137,16508596,15856768,0.004791837,9904.0,2688.0,248.0,132.0,2308.0,4224.0,60.0
DSA,15807411,15801932,15799842,15788747,15776621,15767134,15763662,15760485,15759581,15758253,15740710,15734213,0.005072287,9904.0,3456.0,248.0,132.0,2308.0,4224.0,60.0
SPHINCS,1969292410,1969307886,1969320974,1969319762,1969336296,1969356821,1969362148,1944769342,1936863851,1936844252,1931392286,1919822746,0.607752831,10464.0,5888.0,808.0,132.0,2308.0,4224.0,68.0
SPHINCS,1575835600,1575919973,1575976942,1576009492,1576015183,1576035541,1576040005,1576073668,1576084484,1576121641,1576140946,1576151348,0.48804708,10457.636363636364,5733.818181818182,801.6363636363636,132.0,2308.0,4224.0,60.0
Dilithium,18817740,18838768,18682945,18722782,18743968,18753791,18767405,18795996,18802262,18807629,18815141,18825032,0.006077165,9904.0,3584.0,248.0,132.0,2308.0,4224.0,64.0
Dilithium,63702464,73054299,73107205,73106103,75734983,74982327,74967556,75434449,49452221,49441357,50736204,48871402,0.015779941,10256.0,3720.0,596.0,132.0,1836.0,3437.3333333333335,58.666666666666664
Falcon,101066613,94853917,94824966,91014137,91003139,56296821,55233090,54613546,44085817,44061810,41718811,41689326,0.013206189,10313.714285714286,4794.285714285715,656.0,132.0,2105.714285714286,3886.8571428571427,57.142857142857146
SPHINCS,334267834,334519559,308897688,308456218,308443574,305789186,305771082,304222211,304226185,304220530,304211056,283818403,0.086371132,10417.333333333334,5632.0,761.3333333333334,132.0,2308.0,4224.0,59.666666666666664
DSA,64058415,64089545,64079486,64120181,64113748,64114889,64124320,18701006,18717312,18689759,18705061,18694078,0.005837233,10118.0,4096.0,462.0,132.0,2308.0,4224.0,64.0
SPHINCS,5610344991,5610223447,5610920774,5610943496,5610633203,5587297013,5587271656,5585099286,5578079075,5578039765,5578013590,5575856083,1.765105999,10462.8,5746.321951219512,806.770731707317,132.0,2304.5463414634146,4218.243902439024,63.9609756097561
SPHINCS,1746170884,1720911097,1720933870,1720951363,1721026302,1721160674,1721339844,1716314481,1713643391,1713868551,1713948027,1709824880,0.533187152,10458.168224299065,5974.130841121495,805.0467289719626,132.0,2308.0,4224.0,59.96261682242991
SPHINCS,2218986267,2219028853,2219047210,2219074543,2212701815,2211958755,2200219613,2200212467,2200210958,2200234988,2200239701,2200235405,0.717809109,10460.666666666666,6001.523809523809,804.6666666666666,132.0,2308.0,4224.0,60.0
Dilithium,68523194,68556872,68584856,68599494,68600389,78131376,62315274,62933718,62935485,60408656,60412998,60431817,0.019454158,10152.0,2572.0,490.0,132.0,1600.0,3044.0,54.0
SPHINCS,3301870674,3301897057,3301909889,3301973130,3302002715,3301992937,3302036741,3301385401,3302084933,3302101423,3302162701,3302172008,1.047705943,10461.307692307691,5867.692307692308,805.3076923076923,132.0,2308.0,4224.0,67.98076923076923
SPHINCS,1610367754,1610416897,1610444454,1610455641,1605309969,1605318136,1605322178,1605356296,1605350271,1560434686,1560400645,1557866071,0.476575148,10458.509803921568,5864.156862745098,802.5098039215686,132.0,2308.0,4224.0,60.0
SPHINCS,1972569267,1933350163,1930577548,1929574229,1929561005,1929557092,1929544495,1929536796,1929537597,1928590381,1927534182,1922048996,0.629765434,10462.788990825688,5879.779816513761,806.7889908256881,132.0,2308.0,4224.0,64.0
Dilithium,57286892,56395664,56382786,52495685,52480397,50801623,23339758,19844107,18258031,18237356,18201517,18203103,0.006109661,9972.0,664.0,304.0,132.0,892.0,1864.0,48.0
DSA,75414832,75438122,75468758,67683163,66573038,66574132,66560031,18873557,18607105,18586053,17489808,17466415,0.00544177,10464.0,5120.0,808.0,132.0,2308.0,4224.0,60.0
DSA,45537972,42618196,42601395,42586730,42570182,42553969,19793541,19736538,19720364,17738284,17110621,16744910,0.00531136,10332.0,4992.0,676.0,132.0,2308.0,4224.0,60.0
DSA,17352373,17406558,17434640,17449263,17460868,17500792,17512669,17526204,17543229,17546158,17623747,17644133,0.005387193,9904.0,3456.0,248.0,132.0,2308.0,4224.0,60.0
SPHINCS,2094524181,2094543560,2071079783,2070171104,2070184500,2070200131,2070183583,2070190049,2059560972,2059066404,2059064501,2058384419,0.672658813,10459.971223021583,5866.820143884892,803.9712230215828,132.0,2308.0,4224.0,67.97122302158273
Falcon,256714285,229975806,223102377,218902161,218870170,218052197,215525067,203453375,203408911,203383817,203367781,203364942,0.061648701,10382.0,5038.666666666667,724.0,132.0,2072.0,3830.6666666666665,64.0
Falcon,166864289,166873826,166874662,166888042,166901369,164303271,164315784,164320740,164326606,142130814,142105241,142087450,0.042486801,10368.363636363636,5436.363636363636,711.2727272727273,132.0,2179.2727272727275,4009.4545454545455,61.81818181818182
SPHINCS,3337434093,3337459700,3337494404,3337514997,3337531695,3337554680,3337565358,3337585745,3337603144,3337617472,3337637052,3337649735,1.056054441,10458.168224299065,5965.757009345794,805.0467289719626,132.0,2308.0,4224.0,63.925233644859816
DSA,64948772,64943488,64946084,64936006,63051617,63049025,62489996,31483493,18843205,18787799,18779075,18762764,0.005654931,10464.0,6144.0,808.0,132.0,2308.0,4224.0,64.0
Dilithium,53256143,53036329,53052952,48129487,46066360,30114227,17885516,17824827,17797743,17790658,17601081,16301431,0.005403513,9972.0,152.0,304.0,132.0,892.0,1864.0,44.0
Falcon,305965712,304136358,302578057,302572424,302569321,302556189,302549371,302547076,299850507,299837335,299845390,299837074,0.08889598,10278.0,4334.666666666667,671.3333333333334,132.0,2072.0,3830.6666666666665,62.0
Falcon,277635320,277633534,240132114,240080614,240070607,240061700,240047122,240037303,240034689,239986921,227849176,227836397,0.069612887,10450.8,5798.4,794.8,132.0,2308.0,4224.0,67.6
Falcon,238299697,234516717,234495768,233156294,227690137,183713558,183568401,181620925,181611615,175444933,175409607,174722127,0.056468159,10358.8,5250.4,701.6,132.0,2166.4,3988.0,58.0
SPHINCS,1370882132,1370922301,1336815525,1323720298,1321429510,1321409144,1318967554,1319000988,1318994102,1319017167,1319012159,1318999821,0.404918827,10460.434782608696,5846.434782608696,804.3478260869565,132.0,2297.7391304347825,4206.898550724638,59.88405797101449
Falcon,89717073,89756221,89790145,89827748,89861128,89885365,89900076,89913541,89917257,89933029,89947839,89957062,0.02817028,10324.0,5408.0,668.0,132.0,2308.0,4224.0,63.0
SPHINCS,3501999741,3501880291,3501905169,3501921242,3478484760,3477728067,3466243964,3466212523,3466203001,3454502992,3454486845,3454475339,1.056533335,10464.0,5888.0,808.0,132.0,2308.0,4224.0,60.0
DSA,28001394,28038765,28047965,28070248,28082267,28084082,28090058,28099525,28110847,28156101,28175245,28192949,0.008555036,10464.0,6144.0,808.0,132.0,2308.0,4224.0,60.0
Falcon,164930585,160727871,155048001,133968113,133965688,133969400,133959004,133967004,133965880,133751036,133735607,133666323,0.0395843,10341.0,4518.0,682.0,132.0,1954.0,3634.0,62.0
SPHINCS,555579985,555592131,555627017,555656096,555681254,555643050,555714595,555732453,555757684,555780202,555797539,555810188,0.179701582,10464.0,5828.266666666666,808.0,132.0,2308.0,4224.0,64.0
SPHINCS,4191256129,4187155135,4185683148,4183986833,4183971820,4182416050,4181077787,4179077207,4132131128,4131046351,4119243921,4108353413,1.338097691,10460.906077348067,5866.077348066298,804.9060773480663,132.0,2308.0,4224.0,67.97790055248619
DSA,20238764,20278055,20325528,20346747,20354643,20361232,20364148,20360385,20384057,20390487,20399196,20385199,0.006183229,9938.0,2188.0,276.0,132.0,1600.0,3044.0,54.0
DSA,52902756,52932553,52940867,52958222,52963174,52976631,52992715,53075344,53122116,53162793,53251805,53335286,0.017821829,10464.0,5760.0,808.0,132.0,2308.0,4224.0,60.0
DSA,64194793,64206565,64209999,63701499,63074645,28542871,28471400,25470968,25443568,25431500,25419126,16488375,0.005308058,9904.0,3456.0,248.0,132.0,2308.0,4224.0,60.0
SPHINCS,702136188,697709257,673024793,670971915,660875077,660719807,656497976,656489194,655420424,655415078,655395610,655011291,0.20137727,10464.0,5862.4,808.0,132.0,2308.0,4224.0,64.0
Dilithium,31324432,31245746,31236077,30436712,30459791,30492072,30488514,30477558,30481202,22534114,22503214,18127879,0.005836625,9904.0,4224.0,248.0,132.0,2308.0,4224.0,60.0
Falcon,168592511,168479281,168503914,168530111,168502456,168516717,168515441,135445419,135423511,135425838,135438430,134477520,0.042824704,10464.0,6016.0,808.0,132.0,2308.0,4224.0,64.0
DSA,71346462,71348430,65961879,65945730,65931440,53430262,41577396,17894440,17822970,17790739,17772617,17750782,0.005928072,10184.0,5184.0,528.0,132.0,2308.0,4224.0,62.0
SPHINCS,692955125,692962190,672958461,670650101,670642921,670655543,670663347,670675494,670681555,659287764,659226634,659209007,0.210415023,10445.333333333334,5742.933333333333,789.3333333333334,132.0,2308.0,4224.0,63.86666666666667
DSA,21636945,21651019,21748149,21772998,21830715,21848173,21846200,21854039,21870509,21927760,21941576,21943906,0.006514748,10136.0,2149.3333333333335,472.0,132.0,1364.0,2650.6666666666665,49.333333333333336
Falcon,217017645,199485786,199506207,199517639,199528333,199535776,199530937,199534767,199541889,199521630,199532277,199536380,0.064503425,10365.6,4843.2,707.2,132.0,2024.8,3752.0,60.0
Falcon,120772550,120779980,120788562,120786007,120789628,120815152,120814619,120825693,120873525,120877262,120882812,114412280,0.035204849,10426.666666666666,5845.333333333333,770.6666666666666,132.0,2308.0,4224.0,67.73333333333333
Falcon,203244136,203299358,203145559,201678133,166098028,166071886,166068827,166038038,153835346,153836073,153787003,153774953,0.046265483,10401.777777777777,5717.333333333333,745.7777777777778,132.0,2308.0,4224.0,67.55555555555556
Dilithium,62589486,56890523,56332729,54629530,55313664,55300816,23336711,21429413,21385199,21356795,17293323,17257115,0.005373706,10332.0,4992.0,676.0,132.0,2308.0,4224.0,64.0
Falcon,77738810,77763412,77811604,77822972,77824562,77851420,77826018,77844747,56363938,56338005,56354147,47406417,0.015313919,10324.0,5376.0,668.0,132.0,2308.0,4224.0,60.0
Falcon,137214686,137262997,137286905,139411757,139442214,139455259,139426254,139450545,139474655,139507269,139529312,139533547,0.042905457,10408.0,5772.8,752.0,132.0,2308.0,4224.0,60.0
Falcon,106980410,106795487,106806502,106821114,106841552,106852525,106891058,106907386,106919951,71497777,71453998,71393177,0.021688175,10300.0,4061.3333333333335,640.0,132.0,1836.0,3437.3333333333335,58.666666666666664
Falcon,179825836,179806322,177480651,177492247,166324973,165962782,165265445,163110402,161887902,161886432,161878194,161862999,0.049280753,10300.0,4061.3333333333335,640.0,132.0,1836.0,3437.3333333333335,61.333333333333336
Falcon,93859475,93876666,93855816,93875269,93896757,93905783,93920922,93930216,93940278,93946911,93964783,93965370,0.029422477,10277.333333333334,5290.666666666667,621.3333333333334,132.0,2308.0,4224.0,60.0
SPHINCS,3510862531,3510875419,3460576786,3460523664,3460543085,3460538929,3460504722,3459917624,3460552482,3460574096,3447626770,3447590843,1.119450567,10455.812865497077,5918.222222222223,799.672514619883,132.0,2291.438596491228,4196.397660818713,63.719298245614034
DSA,67754420,67329635,67337235,67193863,66633785,31922315,30878158,19686015,18673957,18659733,16572229,16540496,0.00532109,9840.0,768.0,492.0,132.0,2308.0,4224.0,56.0
Falcon,233489296,233589095,233772009,233933467,234161027,234302547,209309725,197024894,197049579,197023820,183925798,183942056,0.055040941,10464.0,6016.0,808.0,132.0,2308.0,4224.0,68.0
DSA,83013907,80488113,50963822,50871046,50860129,26370766,21905627,21847455,21225188,21204650,17235603,17185582,0.005715346,9904.0,2816.0,248.0,132.0,2308.0,4224.0,64.0
SPHINCS,4391341141,4391163487,4391399990,4391374102,4356872562,4356791981,4356773478,4355825928,4355793640,4355797004,4355803903,4343744953,1.360495306,10462.518072289156,5861.084337349397,806.4819277108434,132.0,2303.734939759036,4216.891566265061,59.95180722891566
DSA,61057091,31605749,31552714,31543558,30743471,27942900,27936027,27921395,20198215,17026580,17017413,17006456,0.005654922,9904.0,3584.0,248.0,132.0,2308.0,4224.0,60.0
Falcon,205004202,205013947,205015661,205020818,205029298,205031908,205025362,192334795,192336785,178216039,178196006,178176396,0.054181182,10464.0,6016.0,808.0,132.0,2308.0,4224.0,64.0
DSA,90053605,90109709,90115223,90133805,90133381,54424897,54377481,54367726,17450608,17392165,17376169,17326213,0.005583112,9840.0,2048.0,116.0,132.0,2308.0,4224.0,56.0
Falcon,94910465,94387265,94382983,94388963,94389519,94392454,94394134,94384898,58185702,55929847,55731853,48059622,0.015832782,10464.0,6016.0,808.0,132.0,2308.0,4224.0,60.0
Falcon,85655378,85670761,84768600,84423556,81793555,81781389,76707374,76688580,73185267,73155776,71586601,46903254,0.014753282,10352.0,5427.2,696.0,132.0,2308.0,4224.0,64.0
Dilithium,29599275,29592478,29608805,29642262,29720065,29688936,29724228,29736268,29747436,29757680,29772963,29765500,0.009032288,9904.0,4096.0,248.0,132.0,2308.0,4224.0,64.0
Dilithium,52703106,45528441,44694786,41998217,41991184,41558975,41537368,41510935,41132013,41125710,18236578,18176647,0.00584963,9840.0,1920.0,116.0,132.0,2308.0,4224.0,60.0
DSA,34518074,34542046,34556642,34574697,34592793,34605749,34627859,34663976,34710358,34719367,34743891,34751088,0.011228693,10184.0,4736.0,528.0,132.0,2308.0,4224.0,62.0
Dilithium,70312360,70328107,70340691,70346254,70349949,70354011,70357921,60415273,60349225,60331258,44749866,19343539,0.005900333,9904.0,4224.0,248.0,132.0,2308.0,4224.0,56.0
Dilithium,17845674,17876797,17886551,17901760,17907344,17928764,17948485,17964125,17980597,18000351,18018261,18041314,0.005930027,9904.0,3456.0,248.0,132.0,2308.0,4224.0,60.0
SPHINCS,305305102,304067829,304076141,303476127,292387068,292372637,292367656,292172390,291118948,291107046,291114492,291114831,0.087403059,10382.736842105263,5270.736842105263,725.4736842105264,132.0,2158.9473684210525,3975.5789473684213,55.578947368421055
DSA,38922430,38931758,38921816,38917641,38906476,38871538,38860398,38619801,33682135,33638161,30456665,17134805,0.005291777,10184.0,4480.0,528.0,132.0,2308.0,4224.0,66.0
SPHINCS,2822220479,2783634917,2783630425,2783640122,2782430664,2780385550,2780381625,2780382820,2780396117,2780406216,2780402312,2780403308,0.849614424,10461.311475409837,5852.459016393443,805.2459016393443,132.0,2300.2622950819673,4211.103825136612,67.84699453551913
DSA,58914739,58930778,58949811,58972628,58998650,59007306,59025805,59037596,59047427,59059270,59078454,59083817,0.018112895,9840.0,1664.0,492.0,132.0,2308.0,4224.0,56.0
DSA,108018291,108047816,108057481,108038267,108036063,69091814,69047743,69026144,69014925,68995426,68959296,17183635,0.005345037,10118.0,4224.0,462.0,132.0,2308.0,4224.0,58.0
Falcon,55903378,55930451,55940315,55942264,55949175,55937838,55919047,55928580,55934784,55934105,55921363,55916298,0.01673174,10365.6,4740.8,707.2,132.0,2024.8,3752.0,59.2
Falcon,90441139,90431314,67574866,67549921,67547923,67544386,67537305,67546867,67551631,67565811,67562859,42478366,0.013184011,10277.333333333334,4992.0,621.3333333333334,132.0,2308.0,4224.0,62.666666666666664
SPHINCS,647651470,647658539,647649128,647630255,635991159,635986036,635986760,635961714,635958751,635939455,635651226,635658027,0.195861536,10449.488372093023,5870.139534883721,791.9069767441861,132.0,2308.0,4224.0,63.906976744186046
SPHINCS,317252828,317266775,317276235,317279758,317281757,265091516,257876563,255481007,255451495,252428679,252412149,252378871,0.076635343,10464.0,5802.666666666667,808.0,132.0,2308.0,4224.0,68.0
SPHINCS,2747320264,2747342813,2747376511,2747399167,2747422378,2747437446,2747452324,2747462170,2747473000,2747487489,2747504379,2747511765,0.846517885,10464.0,5884.952380952381,808.0,132.0,2308.0,4224.0,60.0
Falcon,93586502,93313419,87635034,60305406,60262383,60245658,60225743,60216349,48028326,47986758,45637838,45618353,0.014358386,10464.0,6016.0,808.0,132.0,2308.0,4224.0,60.0
SPHINCS,1946682436,1946710162,1946717340,1946727587,1946750219,1908908052,1908878148,1908876391,1906765711,1905803199,1905814492,1896238136,0.588607886,10464.0,6011.259259259259,808.0,132.0,2308.0,4224.0,60.0
SPHINCS,3155262510,3153230857,3153221169,3153227074,3153216972,3152977093,3149706028,3112997191,3112957142,3107383463,3107355607,3107040399,0.98221198,10464.0,5880.470588235294,808.0,132.0,2308.0,4224.0,60.0
Dilithium,16814162,16817966,16830321,16854250,16892557,16904633,16911875,16914270,16923751,16935621,16943862,16948403,0.00513988,10152.0,3392.0,650.0,132.0,2308.0,4224.0,58.0
DSA,44050820,40832693,40813707,40790798,38122824,38110734,36291508,31758392,31725396,16738737,16720922,16689774,0.005200217,10332.0,4992.0,676.0,132.0,2308.0,4224.0,68.0
Falcon,147220198,147216523,145743476,145756022,145255160,138648912,137537575,137301915,133368928,133356960,133345503,133244981,0.04039772,10417.333333333334,5834.666666666667,761.3333333333334,132.0,2308.0,4224.0,60.0
DSA,65402210,65436720,65472948,65503916,65533394,65556390,65580793,65603769,65660098,65675690,65720210,65728541,0.021440965,9904.0,4224.0,248.0,132.0,2308.0,4224.0,60.0
Falcon,92914396,91213429,91240201,91262155,91267677,91052138,91057789,91060358,58821377,53206716,53166016,46265012,0.014461656,10324.0,5440.0,668.0,132.0,2308.0,4224.0,56.0
Falcon,220770766,220805772,220835755,220864640,220872244,220880391,220898334,220916817,220943231,220957731,220958856,220961612,0.065816988,10430.162162162162,5881.081081081081,774.1621621621622,132.0,2308.0,4224.0,67.67567567567568
SPHINCS,2626674090,2626678182,2626691234,2626698589,2626700541,2626696506,2626635767,2627209948,2627226925,2627227961,2627241485,2596247662,0.793211492,10461.80357142857,5856.107142857143,805.75,132.0,2301.6785714285716,4213.464285714285,63.910714285714285
Dilithium,34405745,35901735,35356344,35734453,37276016,37267558,37429734,33488000,33474617,51232753,51269810,45933741,0.014223306,9904.0,3456.0,248.0,132.0,2308.0,4224.0,64.0
SPHINCS,5309730819,5309721780,5306820481,5269060460,5269035740,5269034336,5269052680,5269039438,5269050517,5269050536,5256784228,5256239766,1.679960392,10464.0,5876.736,808.0,132.0,2308.0,4224.0,68.0
Dilithium,16679638,16693262,16712131,16745925,16759149,16767063,16788464,16797614,16800997,16819857,16838110,16838205,0.005612899,10464.0,5888.0,808.0,132.0,2308.0,4224.0,64.0
SPHINCS,2811895385,2811921812,2811953057,2811973657,2812007792,2812021427,2812052076,2812067008,2812091351,2812096249,2812119244,2812131210,0.874297753,10461.565217391304,6005.426086956521,805.5652173913044,132.0,2308.0,4224.0,63.982608695652175
Falcon,199667826,199666827,203008226,202691279,202686008,168021764,167967111,155355016,153154422,149323540,149304416,149285996,0.045075215,10464.0,6016.0,808.0,132.0,2308.0,4224.0,64.0
DSA,72557201,72549716,63784262,63771839,25227626,20256205,17404020,17372741,17343894,17316174,17317087,17285727,0.005352286,10136.0,2576.0,472.0,132.0,1364.0,2650.6666666666665,53.333333333333336
SPHINCS,1722081752,1722098277,1722113259,1722137944,1722184764,1722250812,1722266627,1697260351,1697222676,1697198451,1697211119,1697211522,0.522188348,10458.862385321101,5865.688073394495,802.8623853211009,132.0,2308.0,4224.0,63.96330275229358
Dilithium,16764525,16825315,16831960,16838983,16879677,16884638,16889368,16895910,16934656,16971676,16990045,16988935,0.005150861,10184.0,4864.0,528.0,132.0,2308.0,4224.0,60.0
Falcon,43182316,43200215,43270222,43304852,43327605,43335838,43366658,43371807,43384464,43397750,43407985,43409711,0.013584113,10393.0,5632.0,737.0,132.0,2308.0,4224.0,60.0
SPHINCS,3104929897,3104938938,3104858820,3067996954,3067967974,3067976473,3067987691,3067985332,3055361003,3055370745,3055371176,3055367591,0.945164909,10464.0,6016.0,808.0,132.0,2308.0,4224.0,64.0
Dilithium,36874808,36809678,36803579,36798120,36791380,21329065,21280574,21186613,21156230,19548782,19528417,19515104,0.006089763,9904.0,3968.0,248.0,132.0,2308.0,4224.0,64.0
DSA,23568399,23600858,23607288,23612013,23627902,23648787,23665539,23680340,23691030,23703835,23705734,23719100,0.007196574,9904.0,3968.0,248.0,132.0,2308.0,4224.0,60.0
Falcon,91798704,91791027,91757720,57143141,57121219,44587431,44574275,44562525,44549758,44541588,44527231,44524921,0.013560159,10464.0,6016.0,808.0,132.0,2308.0,4224.0,60.0
SPHINCS,3765478672,3765489764,3765493507,3765499358,3756222248,3750793928,3746891728,3741786139,3741780304,3741779246,3741785719,3741777918,1.157660391,10462.590257879656,5984.5272206303725,806.5558739255015,132.0,2303.9426934097423,4217.23782234957,71.90830945558739
Dilithium,51103493,51125873,51139313,51187461,51225820,51268285,51320653,51337596,51353510,51374476,51392753,51382281,0.016604767,9905.333333333334,912.0,241.33333333333334,132.0,1364.0,2650.6666666666665,48.0
DSA,54665506,54743464,19230022,19173516,16798989,16744847,16718467,16692877,16684478,16656630,28372932,28421010,0.008888943,9904.0,3456.0,248.0,132.0,2308.0,4224.0,64.0
SPHINCS,345430177,345285537,345121646,340589172,340589627,340587430,340627810,340659359,338948086,335664403,323731311,323716154,0.09974947,10464.0,5788.444444444444,808.0,132.0,2308.0,4224.0,68.0
DSA,64389004,64382557,64381356,64380086,64379972,64021497,64023157,64031840,17976225,17380437,17351242,17333978,0.005578588,10152.0,2572.0,490.0,132.0,1600.0,3044.0,50.0
Dilithium,38739168,38760257,38772888,38808828,38853842,38871903,38885805,38902045,38920224,38940523,38954349,38958509,0.011823537,9904.0,3712.0,248.0,132.0,2308.0,4224.0,60.0
SPHINCS,375238950,375259364,375288873,375318166,375336339,375350595,375370296,375384710,375395501,375422624,375439131,375442195,0.115848004,10417.333333333334,5706.666666666667,761.3333333333334,132.0,2308.0,4224.0,60.0
Dilithium,55849518,25182794,25131868,25097574,25080082,25067909,25064363,16693327,16676461,16653418,16642583,16620621,0.004947803,10332.0,4992.0,676.0,132.0,2308.0,4224.0,60.0
DSA,58519061,58525326,58521730,58525173,58527775,58535439,58508327,58495367,18400615,18359012,18342999,18329889,0.005733017,9904.0,3456.0,248.0,132.0,2308.0,4224.0,60.0
SPHINCS,692326720,690090340,690085378,690094639,671280232,667844170,667258603,664135293,664117483,664096973,660417550,660409645,0.201753146,10450.666666666666,5781.333333333333,794.6666666666666,132.0,2308.0,4224.0,60.0
DSA,70718187,41781399,29461131,26133154,26149850,17356154,17324499,17298493,17272749,17252492,17233445,17220504,0.005545629,10184.0,4800.0,528.0,132.0,2308.0,4224.0,60.0
SPHINCS,2257284619,2252379394,2252382277,2233759325,2233447781,2231427163,2231419979,2231236081,2230244762,2221506661,2221489834,2209550440,0.723869251,10448.68817204301,5858.408602150537,805.9139784946236,132.0,2308.0,4215.290322580645,63.89247311827957
SPHINCS,3709860406,3666244936,3653603710,3653608218,3647600247,3646804766,3646815865,3646813824,3646861181,3637210279,3637190168,3637171042,1.10885027,10461.37089201878,5863.962441314554,805.3708920187794,132.0,2308.0,4224.0,63.98122065727699
SPHINCS,650809481,650838908,650866932,650883737,650896504,650916172,650925684,650939070,650960131,650970749,650981618,651060160,0.196733986,10452.08510638298,5792.68085106383,796.0851063829788,132.0,2308.0,4224.0,67.82978723404256
SPHINCS,5337189377,5337207277,5337236130,5337270460,5334971714,5334973966,5334972771,5334962542,5294458850,5293236253,5293227943,5293223883,1.623566725,10460.666666666666,5856.0,804.6666666666666,132.0,2308.0,4224.0,60.0
Falcon,202557757,198976692,198971243,149385235,149362188,149351112,149336352,135967605,133808478,132877935,129611586,129567742,0.03842118,10464.0,6016.0,808.0,132.0,2308.0,4224.0,60.0
Falcon,90856610,90850826,66138053,66114276,66144229,66135760,66133022,66154028,53448614,52875016,49784767,49750503,0.015024459,10464.0,5568.0,808.0,132.0,2308.0,4224.0,70.0
DSA,18353257,18375952,18418316,18441409,18469132,18487310,18502187,18519582,18530471,18538615,18548773,18553789,0.005988988,10332.0,4992.0,676.0,132.0,2308.0,4224.0,60.0
Dilithium,42592959,42577673,41093021,41064178,41049764,34354878,34327633,31389357,25516914,25493055,19551430,17285864,0.00593555,10184.0,4672.0,528.0,132.0,2308.0,4224.0,64.0
Dilithium,64772225,64768283,64752331,69906476,72099510,64628480,64626597,67906454,67356746,67345267,67347093,67356282,0.020831421,9840.0,640.0,508.0,132.0,2308.0,4224.0,52.0
SPHINCS,2371114143,2370966071,2370520966,2369103997,2369106046,2369101886,2369102965,2365122864,2365111240,2364892609,2348240420,2348222432,0.715081606,10456.430769230768,5793.846153846154,800.2461538461539,132.0,2286.2153846153847,4187.692307692308,71.47692307692307
SPHINCS,1931422548,1931464174,1931473493,1927352470,1926270590,1923133280,1920408135,1920393202,1918637988,1918651774,1918680939,1903213248,0.574189057,10459.044247787611,5736.212389380531,803.0442477876106,132.0,2308.0,4224.0,63.9646017699115
Dilithium,66092896,51768879,30650542,27017314,27012864,27004389,27014380,26821925,23355230,20712106,18744569,18740410,0.006041885,10332.0,4992.0,676.0,132.0,2308.0,4224.0,60.0
Falcon,74793420,74812842,74854237,74890035,74891328,74910288,74949181,74988013,75011769,75021010,75023448,75035934,0.022957396,10218.0,3084.0,556.0,132.0,1600.0,3044.0,50.0
Falcon,150093439,148206787,148198246,148184707,148182038,148174212,148159268,148089908,148089825,148095191,148102237,148092673,0.045031623,10413.09090909091,5841.454545454545,757.0909090909091,132.0,2308.0,4224.0,60.0
Dilithium,67678394,66797644,66817115,66829222,66835133,64124735,64158114,64188147,52645860,16913873,16869685,16848300,0.005254069,10218.0,2700.0,556.0,132.0,1600.0,3044.0,50.0
SPHINCS,1779312625,1770170139,1770164862,1767581736,1764391663,1743447896,1734174001,1734141124,1734128318,1734111084,1734058155,1734046403,0.555628883,10461.310344827587,5973.068965517241,805.2586206896551,132.0,2301.896551724138,4213.827586206897,63.87931034482759
DSA,67034342,67007667,66802885,66457586,65811563,29286906,29249962,29215501,29198399,29192531,29150655,16825485,0.005211955,9840.0,1024.0,492.0,132.0,2308.0,4224.0,56.0
DSA,16926861,16970884,16977024,16989838,17014609,17019784,17027211,17032945,17039848,17052750,17065334,17068031,0.00533632,9840.0,1408.0,492.0,132.0,2308.0,4224.0,56.0
DSA,49224837,45017770,37373846,36122185,36112078,36105865,36091332,35844549,35834074,35794656,35788634,17089764,0.005498969,9904.0,3968.0,248.0,132.0,2308.0,4224.0,60.0
SPHINCS,1969399295,1969432981,1969462123,1948048150,1948462941,1948462528,1948476007,1948477681,1948484424,1948492144,1948503217,1948489130,0.605907488,10455.515151515152,5973.333333333333,799.5151515151515,132.0,2308.0,4224.0,64.0
DSA,26889944,26919077,26932806,26943070,26967822,26983135,26996008,27007719,27040661,27072285,27087462,27095901,0.00834152,10332.0,4992.0,676.0,132.0,2308.0,4224.0,64.0
Dilithium,67489336,44840541,44796864,38829700,33471205,33189230,33186377,33171780,33168040,26982030,26952508,16108910,0.005500938,9904.0,3584.0,248.0,132.0,2308.0,4224.0,64.0
DSA,50299120,50292675,41505014,41470542,38361441,38342320,38325339,45671703,45690123,44611717,44782957,47377530,0.015974029,10184.0,4800.0,528.0,132.0,2308.0,4224.0,62.0
Dilithium,69243811,69292381,69311001,69316379,69409464,69485476,69582397,69621154,69718555,69886422,70067379,70247384,0.022252914,10184.0,4992.0,528.0,132.0,2308.0,4224.0,62.0
SPHINCS,2878620514,2878639079,2878656264,2840985876,2840971230,2840968658,2828487473,2828481385,2828479979,2824664874,2824639738,2824602199,0.866248373,10464.0,6016.0,808.0,132.0,2308.0,4224.0,64.0
Falcon,205569764,203518044,201109933,159513604,158860313,158636861,158611995,158495288,157108071,156857863,142851620,142795961,0.042922094,10408.0,5785.6,752.0,132.0,2308.0,4224.0,63.6
DSA,22782571,18228113,18216659,18215714,18196397,18188992,18163932,17373020,17370066,17380507,17374074,17372072,0.005598605,9904.0,3328.0,248.0,132.0,2308.0,4224.0,64.0
Dilithium,64225828,64097287,63946071,63940612,56308042,56272202,26356994,20474463,20179802,18006814,17976491,17947922,0.005745161,10464.0,6016.0,808.0,132.0,2308.0,4224.0,60.0
SPHINCS,2312348782,2312368075,2311105572,2300477175,2300455742,2280279109,2280249347,2280207489,2280208389,2280219119,2280202743,2280194864,0.690144479,10455.8,5792.4,799.6,132.0,2284.4,4184.666666666667,63.6
SPHINCS,4923015021,4923003059,4922045662,4922038458,4922042613,4922034692,4900105837,4894546360,4894534784,4894525349,4877430470,4869075933,1.545845261,10461.963636363636,5874.967272727273,805.9636363636364,132.0,2308.0,4224.0,64.0
SPHINCS,2725090952,2725113704,2725144514,2696574876,2691952394,2691947241,2691936012,2691927458,2691918855,2691794502,2677091035,2676784105,0.866056136,10461.803921568628,5996.423529411764,805.8039215686274,132.0,2308.0,4224.0,67.9843137254902
Falcon,84230021,84028991,80276117,80285676,76823879,75642172,75709470,43209083,42888386,42889212,42944808,42937615,0.013198604,10360.0,4782.666666666667,702.0,132.0,2072.0,3830.6666666666665,59.333333333333336
SPHINCS,3014282676,3014190009,3014193689,3007437864,3001760699,2976918412,2976867334,2970669629,2965968628,2965906651,2965481302,2965304406,0.902666511,10460.72514619883,6005.520467836257,804.7251461988304,132.0,2308.0,4224.0,63.9766081871345
Dilithium,91345421,91407568,91423089,91441799,91451555,91467107,91510065,91524795,45162615,36870512,19181442,19157485,0.005869752,10146.0,3264.0,652.0,132.0,2308.0,4224.0,60.0
SPHINCS,1976867017,1976872333,1976893241,1976901891,1976899781,1976901380,1976928610,1976966418,1939581935,1939656791,1939667114,1926656488,0.584789007,10464.0,5888.0,808.0,132.0,2308.0,4224.0,64.0
DSA,44578370,44602103,44602568,44594896,44597887,44617256,54218573,54205595,54193512,54158393,54137212,56942788,0.016768718,9904.0,4224.0,248.0,132.0,2308.0,4224.0,64.0
Dilithium,23586575,22136220,21218865,21213975,21109508,17912388,17905898,17086731,17077059,17068635,17049815,17033734,0.005737791,9840.0,1280.0,492.0,132.0,2308.0,4224.0,56.0
Dilithium,61855244,61844519,61150660,61154951,61341986,63650653,52689379,59610922,66808724,67070887,67068886,71778075,0.021784758,10464.0,5632.0,808.0,132.0,2308.0,4224.0,64.0
DSA,20226402,20244320,20256393,20291837,20306191,20317525,20332845,20347634,20376545,20375785,20384325,20386477,0.00641091,10048.0,4608.0,392.0,132.0,2308.0,4224.0,60.0
Dilithium,55933033,55967171,55978669,55981795,55969496,55896949,55898013,55911332,55924033,55938067,55949732,55958332,0.018603949,9904.0,4224.0,248.0,132.0,2308.0,4224.0,64.0
Falcon,42460925,42507133,42511141,42536292,42541946,42544411,42547147,42554720,42560171,42570326,42572221,42570507,0.012538226,10300.0,4018.6666666666665,640.0,132.0,1836.0,3437.3333333333335,61.333333333333336
DSA,20365205,20393404,20408351,20419534,20440220,20467439,20505769,20533730,20541610,20549168,20580211,20588765,0.006650801,10180.0,4864.0,524.0,132.0,2308.0,4224.0,64.0
SPHINCS,565494790,564620657,564256049,564259324,529706964,529675102,529667771,529662042,529645482,529647142,519748129,517801779,0.170558814,10464.0,5821.793103448276,808.0,132.0,2308.0,4224.0,64.0
Falcon,233381659,233372563,233385731,231502847,231497147,231508837,231508887,229021692,229012118,228995619,228995928,219036859,0.066924563,10370.666666666666,5717.333333333333,714.6666666666666,132.0,2308.0,4224.0,63.333333333333336
Dilithium,91231113,89654000,61086047,61036092,60352835,59627346,59622030,56088113,56061001,54287628,54265842,20021729,0.006266251,10076.0,2508.0,414.0,132.0,1600.0,3044.0,54.0
SPHINCS,3421777590,3421762721,3421772293,3421772186,3421771985,3418049162,3418032236,3414706626,3406482032,3406109722,3406028714,3406024203,1.041963259,10461.666666666666,5877.866666666667,805.6666666666666,132.0,2308.0,4224.0,63.983333333333334
SPHINCS,342196623,342208764,329270311,329250674,329252288,314979403,314965027,314958803,314962569,314972821,314978056,314730913,0.101587469,10464.0,6016.0,808.0,132.0,2308.0,4224.0,72.0
Falcon,106648590,86419940,74182032,73036267,73204519,73210275,73216273,70093938,70089070,63225620,63200106,63173374,0.020268949,10277.333333333334,5162.666666666667,621.3333333333334,132.0,2308.0,4224.0,62.666666666666664
SPHINCS,368403289,334495680,333734251,333719001,333719142,333724641,333725995,328055315,328048504,328048792,328048389,328116992,0.098089389,10396.133333333333,5271.733333333334,738.9333333333333,132.0,2166.4,3988.0,61.6
SPHINCS,2330802541,2330832299,2330866209,2330896362,2330923040,2330938886,2330961370,2330966951,2330955483,2330957411,2330139086,2331019213,0.711855044,10464.0,5888.0,808.0,132.0,2308.0,4224.0,64.0
Dilithium,30397308,30369647,30113683,29858790,29839239,28554825,23264738,19262625,16878627,16857394,16839006,16827404,0.005416995,9904.0,3584.0,248.0,132.0,2308.0,4224.0,60.0
Falcon,113970275,113954760,113956634,106384449,106359749,106349344,106348772,105591877,71899285,71889479,67762157,55483808,0.01726259,10313.714285714286,4922.285714285715,656.0,132.0,2105.714285714286,3886.8571428571427,60.0
Dilithium,60951874,60949964,60960216,60961590,60977049,60978970,33921651,27986227,26773294,26738952,20452147,18239047,0.005511655,10464.0,6016.0,808.0,132.0,2308.0,4224.0,68.0
DSA,17186630,17240871,17255459,17287858,17309540,17343314,17340527,17349843,17364626,17370604,17379592,17390359,0.005615704,10152.0,2572.0,490.0,132.0,1600.0,3044.0,52.0
DSA,65977567,65992680,66019525,66042066,66062352,66070517,66089775,66102736,66121983,66133258,66144767,66152727,0.020304003,10180.0,4864.0,524.0,132.0,2308.0,4224.0,60.0
Falcon,107302006,106785787,106782819,106778648,99818583,99795976,64867816,53350504,53323309,53310104,52579997,51168725,0.016380679,10218.0,3020.0,556.0,132.0,1600.0,3044.0,52.0
Falcon,240427045,240438242,240447678,240449209,240445278,236291444,204421803,203576783,192127182,192077447,155979218,148504253,0.04882574,10184.0,4992.0,528.0,132.0,2308.0,4224.0,64.0
Dilithium,66773352,66781288,66781047,66041076,65183097,65165515,65153265,65141917,29586392,29521734,17277109,17250023,0.005290507,10464.0,5120.0,808.0,132.0,2308.0,4224.0,60.0
SPHINCS,3482526605,3482526506,3474405866,3474364045,3474133007,3474135754,3448144491,3445373576,3445316886,3439072165,3436737655,3433472662,1.081127038,10457.563218390804,5854.16091954023,801.5632183908046,132.0,2308.0,4224.0,63.95402298850575
DSA,46379889,46413705,30676477,30676258,30679142,30664500,30660756,22598739,22578756,18071046,17286722,17088783,0.005499766,9972.0,152.0,304.0,132.0,892.0,1864.0,44.0
Dilithium,16499874,16496584,16498917,16506507,16512292,16545656,16563139,16571998,16591014,16598689,16607075,16609807,0.005034285,9938.0,1484.0,276.0,132.0,1600.0,3044.0,50.0
SPHINCS,1764550487,1764555585,1764578327,1764589586,1764597068,1729473986,1729447680,1717558317,1717524568,1717516052,1717513131,1717506714,0.557666712,10464.0,5888.0,808.0,132.0,2308.0,4224.0,60.0
Dilithium,49282960,49316678,49358376,49388633,49408378,49433669,49479781,49485276,49509527,49507141,49521073,49525941,0.015633326,9904.0,3584.0,248.0,132.0,2308.0,4224.0,60.0
Dilithium,62846906,62847560,62844345,62852534,62857687,62867874,40961784,32161642,32129236,32119956,31333207,16242468,0.005230693,9972.0,152.0,304.0,132.0,892.0,1864.0,40.0
Falcon,152645113,152659459,152678466,152694241,152697279,152716689,152730816,152736928,152748634,152739477,152731407,152740020,0.048219114,10464.0,6016.0,808.0,132.0,2308.0,4224.0,60.0
Falcon,109783766,109815061,109845033,70549504,70535401,57569061,48197345,48113273,46743172,46730578,46722859,46727590,0.013931255,10113.333333333334,3464.0,453.3333333333333,132.0,1836.0,3437.3333333333335,56.0
Dilithium,78473985,78486850,78489242,78484007,78510386,78504604,78512630,78519022,41104395,28122178,24346542,19457749,0.005950024,10184.0,4992.0,528.0,132.0,2308.0,4224.0,66.0
Falcon,61991046,61090662,60870129,60618242,60614159,48724171,48717814,48736875,48773002,48784281,48816918,48835001,0.015676389,10256.0,5376.0,600.0,132.0,2308.0,4224.0,64.0
SPHINCS,2898037906,2898029807,2898052955,2898055137,2898054808,2898049462,2898051783,2898051946,2898025182,2857153481,2857157683,2844107593,0.865619567,10462.404558404558,5876.330484330484,806.4045584045584,132.0,2308.0,4224.0,64.0
SPHINCS,1642090442,1642130277,1640179131,1640191857,1638256380,1636362927,1636345626,1636339085,1636343070,1637981467,1637987735,1636054074,0.491366406,10462.73076923077,6006.153846153846,806.7307692307693,132.0,2308.0,4224.0,63.96153846153846
SPHINCS,2912374812,2912363831,2912375612,2912368191,2912387689,2912407341,2869333377,2869331394,2868237719,2866554796,2866552134,2866546233,0.8805063,10464.0,5878.656934306569,808.0,132.0,2308.0,4224.0,68.0
Falcon,197564369,197599031,197604059,197618736,197627875,199411073,199438972,199447347,199453428,199423549,199422528,199432969,0.060367184,9491.0,4547.0,647.0,132.0,2131.0,3423.0,54.5
Falcon,81222837,81234936,81269003,81300991,81318000,81335073,81352249,81394730,81408449,81426082,81432785,81440503,0.02683954,9904.0,3200.0,248.0,132.0,2308.0,4224.0,60.0
Falcon,83346386,83186953,81009576,79745207,74774520,55205884,55176545,55160667,55159045,55148324,55134948,55120206,0.017801687,10464.0,6016.0,808.0,132.0,2308.0,4224.0,64.0
DSA,19925876,19916346,19907693,16657002,16668137,16658055,16656498,16650682,16645490,16642310,16574010,16572123,0.005329354,9938.0,1868.0,276.0,132.0,1600.0,3044.0,50.0
DSA,42658739,42649446,38156527,38124930,37306851,32134101,32090291,20271381,18738008,17823162,17229719,17234560,0.005737001,9904.0,3456.0,248.0,132.0,2308.0,4224.0,64.0
Dilithium,71999477,37773180,37744081,37734199,37724745,37717836,37704819,23648635,18352854,18145835,18133476,18120929,0.00548286,9904.0,3072.0,248.0,132.0,2308.0,4224.0,60.0
Falcon,327330860,327362757,327379994,327406031,327428823,327453184,327470843,327487112,327498786,327512670,327520207,327527028,0.10630185,10407.272727272728,5550.545454545455,779.2727272727273,132.0,2308.0,4224.0,59.63636363636363
Dilithium,44337447,33401765,31424187,26718064,26653712,26637272,26628303,26617004,22262517,21362265,18293688,18269245,0.006078588,10048.0,4736.0,392.0,132.0,2308.0,4224.0,60.0
SPHINCS,2912731777,2912771360,2912791899,2912824686,2912895396,2912924673,2912951220,2912977494,2913005182,2913024509,2913048930,2913094618,0.954941008,10461.407407407407,5875.555555555556,805.4074074074074,132.0,2308.0,4224.0,60.0
Dilithium,18631293,18646307,18685560,18693318,18705108,18715020,18720285,18724932,18731368,18730593,18740626,18750372,0.006054538,9904.0,4224.0,248.0,132.0,2308.0,4224.0,64.0
DSA,28217422,28237948,28266198,28269974,28303570,28317762,28330772,28356860,28383620,28352838,28350684,28362412,0.008938289,9904.0,2944.0,248.0,132.0,2308.0,4224.0,64.0
Falcon,102415342,102414448,102411477,102415135,98721487,98541157,98534216,98543498,50730118,50702592,50688319,50673218,0.01545047,10464.0,5888.0,808.0,132.0,2308.0,4224.0,64.0
Falcon,119660062,119700074,119697575,119693404,116614839,116631194,115472194,115496344,62629266,62568952,62542216,58329034,0.018093051,10464.0,6016.0,808.0,132.0,2308.0,4224.0,64.0
SPHINCS,3656000379,3656015740,3656026036,3656026512,3656032700,3616315768,3616270202,3616257791,3616253649,3616238313,3610014557,3610011898,1.179343418,10459.29411764706,5991.26050420168,803.2941176470588,132.0,2308.0,4224.0,60.0
DSA,68757105,59986984,59993679,60003286,60038626,20079988,20063029,20069906,20094532,20081033,17131235,17089402,0.005207786,9904.0,3456.0,248.0,132.0,2308.0,4224.0,60.0
DSA,74822915,74040781,67990600,48285725,48271149,48265639,48261147,49474036,49460521,49447863,49444351,49435342,0.015959302,10184.0,4416.0,528.0,132.0,2308.0,4224.0,56.0
Dilithium,65411363,65393087,64796601,47172058,46314330,46153459,39709022,37029502,37006862,36138846,34201876,17544203,0.005640496,9904.0,3200.0,248.0,132.0,2308.0,4224.0,60.0
DSA,20146740,20214565,20243126,20258640,20271199,20290031,20075266,19904943,19908169,19923888,19930218,19934676,0.006044425,9904.0,3968.0,248.0,132.0,2308.0,4224.0,60.0
Falcon,197517543,188791517,188752378,145640987,145535960,145549958,145552185,143779631,138906444,137072870,136972791,136892405,0.044465016,10401.777777777777,5731.555555555556,745.7777777777778,132.0,2308.0,4224.0,67.11111111111111
Dilithium,54449892,54508408,54527859,54542799,54560736,54574644,54594011,54620986,54642864,54657565,54679176,54689352,0.017963888,10184.0,4928.0,528.0,132.0,2308.0,4224.0,60.0
DSA,79021106,79010787,79002298,79001591,79004842,78986897,78972483,78964849,78032084,57804629,57802933,19156208,0.005907833,9904.0,3456.0,248.0,132.0,2308.0,4224.0,64.0
Falcon,253794594,253861246,253871838,211375590,211345956,211343194,202024577,202022457,202004113,201996621,201837901,201816366,0.061169867,10370.666666666666,5674.666666666667,714.6666666666666,132.0,2308.0,4224.0,64.0
Falcon,88484131,88491908,88489145,88502781,86857688,52335340,43929358,43894027,43871413,43858937,43840437,43809857,0.013671596,10437.6,5708.8,781.6,132.0,2308.0,4224.0,64.0
Falcon,60626140,60622000,60571862,60556927,60568111,60529980,60555860,60573240,60548181,60524007,60514588,60547661,0.01783513,10464.0,6144.0,808.0,132.0,2308.0,4224.0,60.0
DSA,60634999,58668113,58633952,52325124,52284801,52286567,40884994,39587388,34922903,34636451,34618869,17756977,0.005890488,10332.0,4992.0,676.0,132.0,2308.0,4224.0,60.0
DSA,18550386,18605981,18594210,18612246,18653716,18675836,18678742,18691749,18734672,18754167,18760332,18772754,0.005692698,10218.0,3852.0,556.0,132.0,1600.0,3044.0,60.0
Falcon,139592061,124350948,99676724,91761360,91696758,91675750,78304477,78273294,78220276,74639186,68518613,67990661,0.022582771,10464.0,5888.0,808.0,132.0,2308.0,4224.0,64.0
Dilithium,59948954,59969295,29349066,28092859,17126381,17108474,17103321,17096146,17079435,17067996,17063093,17054905,0.005491536,9904.0,3456.0,248.0,132.0,2308.0,4224.0,60.0
SPHINCS,500380108,500402667,500419822,500443519,500472786,500494642,500507859,500529785,500546633,500585356,500605697,500615776,0.155535049,10435.636363636364,5620.363636363636,793.6363636363636,132.0,2308.0,4224.0,59.81818181818182
Falcon,44538783,44532756,44531327,44549759,44594742,44574544,44582050,44568998,44588011,44599121,44584664,44591643,0.01408148,10464.0,5888.0,808.0,132.0,2308.0,4224.0,64.0
Falcon,141460951,107430609,107330148,107322346,96481846,93370266,89204884,84744681,84717399,84721151,84611538,81200164,0.024589059,10464.0,5888.0,808.0,132.0,2308.0,4224.0,64.0
DSA,63538430,55892638,55890738,55891009,55890002,17764475,17728755,17732183,17717512,17710285,17704347,17688993,0.005518565,9972.0,152.0,304.0,132.0,892.0,1864.0,44.0
SPHINCS,5288681750,5288385948,5288428980,5266377558,5263558074,5263558527,5262953848,5254407751,5254399917,5254392761,5254392590,5248067857,1.626902495,10459.223300970874,5826.097087378641,803.1067961165048,132.0,2294.252427184466,4201.0873786407765,63.76699029126213
DSA,21905853,21919583,21933421,21950346,21967779,21974418,21984773,21996525,22004368,22015939,22070560,22103721,0.007376355,9904.0,3584.0,248.0,132.0,2308.0,4224.0,56.0
Dilithium,29674794,29738955,29733345,26116449,25554571,18696189,18662337,18642045,18347140,18328861,18315196,17882800,0.005956465,9840.0,1920.0,116.0,132.0,2308.0,4224.0,56.0
DSA,59733199,40209798,28461596,20412677,19501011,19483495,19458636,19434973,19009198,19005998,19000824,17512449,0.006001031,10464.0,5120.0,808.0,132.0,2308.0,4224.0,60.0
SPHINCS,701728751,701728186,701552396,701551634,701555125,701545217,701542949,701540294,689552499,689469314,672827474,661666285,0.199444169,10464.0,5840.0,808.0,132.0,2308.0,4224.0,64.0
SPHINCS,2970673259,2970737708,2970766416,2970795766,2970813055,2970854282,2970889903,2970908159,2970937508,2970954427,2970964819,2970991439,0.913982711,10464.0,6016.0,808.0,132.0,2308.0,4224.0,60.0
SPHINCS,3453449023,3452286867,3452319337,3452335068,3428442323,3427663489,3424672125,3424629886,3415979803,3414502727,3414449428,3390567299,1.058479667,10461.213930348258,5874.626865671642,805.2139303482587,132.0,2308.0,4224.0,60.0
SPHINCS,705869209,705886692,705898679,704392975,702175792,700860379,700849233,671357865,659175810,656999370,654005808,653988917,0.201975359,10454.538461538461,5890.923076923077,798.3076923076923,132.0,2280.769230769231,4178.615384615385,63.76923076923077
SPHINCS,2172318067,2172355998,2172393700,2172422360,2172449082,2172472629,2172526541,2172557712,2172605815,2172642336,2172664286,2172682371,0.676704346,10464.0,5760.0,808.0,132.0,2308.0,4224.0,68.0
Falcon,175419320,175362335,175362088,175365787,175381853,175377250,175377249,175378836,175404742,175427843,157064188,143726953,0.042753809,10408.0,5772.8,752.0,132.0,2308.0,4224.0,60.0
DSA,88159404,41137054,40493379,39899336,39206019,39227590,29507133,29468100,29101429,20264000,17858028,17813509,0.005793873,10184.0,4224.0,528.0,132.0,2308.0,4224.0,64.0
SPHINCS,1579420349,1579441691,1579451466,1579458767,1579479297,1579493645,1579507611,1579519604,1579526484,1579539929,1579551385,1579573870,0.494419975,10464.0,5888.0,808.0,132.0,2308.0,4224.0,60.0
SPHINCS,695507031,689614137,689632551,689633570,680674151,680671038,680659064,680628724,680617303,680615638,680608268,645470131,0.195679159,10190.2,5475.8,775.2,128.8,2214.9,4059.4,65.9
Falcon,185108068,185142930,185168202,185194373,185224000,185245820,185262309,185284022,185297850,185313088,185348566,185363621,0.056294477,10394.8,5644.8,738.8,132.0,2308.0,4224.0,59.6
SPHINCS,697308469,697313975,697313920,697298965,697312626,697314403,697308592,697305240,674341254,673858914,673836626,673817567,0.215957613,10464.0,5839.238095238095,808.0,132.0,2308.0,4224.0,64.0
Falcon,195672678,195662064,191150278,191117377,191104614,191099335,191096501,191090428,191094418,190704243,157613741,156823263,0.046925343,10464.0,6016.0,808.0,132.0,2308.0,4224.0,64.0
Falcon,167372676,128663162,125430053,125403277,125396754,125347237,125316307,123598795,123594079,123603529,123597154,123228011,0.037643695,10417.333333333334,5664.0,761.3333333333334,132.0,2308.0,4224.0,67.66666666666667
SPHINCS,656945179,655745751,655743039,655743098,655739455,629198713,629168626,629155318,629152778,629156557,629157763,629150232,0.193896093,10464.0,5840.592592592592,808.0,132.0,2308.0,4224.0,64.0
DSA,70179115,70173689,70179304,70171504,70162897,67649190,48559454,35901618,24698183,17546285,17506394,17456267,0.005799322,10464.0,6016.0,808.0,132.0,2308.0,4224.0,68.0
SPHINCS,5073547804,5042677198,5035621951,5035659071,5035657780,5035651281,5035652435,5025266615,5022930947,5022924911,5022940177,5022928476,1.558518767,10462.336,5865.472,807.1573333333333,132.0,2308.0,4224.0,63.97866666666667
DSA,65975610,65973352,65987904,66006995,66014675,66000056,59507821,59490277,59516943,17502643,17461219,17433680,0.005273697,10184.0,5120.0,528.0,132.0,2308.0,4224.0,66.0
Falcon,247572393,244754300,230674051,215362908,213312335,207767071,207743713,206985639,206368878,204315644,204296374,204275339,0.065340999,10431.0,5856.0,775.0,132.0,2308.0,4224.0,63.0
Dilithium,68048897,65225545,64699125,64706599,20948238,20945406,20967936,20959138,20034669,20025743,20050332,20043986,0.00612616,9904.0,3456.0,248.0,132.0,2308.0,4224.0,60.0
Dilithium,42702890,42700633,42694811,42708405,42728168,42392953,42389673,42391097,42397922,19834293,19840083,19829377,0.005745367,10277.333333333334,5077.333333333333,621.3333333333334,132.0,2308.0,4224.0,62.666666666666664
DSA,17606360,17606925,17622907,17641118,17666369,17674608,17683632,17690165,17697521,17703851,17717507,17719071,0.005909244,9904.0,3456.0,248.0,132.0,2308.0,4224.0,60.0
SPHINCS,321111526,321138428,321162046,321170537,321195132,321222820,321274673,321286400,321303689,321320721,321338650,321382240,0.099122248,10438.105263157895,5458.105263157895,781.4736842105264,132.0,2233.4736842105262,4099.789473684211,66.52631578947368
Dilithium,76294557,76303959,76304437,76340043,75476444,75434620,65891867,59080659,59033576,59014610,45802254,17559418,0.005687822,9972.0,152.0,304.0,132.0,892.0,1864.0,44.0
SPHINCS,675225200,673690946,673509759,673537605,668653200,668644474,668606482,664404837,664398318,664445744,664459906,635352797,0.191366555,10464.0,5824.0,808.0,132.0,2308.0,4224.0,60.0
Dilithium,88253951,86169377,65716998,63267748,56574598,56560376,56543117,56540631,56524859,56519572,56505377,16988212,0.005507353,9904.0,3456.0,248.0,132.0,2308.0,4224.0,60.0
Falcon,57744609,57785323,57771699,57763765,57592323,57565770,57564706,49480772,49470266,49465146,49468514,42903124,0.013102656,10201.0,4070.0,542.0,132.0,1954.0,3634.0,56.0
SPHINCS,4502364438,4502376197,4502391313,4502406725,4502418989,4502465860,4502475286,4502481107,4490012471,4489739338,4486269761,4451937786,1.380933974,10461.171717171717,5872.484848484848,805.1717171717172,132.0,2308.0,4224.0,60.0
DSA,53932311,53980871,54004526,54022075,54061553,54105594,54125744,54141857,54152260,54161061,54170499,54177492,0.017507685,9904.0,3456.0,248.0,132.0,2308.0,4224.0,60.0
Falcon,213372377,213265052,213283280,213280415,213297155,190967783,166234617,165057954,165031567,159623448,159584457,159559334,0.048427848,10413.09090909091,5806.545454545455,757.0909090909091,132.0,2308.0,4224.0,67.63636363636364
SPHINCS,5621627355,5621641797,5612387215,5599704095,5582957400,5579703604,5579679307,5579668528,5570093214,5570106483,5570097800,5570089358,1.714078603,10464.0,5804.71615720524,808.0,132.0,2308.0,4224.0,64.0
Falcon,277053069,277056904,276845905,276571706,247387903,237785524,235637846,235195915,235178836,232085256,231863880,231851699,0.074849564,10420.923076923076,5878.153846153846,764.9230769230769,132.0,2308.0,4224.0,60.0
DSA,55523075,55540346,55566286,55596669,55655633,55638410,55647945,55660298,55668596,55684095,55728463,55732797,0.016920114,9938.0,1804.0,276.0,132.0,1600.0,3044.0,50.0
Falcon,96446578,96433759,93733637,89824692,89522400,89358361,85242645,85234347,85205726,85175275,85157823,50400538,0.016148312,10277.333333333334,5290.666666666667,621.3333333333334,132.0,2308.0,4224.0,60.0
DSA,17421465,17437191,17446104,17445297,17463574,17472829,17482257,17487228,17486315,17494758,17508172,17509253,0.005650309,9840.0,1920.0,116.0,132.0,2308.0,4224.0,56.0
Dilithium,16073921,16058993,16051947,16036915,16037767,16050755,16037609,16032420,16030326,16026173,16039557,16074772,0.005183424,9904.0,4224.0,248.0,132.0,2308.0,4224.0,60.0
Falcon,240227556,209181004,205637788,205623776,205617485,205608196,205607918,196198705,196165507,182063852,189124007,189149855,0.058457195,10408.0,5836.8,752.0,132.0,2308.0,4224.0,67.2
Falcon,71264909,68113195,67420226,66247483,53714677,53684617,53694495,53063184,53044487,53037834,53034821,48060112,0.014547311,10118.0,4288.0,462.0,132.0,2308.0,4224.0,54.0
DSA,56054038,56053413,56053643,56056131,45114987,45399882,45398307,45401314,45406669,45417451,45424805,17967906,0.005436092,10332.0,4992.0,676.0,132.0,2308.0,4224.0,60.0
SPHINCS,3145659008,3135527944,3135532987,3135536890,3135532778,3135531531,3135548048,3135550394,3135555209,3135552549,3135573488,3134293015,0.972190675,10461.053892215568,5978.586826347306,804.9820359281437,132.0,2299.5209580838323,4209.868263473054,63.8562874251497
SPHINCS,5872432592,5872441620,5872444933,5872433506,5838051330,5838026229,5838001673,5837993848,5825118240,5825096322,5825092312,5825073414,1.808251502,10463.36,5834.752,807.36,132.0,2308.0,4224.0,60.0
DSA,16877017,16914169,16934352,16982624,16996893,16998234,17004182,17012733,17032168,17037750,17040244,17042862,0.005686227,10184.0,4736.0,528.0,132.0,2308.0,4224.0,60.0
DSA,65241710,58799266,56146158,56131501,56160513,56162663,56156663,56140046,17307241,17252115,17239013,17213031,0.005205763,9904.0,3200.0,248.0,132.0,2308.0,4224.0,64.0
SPHINCS,407222184,407237400,407265231,407280494,407251047,407264831,407298643,402410857,402397472,402395810,399989626,399982402,0.119995565,10454.0,5721.142857142857,798.0,132.0,2308.0,4224.0,71.92857142857143
Falcon,201032151,201040540,178398437,178115584,169010068,168481964,168474408,168478338,168463770,166856907,154519192,153479493,0.046871774,10386.0,5504.0,768.5,132.0,2308.0,4224.0,63.5
SPHINCS,507861187,507874942,507885170,507892716,497841660,493302391,493283711,484915893,480451012,480253975,480223736,480211597,0.144738076,10451.265306122448,5744.326530612245,801.5510204081633,132.0,2308.0,4224.0,67.75510204081633
Dilithium,63946852,61516327,32832761,32753039,32732254,32706192,32680481,27799564,27776188,27762986,27593484,17864608,0.005470827,10070.4,1939.2,404.8,132.0,1175.2,2336.0,48.8
SPHINCS,1622258291,1622284013,1620897132,1620896012,1620926269,1599829001,1574135338,1563155663,1562871887,1558035343,1553923284,1553901724,0.48799121,10464.0,6016.0,808.0,132.0,2308.0,4224.0,64.0
DSA,73442772,73316783,25659322,25572595,25583898,25578244,22745126,22735561,22753573,19333674,19322068,19312072,0.005631287,9904.0,3584.0,248.0,132.0,2308.0,4224.0,64.0
SPHINCS,2791543659,2791523133,2791569946,2790746102,2790754501,2790755094,2790758781,2790794895,2786235832,2786238294,2786236826,2786236412,0.89935719,10459.830508474577,5957.627118644068,803.728813559322,132.0,2296.0,4204.0,63.83050847457627
Dilithium,47458952,47493408,47501397,47494424,47488883,47471473,18034456,18050686,18067175,18052258,16424791,16385878,0.005153177,10253.6,4408.0,595.2,132.0,2024.8,3752.0,61.6
DSA,95762996,95759014,94962348,87895786,87878869,65621846,65532689,28757339,24505190,24349626,17123716,17074105,0.005492917,9904.0,2944.0,248.0,132.0,2308.0,4224.0,60.0
Dilithium,60905803,60930278,60955718,60974472,61003348,61039398,61055455,61072615,61087890,61138885,61226592,61298582,0.020483578,10113.333333333334,3506.6666666666665,453.3333333333333,132.0,1836.0,3437.3333333333335,56.0
DSA,65157394,61142457,61121681,53862959,53701730,51474306,51464235,51307389,51298347,51291752,48690079,17377975,0.005967142,10184.0,4544.0,528.0,132.0,2308.0,4224.0,62.0
DSA,65520523,65527650,65538828,65584391,60981756,31570139,18541009,18494034,18477720,18476158,18450165,18428967,0.005743305,9906.0,844.0,398.0,132.0,1600.0,3044.0,48.0
Dilithium,17347673,17384932,17398619,17397728,17395469,17430045,17468013,17484982,17500698,17532610,17544207,17546586,0.005363295,10113.333333333334,3506.6666666666665,453.3333333333333,132.0,1836.0,3437.3333333333335,53.333333333333336
SPHINCS,3064551649,3064596714,3054620924,3053981185,3053960825,3030998792,3030956667,3030956585,3022313531,3018554382,3018056004,3018039137,0.93709193,10455.934426229509,5915.672131147541,799.7377049180328,132.0,2284.7868852459014,4185.311475409836,67.54098360655738
DSA,50408868,50432771,18648429,18621838,18612458,18604875,18602611,18602903,18601704,18597696,18602490,18586427,0.005625453,9840.0,1536.0,492.0,132.0,2308.0,4224.0,56.0
SPHINCS,2496728755,2496740657,2496761818,2472790691,2472806563,2472820070,2470518204,2446604898,2446586604,2446570795,2446556794,2446541283,0.737392181,10457.567010309278,5843.134020618557,804.7422680412371,132.0,2308.0,4224.0,67.91752577319588
DSA,62488515,62459364,62452495,42626443,42627084,42617618,42632127,18141290,16859029,16581742,16583774,16012359,0.005155924,9972.0,152.0,304.0,132.0,892.0,1864.0,40.0
SPHINCS,391837348,391818512,391817156,391792367,391766337,391747325,388766971,388748268,358208626,345514485,342425646,328062167,0.099009495,10442.105263157895,5840.8421052631575,786.1052631578947,132.0,2308.0,4224.0,64.0
Falcon,192760292,192773144,192798757,192827975,192914225,192973427,192999942,193009540,156355874,143695799,142130276,142100029,0.043243227,10464.0,6016.0,808.0,132.0,2308.0,4224.0,64.0
Dilithium,62631651,62644545,59535174,59557149,59589627,32033151,31999643,31988672,31988241,20708730,20395339,17163123,0.005787191,10218.0,2764.0,556.0,132.0,1600.0,3044.0,52.0
Falcon,94095790,94108639,93962657,92038444,92052420,91875572,91876887,53887804,53844031,50916389,41645719,41607883,0.013431839,10347.111111111111,5037.333333333333,689.7777777777778,132.0,2150.6666666666665,3961.777777777778,64.44444444444444
Dilithium,75356919,62090216,62091744,62070033,62068086,62047590,60951918,60932566,60926103,60616693,31520412,17199670,0.005715133,10218.0,3148.0,556.0,132.0,1600.0,3044.0,50.0
Dilithium,84572428,81283508,78051528,77320940,77227378,69411819,68336103,56213449,56198220,56175972,17668325,17259863,0.005740761,9904.0,3456.0,248.0,132.0,2308.0,4224.0,64.0
Falcon,206981105,202644257,200328936,196848313,195878571,195876564,195140135,194672542,194683138,194725650,194738753,194740173,0.058328155,10376.333333333334,5399.333333333333,719.3333333333334,132.0,2190.0,4027.3333333333335,58.666666666666664
DSA,50513775,50534968,50554691,50589152,50611517,50645488,50667175,50686931,50699228,50708973,50749389,50780336,0.016698544,10464.0,6016.0,808.0,132.0,2308.0,4224.0,64.0
DSA,28186831,23412587,21935258,21943327,19205609,19210203,19227095,19245463,19256061,19258028,19260411,19268426,0.005663572,9904.0,3456.0,248.0,132.0,2308.0,4224.0,64.0
Dilithium,61236105,61287698,61317588,61339988,61345558,61360268,61392355,61409864,61428374,61441172,61447820,61453227,0.020596163,9904.0,3584.0,248.0,132.0,2308.0,4224.0,60.0
SPHINCS,2780289620,2780265104,2780289476,2780308479,2780338691,2780344944,2780366958,2780392426,2780416719,2780435843,2780437787,2780448914,0.86550987,10461.254901960785,5749.333333333333,805.2549019607843,132.0,2308.0,4224.0,67.96078431372548
DSA,60815251,60857137,60859263,56589121,56590082,56585816,52381128,47968719,47916043,47905049,47931868,16862417,0.005096232,9972.0,152.0,304.0,132.0,892.0,1864.0,40.0
SPHINCS,1920959602,1920987624,1921018516,1921039776,1921079237,1921095793,1921110969,1921122397,1921145626,1883112222,1881583840,1880748036,0.565733799,10460.55944055944,5846.097902097902,804.4755244755245,132.0,2298.097902097902,4207.4965034965035,63.83216783216783
DSA,64591737,64609893,41473065,40966558,40956016,40942194,18863920,18795605,18771182,18753342,18739680,18742749,0.005891737,9904.0,3456.0,248.0,132.0,2308.0,4224.0,60.0
Dilithium,19025460,19029512,19021953,19018729,19027817,19037935,19061565,19116778,19174656,19190828,19230705,19236923,0.005655634,10152.0,2572.0,490.0,132.0,1600.0,3044.0,54.0
SPHINCS,661554982,649703522,649700343,649661460,599652373,599623867,598766548,598762349,598753268,590519986,590472933,590436349,0.178922565,10464.0,5840.8421052631575,808.0,132.0,2308.0,4224.0,64.0
Falcon,211307955,211340097,211370607,211385778,211382844,211388906,211403211,211412707,211464843,211512244,211530851,211543288,0.064915689,10444.32,5781.44,787.84,132.0,2251.36,4129.6,63.2
Falcon,204836797,204590031,203641714,200942592,200938262,200929162,200713966,154950004,154928667,143964127,142055584,141903657,0.042048529,10417.333333333334,5813.333333333333,761.3333333333334,132.0,2308.0,4224.0,60.0
Falcon,110135235,110151207,110167339,110196323,110210742,110255581,110269758,110313650,110363550,110374885,110378981,110388738,0.033918143,10464.0,5888.0,808.0,132.0,2308.0,4224.0,60.0
SPHINCS,2930888602,2930647523,2930436177,2927565954,2927569546,2926278338,2926267622,2926262936,2926265909,2926250695,2879160843,2879113201,0.892869573,10464.0,6016.0,808.0,132.0,2308.0,4224.0,60.0
SPHINCS,4098630929,4098634821,4098621383,4098635454,4098613539,4098582472,4098594370,4098597637,4048741445,4048670564,4048657019,4048651141,1.24778339,10464.0,5990.0,808.0,132.0,2308.0,4224.0,64.0
SPHINCS,365976561,365588024,365583389,365462850,365459388,363223107,363207409,353698233,346045235,346004643,332703709,332408553,0.104041815,10464.0,5952.0,808.0,132.0,2308.0,4224.0,60.0
Falcon,178185612,178212383,178225006,178237065,145899828,145865932,145389498,144936994,134206257,128740107,128714064,128419195,0.041759185,9600.0,4966.222222222223,665.7777777777778,132.0,2150.6666666666665,3512.0,57.333333333333336
Falcon,79356971,79352007,79350170,79336504,79328319,79327410,79322231,79327603,73117619,73102985,73089678,64535942,0.020839931,10308.0,5024.0,635.0,132.0,2308.0,4224.0,63.0
SPHINCS,540100701,538060993,507661456,506072991,495452034,495420365,495393228,495373243,495359760,495346071,495333289,495317930,0.160010109,10437.333333333334,5686.857142857143,781.3333333333334,132.0,2308.0,4224.0,63.80952380952381
DSA,20472725,20508507,20519964,20533083,20558092,20570345,20585621,20605038,20607228,20626853,20631160,20638962,0.006764014,10184.0,3968.0,528.0,132.0,2308.0,4224.0,62.0
SPHINCS,435660773,433509214,433522849,433540331,433522118,433540159,433577484,426230375,425328877,421385571,387945999,387909337,0.127353912,10417.333333333334,5578.666666666667,761.3333333333334,132.0,2308.0,4224.0,64.0
Falcon,114275461,114283727,114282976,113896945,113898905,113741777,113544730,108379071,108348696,108277439,62048919,61738744,0.018176487,10464.0,5888.0,808.0,132.0,2308.0,4224.0,60.0
Falcon,146082024,146105721,146123339,146152575,146176586,146302732,146309419,146314879,146322499,146333851,146350123,146366847,0.047313727,10442.461538461539,5952.0,786.4615384615385,132.0,2308.0,4224.0,67.84615384615384
Falcon,159906116,154549950,154529949,154521235,154525808,154542163,154035797,153655315,153667522,122353119,111931874,101695110,0.030534588,10464.0,5973.333333333333,808.0,132.0,2308.0,4224.0,64.0
DSA,33488276,33507202,33494030,33509665,33518974,33523585,33535479,33545897,33558835,33566476,33570635,33572891,0.010324704,10464.0,6144.0,808.0,132.0,2308.0,4224.0,64.0
Falcon,195107582,195069132,194507553,194258158,194250148,188248551,188181935,180998457,175874233,168618916,164573043,149552541,0.048326244,10414.8,5365.6,757.6,132.0,2166.4,3988.0,58.8
Falcon,156219788,156219637,118775058,118757038,118757631,118750501,118743008,118731327,118692114,118695648,106525757,106498011,0.032935714,10455.2,5947.733333333334,799.2,132.0,2308.0,4224.0,60.0
Falcon,166115180,164155304,163259780,163254888,163261282,161799718,161833350,159019791,157178913,157173823,157174949,157160246,0.047100978,10324.0,5376.0,668.0,132.0,2308.0,4224.0,70.0
Dilithium,94516738,70579491,70563806,70575308,58034096,57430103,49202149,49196039,48979469,46800690,46785421,21341573,0.006589381,9904.0,3200.0,248.0,132.0,2308.0,4224.0,56.0
SPHINCS,5336893177,5334093505,5334092387,5333517002,5333517405,5333512318,5333513596,5333509347,5333497307,5332940799,5332932590,5332431440,1.749284277,10464.0,5878.44776119403,808.0,132.0,2308.0,4224.0,64.0
Falcon,168710778,168721660,168742711,168749713,168774233,168755436,150318817,150284720,150269206,150264933,150254983,117836011,0.035641613,10464.0,6016.0,808.0,132.0,2308.0,4224.0,60.0
SPHINCS,2563238149,2563268193,2563290393,2563331869,2563365116,2563382390,2563419320,2563447874,2563512285,2563549626,2563589599,2563604954,0.845504962,10459.675,5982.4,803.675,132.0,2308.0,4224.0,63.95
Falcon,96468516,96145473,96083867,80866703,78539092,78521167,78504070,78492085,57266711,57230565,57214066,52282963,0.017124188,10464.0,6016.0,808.0,132.0,2308.0,4224.0,64.0
Dilithium,44782984,28619411,25722103,17309725,17244510,17207270,17170697,16926465,16867243,16852192,16791036,16762266,0.00506613,9938.0,2188.0,276.0,132.0,1600.0,3044.0,52.0
Falcon,103181459,102492967,102494574,66978420,62843289,62813028,62785293,62814035,62455177,54542717,42008546,41988781,0.013041644,10184.0,4544.0,528.0,132.0,2308.0,4224.0,68.0
Falcon,106670290,106706131,106718547,106737891,106767627,106788240,106795605,106811211,106825482,106844240,106863569,106872633,0.035276243,10324.0,5504.0,668.0,132.0,2308.0,4224.0,60.0
DSA,56832651,53153398,53153886,45640436,44597097,44612180,44605144,44637209,43853851,43875797,18457055,18458091,0.005649503,9904.0,3456.0,248.0,132.0,2308.0,4224.0,60.0
DSA,46067899,46060443,46073604,45676919,45671119,38484486,38403885,35196215,34948464,22924632,16402091,16355133,0.005346863,9840.0,640.0,508.0,132.0,2308.0,4224.0,52.0
Falcon,168440327,168451172,168455211,168475534,168473222,168461653,168446265,168409611,168369928,168342476,168322433,168285918,0.050037368,10464.0,6016.0,808.0,132.0,2308.0,4224.0,64.0
SPHINCS,2813898719,2811882798,2809806519,2792415507,2792375950,2780596925,2778247882,2768769248,2766019339,2766016127,2765992627,2765860755,0.904248545,10460.025477707006,5946.700636942675,805.9872611464968,132.0,2308.0,4224.0,59.97452229299363
DSA,72733614,72711704,72583531,70001541,67753124,27775067,27721729,27701348,27685064,23569674,18741279,18707331,0.00565772,10464.0,6016.0,808.0,132.0,2308.0,4224.0,64.0
Dilithium,66124410,65810531,65824959,72971379,95170006,92578173,92578049,92571850,92455014,65884286,67315131,69359088,0.020977531,9904.0,4224.0,248.0,132.0,2308.0,4224.0,60.0
DSA,74478752,74479755,74486883,74359414,74371033,74376373,73948956,71050178,29737381,29728623,29685353,18055776,0.005512404,10464.0,6144.0,808.0,132.0,2308.0,4224.0,64.0
Dilithium,65913871,65894823,65604373,65595371,63375018,61141045,61110044,61092927,61092760,61075907,64199906,71995801,0.022250142,9904.0,4096.0,248.0,132.0,2308.0,4224.0,60.0
Falcon,189643180,189687961,189714621,189771957,189803952,189830362,189864863,189895526,189918447,189939952,189955020,189967355,0.058450256,10417.333333333334,5802.666666666667,761.3333333333334,132.0,2308.0,4224.0,60.0
Dilithium,71025111,71021415,71013690,71003487,70994109,56127950,56105186,56107141,56098565,56100562,56103277,16946062,0.005098185,9904.0,4224.0,248.0,132.0,2308.0,4224.0,60.0
SPHINCS,2861220637,2854527972,2854498950,2854496599,2854494403,2853251549,2853149684,2853125778,2853128716,2853131453,2853128369,2853125463,0.915271813,10461.722222222223,5861.444444444444,805.6666666666666,132.0,2301.4444444444443,4213.074074074074,63.888888888888886
SPHINCS,414531034,414553265,414577968,414589136,414618406,414634685,414662747,414676767,414677906,414689649,414701968,414711115,0.139941517,10440.666666666666,5701.333333333333,784.6666666666666,132.0,2308.0,4224.0,64.0
Falcon,188856544,188844487,188063485,185573876,185568630,185548435,185549513,185539228,147822663,147786262,147773273,139843746,0.043472678,10426.666666666666,5845.333333333333,770.6666666666666,132.0,2308.0,4224.0,60.0
DSA,40156768,40178390,40182130,40154077,40122277,18681844,18671056,18649242,18657772,18636131,18630780,18615468,0.005498046,9840.0,1024.0,492.0,132.0,2308.0,4224.0,56.0
Falcon,83908185,78284992,78276343,78284214,78314050,49114745,44642502,44631127,44613416,44610496,44596511,42188200,0.012916861,9840.0,2048.0,116.0,132.0,2308.0,4224.0,56.0
Falcon,237957317,237983922,238011892,237974157,207212504,205511382,205430149,202903811,202914105,202916676,202932584,202894823,0.060800888,10464.0,5824.0,808.0,132.0,2308.0,4224.0,64.0
Falcon,124058734,124082255,124099626,120174403,118004571,117995822,117982417,117984298,113739416,110871756,110653578,75591347,0.023115728,10324.0,5472.0,668.0,132.0,2308.0,4224.0,63.0
