label,CPU0_cycles,CPU1_cycles,CPU2_cycles,CPU3_cycles,CPU4_cycles,CPU5_cycles,CPU6_cycles,CPU7_cycles,CPU8_cycles,CPU9_cycles,CPU10_cycles,CPU11_cycles,elapsed_time,VmSize,VmRSS,VmData,VmStk,VmExe,VmLib,VmPTE
Dilithium5.out,87552848,86186417,84782942,84596328,84604145,80926346,42595172,42553004,42524800,42517524,42506841,42480310,0.012900647,9904.0,3072.0,248.0,132.0,2308.0,4224.0,64.0
Dilithium5.out,68268995,65742787,62222478,62195739,39529752,37742776,26915246,17644923,17566982,17539729,17055209,17031006,0.005377796,10332.0,4992.0,676.0,132.0,2308.0,4224.0,60.0
Dilithium5.out,47807453,47828276,47832624,47828246,47845160,47846514,18447161,18377163,18360463,18347359,18319774,18277424,0.005475369,10464.0,5120.0,808.0,132.0,2308.0,4224.0,60.0
Dilithium5.out,74031417,69446082,69435292,69434641,69427027,69412264,41061401,46414840,46190738,46191188,44784202,44770224,0.013750153,9904.0,4224.0,248.0,132.0,2308.0,4224.0,64.0
Dilithium5.out,64402474,62961242,62915058,62858809,62878328,55732969,17858826,17799558,17757467,17728776,17713258,17706599,0.00526295,10464.0,5120.0,808.0,132.0,2308.0,4224.0,64.0
Dilithium5.out,59617722,59649804,59656954,59667691,59684857,59695086,59702303,59741992,59750544,59762922,59798876,59825171,0.018579431,9840.0,1920.0,116.0,132.0,2308.0,4224.0,56.0
Dilithium5.out,70556841,69807077,67862811,67441937,66602111,66590352,26734209,26184032,26168813,26140901,24551492,17445233,0.005404776,9904.0,4096.0,248.0,132.0,2308.0,4224.0,60.0
Dilithium5.out,67055627,59787947,58967060,58953825,58734141,54725694,27893899,27844751,27799542,27795493,20202003,19520234,0.006090177,9904.0,4096.0,248.0,132.0,2308.0,4224.0,60.0
Dilithium5.out,57734440,57702465,56843068,56823293,56823748,56808710,20350638,20304364,20286229,20266990,20078787,17740206,0.005499323,10464.0,6016.0,808.0,132.0,2308.0,4224.0,64.0
Dilithium5.out,16841645,16880352,16872117,16884935,16903901,16899150,16911161,16922162,16930081,16943635,16955765,16955220,0.005158966,9904.0,4096.0,248.0,132.0,2308.0,4224.0,60.0
Dilithium5.out,61638045,59067479,53536554,53518456,53527042,53531111,17967259,17920573,17899532,17893480,17884805,17850177,0.005693237,10464.0,6144.0,808.0,132.0,2308.0,4224.0,68.0
Dilithium5.out,69488517,73185365,73170782,73215188,74454607,73843188,74663814,73720318,73708806,73707446,73696827,71966992,0.02308521,9904.0,2944.0,248.0,132.0,2308.0,4224.0,60.0
Dilithium5.out,26591165,26649701,26662458,26698534,26728673,26760796,26784051,26804187,26816861,26832814,26849182,26853564,0.008805848,9904.0,4224.0,248.0,132.0,2308.0,4224.0,64.0
Dilithium5.out,29411926,29460144,29475614,29494189,29507740,29516604,29531557,29552998,29569899,29590349,29599698,29633732,0.009830165,9904.0,3584.0,248.0,132.0,2308.0,4224.0,68.0
Dilithium5.out,90290879,90282756,90286087,90281263,64497711,63825573,28402755,26570285,25799258,18384759,18341920,18318481,0.005990141,0,0,0,0,0,0,0
Dilithium5.out,63306447,58454869,54316449,47585332,30301877,30285782,18522823,17863712,17844831,17570277,17554433,17547268,0.005743844,10180.0,4864.0,524.0,132.0,2308.0,4224.0,60.0
Dilithium5.out,17100803,17142322,17151922,17158591,17182907,17206063,17212489,17224605,17232107,17244432,17251872,17251980,0.005568887,9904.0,3584.0,248.0,132.0,2308.0,4224.0,64.0
Dilithium5.out,71300040,71304163,71303589,71281408,44982024,44820764,33130338,30181090,25166578,25112735,25091608,19551208,0.006291082,9904.0,3456.0,248.0,132.0,2308.0,4224.0,60.0
Dilithium5.out,75604843,75632470,75684764,75735217,75744309,75735548,52738777,52746368,54464705,54808543,56210840,51720437,0.015714634,9840.0,1664.0,492.0,132.0,2308.0,4224.0,60.0
Dilithium5.out,52483078,52506208,52499090,52507044,52524693,52529462,52543855,52561592,52594017,52604053,52615439,52618086,0.017358472,10332.0,4992.0,676.0,132.0,2308.0,4224.0,64.0
Dilithium5.out,48253109,48248563,48022528,48028269,43053532,42078989,17510952,17490062,17471191,17458921,17459846,17463843,0.005416415,9904.0,4352.0,248.0,132.0,2308.0,4224.0,60.0
Dilithium5.out,62555341,62602860,62624969,62646077,62669923,62684995,62702282,62718542,62735805,62749150,62760613,62768295,0.020883737,9840.0,1280.0,492.0,132.0,2308.0,4224.0,56.0
Dilithium5.out,62163107,60357060,60349864,59939884,56240562,56238545,20320856,20275024,19189875,19186176,19182132,19161327,0.006328119,9904.0,3456.0,248.0,132.0,2308.0,4224.0,60.0
Dilithium5.out,61561185,59513737,56252102,56260679,54883161,54872236,22337000,22293929,22281904,22245157,22075610,18005206,0.005463197,10464.0,5120.0,808.0,132.0,2308.0,4224.0,60.0
Dilithium5.out,64225828,64097287,63946071,63940612,56308042,56272202,26356994,20474463,20179802,18006814,17976491,17947922,0.005745161,10464.0,5120.0,808.0,132.0,2308.0,4224.0,64.0
Dilithium5.out,17060129,17115787,17144225,17150078,17187848,17197749,17216953,17236301,17255398,17257044,17242417,17244125,0.005390321,10464.0,6016.0,808.0,132.0,2308.0,4224.0,60.0
Dilithium5.out,29546627,29574850,29623403,29641749,29659931,29681456,29701672,29721585,29741090,29752307,29763719,29777283,0.009695949,0,0,0,0,0,0,0
Dilithium5.out,67377080,67369335,66153402,66139045,65826498,65812659,33003537,32964338,32118785,31877426,21308956,17780382,0.005862032,10332.0,4992.0,676.0,132.0,2308.0,4224.0,68.0
Dilithium5.out,67089365,66949322,66949769,62031833,62021905,62010531,25073366,24983785,24959176,20242298,19119725,19087965,0.005738956,10180.0,4864.0,524.0,132.0,2308.0,4224.0,64.0
Dilithium5.out,65646660,61948356,65104215,65103704,65109945,64857132,73592449,73605690,73595069,73580971,73843550,63550272,0.020600541,9904.0,4224.0,248.0,132.0,2308.0,4224.0,60.0
Dilithium5.out,55739203,54509962,52437515,52434251,47166166,47128908,17640928,17594195,17584110,17568357,17561648,17536062,0.00530466,10184.0,5120.0,528.0,132.0,2308.0,4224.0,64.0
Dilithium5.out,64142821,64152249,64157354,64165439,64167174,64184787,19317656,19275344,19266040,19261613,19266300,19268129,0.005835232,9904.0,4224.0,248.0,132.0,2308.0,4224.0,60.0
Dilithium5.out,59471600,59480559,59485070,59487757,59596746,64139819,51900535,51850225,51804943,51793423,51777784,51767331,0.015931251,9904.0,4224.0,248.0,132.0,2308.0,4224.0,64.0
Dilithium5.out,73989386,72867499,72867585,72351730,72340783,72345769,33910206,31203653,31174277,22081559,21880157,18043771,0.00599773,0,0,0,0,0,0,0
Dilithium5.out,59053626,59044248,59040274,59056795,59064703,59113500,30347772,30083195,29553761,18579995,18559682,18567826,0.006183582,0,0,0,0,0,0,0
Dilithium5.out,48714168,48742281,48774389,48769538,48780641,48789119,48803647,48783992,48797285,48808757,48819291,48879116,0.01482759,10464.0,5120.0,808.0,132.0,2308.0,4224.0,60.0
Dilithium5.out,41247562,41272928,41286761,41303703,41313882,41321782,41338919,41356696,41371221,41380322,41390569,41392900,0.012934472,9840.0,1664.0,492.0,132.0,2308.0,4224.0,56.0
Dilithium5.out,55620789,55646637,55648093,55660206,55685016,55710737,55770891,55788992,55800404,55822165,55836839,55859001,0.016750354,0,0,0,0,0,0,0
Dilithium5.out,60733652,54334670,54316343,54305357,54277006,54261444,35658920,35620544,35604770,23869928,17200454,17145184,0.005700047,9840.0,1280.0,492.0,132.0,2308.0,4224.0,56.0
Dilithium5.out,27594788,27618944,27650727,27663647,27684343,27694681,27706810,27715053,27726678,27740908,27755685,27756081,0.009062378,9840.0,2048.0,116.0,132.0,2308.0,4224.0,56.0
Dilithium5.out,27966982,27987455,27978358,27999676,28066501,28078843,28099300,28082535,28092141,28111833,28134236,28139000,0.00908844,9904.0,4224.0,248.0,132.0,2308.0,4224.0,60.0
Dilithium5.out,51935141,51727103,49981933,49993615,48581922,47408001,41671051,37797562,37770992,17511288,17451703,17434349,0.005608137,7616.0,384.0,420.0,132.0,2308.0,2604.0,48.0
Dilithium5.out,75666580,75694707,75710797,75727270,75743488,75775159,75795349,75819270,75835366,75849766,75861060,75873128,0.024522093,0,0,0,0,0,0,0
Dilithium5.out,17261083,17283415,17294353,17311345,17340777,17352130,17362675,17369812,17375041,17389495,17402778,17404583,0.005496716,0,0,0,0,0,0,0
Dilithium5.out,52623817,52645188,52658271,52698670,52754212,52761989,52782100,52786107,52815139,52845156,52872501,52881756,0.016809409,10464.0,6144.0,808.0,132.0,2308.0,4224.0,64.0
Dilithium5.out,60255163,60331044,60435513,60604694,60762321,60959025,61157361,61293552,61377169,61420610,61446288,61463912,0.020124921,4.0,0.0,0.0,4.0,0.0,0.0,12.0
Dilithium5.out,65442175,58931926,58889559,60837327,62818884,62783096,72838231,72759267,73025596,73179338,73181487,71251960,0.023334606,9828.0,384.0,420.0,132.0,2308.0,4224.0,48.0
Dilithium5.out,65439177,65475558,65495335,65513771,65531427,65544283,65556059,65376342,65388199,65402035,65410950,65431407,0.021363874,10464.0,5120.0,808.0,132.0,2308.0,4224.0,68.0
Dilithium5.out,105953028,105167108,103058871,103049929,100074053,100060397,72788129,72742026,71408075,23508326,18309731,18250068,0.005909247,9904.0,3584.0,248.0,132.0,2308.0,4224.0,64.0
Dilithium5.out,19113407,19129899,19135506,19145957,19145054,19145903,19150690,19144103,19147245,19153651,19164049,19161898,0.006181525,9840.0,1536.0,492.0,132.0,2308.0,4224.0,52.0
Dilithium5.out,80527252,80975082,84143854,84162194,87319260,88273243,61472730,60634349,60608835,86241522,88734129,88862658,0.028810779,9904.0,3968.0,248.0,132.0,2308.0,4224.0,60.0
Dilithium5.out,17733786,17783722,17824970,17843776,17848749,17839839,17863778,17873106,17884979,17896141,17906047,17917971,0.005784491,9904.0,4224.0,248.0,132.0,2308.0,4224.0,64.0
Dilithium5.out,53037743,51187821,46765481,46377327,46363834,46345450,30784581,30740703,28928183,18596380,18483302,17146438,0.005631721,9904.0,2688.0,248.0,132.0,2308.0,4224.0,64.0
Dilithium5.out,18287451,18317504,18326390,18342311,18354497,18363942,18408030,18437028,18491663,18521515,18549250,18553614,0.005987346,9904.0,4096.0,248.0,132.0,2308.0,4224.0,64.0
Dilithium5.out,35717385,35743705,35759832,35770097,35758580,35768827,35839096,35854615,35863605,35881636,35890857,35894223,0.011029936,9904.0,3456.0,248.0,132.0,2308.0,4224.0,64.0
Dilithium5.out,48118621,48140874,48150846,48164278,48177690,48186720,48204388,48218507,48211512,48219843,48226000,48226034,0.015013679,9840.0,2048.0,116.0,132.0,2308.0,4224.0,56.0
Dilithium5.out,58158540,58184000,58205124,58238168,58252439,58261731,58292790,58304577,58318460,58334183,58344885,58351493,0.017687275,9828.0,640.0,496.0,132.0,2308.0,4224.0,60.0
Dilithium5.out,65476370,60255965,60239818,60233044,60274540,60254837,21648354,18079099,18048293,18030775,18004632,17974507,0.005604262,9904.0,3456.0,248.0,132.0,2308.0,4224.0,60.0
Dilithium5.out,56050520,56046414,56049577,56071203,56077631,56097677,18861365,18822462,18811453,18818416,18816950,18805728,0.005781695,9904.0,3584.0,248.0,132.0,2308.0,4224.0,60.0
Dilithium5.out,59816122,59969162,60149578,60330764,60437924,60531486,60589961,60667206,60730099,60771821,60803934,60854862,0.018690652,9904.0,3456.0,248.0,132.0,2308.0,4224.0,60.0
Dilithium5.out,48199164,48270404,48285246,48302689,48315291,48326853,48337233,48350980,48348746,48352621,48363436,48371842,0.016032078,10184.0,4736.0,528.0,132.0,2308.0,4224.0,64.0
Dilithium5.out,73561664,71614571,65312597,65255284,65267777,65187986,31142760,31100732,31112467,31074369,19980703,19924776,0.006202881,9904.0,3584.0,248.0,132.0,2308.0,4224.0,64.0
Dilithium5.out,55895131,55877965,55869759,55746197,55815033,55390254,23961020,22687404,22683946,22680422,17885756,17855939,0.0057535,10180.0,4864.0,524.0,132.0,2308.0,4224.0,60.0
Dilithium5.out,27723149,27733141,27730434,27736230,27755397,27759551,27772499,27779227,27773925,27779865,27792146,27794582,0.008606791,10332.0,4992.0,676.0,132.0,2308.0,4224.0,60.0
Dilithium5.out,64260993,63439106,63436018,63397700,63397539,63388092,20804474,20688190,19421542,17941934,17916540,17881651,0.005577337,9972.0,152.0,304.0,132.0,892.0,1864.0,40.0
Dilithium5.out,61037320,61084345,61105504,61132553,61159211,61188648,61213049,61221100,61238370,61250977,61267391,61273930,0.019759141,9972.0,152.0,304.0,132.0,892.0,1864.0,40.0
Dilithium5.out,38627878,38642276,38651864,38656876,38659175,37701540,35957503,36744252,34550209,38180284,38180543,39125811,0.012602144,10464.0,6016.0,808.0,132.0,2308.0,4224.0,68.0
Dilithium5.out,64416502,64403010,63701116,63416956,60348813,46175676,21558952,18582964,18031303,18009341,17985922,17958910,0.005780413,10184.0,5120.0,528.0,132.0,2308.0,4224.0,66.0
Dilithium5.out,63756387,63801346,63798872,63802110,63802225,63792813,26419709,26370454,22123874,22050406,20376784,18170334,0.005518492,10152.0,3392.0,650.0,132.0,2308.0,4224.0,60.0
Dilithium5.out,58631835,56091771,56095011,56109741,54834089,52985158,19400776,19345319,19321206,18888822,17538511,17516679,0.005585465,9904.0,3328.0,248.0,132.0,2308.0,4224.0,60.0
Dilithium5.out,37655087,37672154,37690057,37705464,37727393,37734309,37755370,37775373,37793429,37802656,37816275,37824168,0.011656881,9904.0,3456.0,248.0,132.0,2308.0,4224.0,56.0
Dilithium5.out,19798081,19812919,19818892,19823410,19835127,19842011,19859159,19893038,19935689,19962099,19968556,19916175,0.006110747,9840.0,1536.0,492.0,132.0,2308.0,4224.0,56.0
Dilithium5.out,47575859,44751290,44176395,42542765,42534596,42523709,23264720,17977090,17933056,17910655,17881834,17861548,0.005753423,9840.0,1024.0,492.0,132.0,2308.0,4224.0,56.0
Dilithium5.out,44839129,44866955,44877751,44891622,44908484,44920666,44942364,44963057,44975787,44983578,44972590,44968809,0.014440509,10184.0,4672.0,528.0,132.0,2308.0,4224.0,62.0
Dilithium5.out,53038558,53075470,53112728,53127468,53141530,53145653,53155835,53183363,53195923,53209379,53222183,53222960,0.016596448,9904.0,3712.0,248.0,132.0,2308.0,4224.0,60.0
Dilithium5.out,44582020,44613043,44621606,44631311,44657642,44639834,44664101,44684796,44698668,44707696,44740722,44744211,0.014129203,9904.0,4224.0,248.0,132.0,2308.0,4224.0,64.0
Dilithium5.out,49152217,49184822,49201235,49217853,49219228,49255363,49275495,49288651,49306362,49319303,49331085,49998007,0.016043994,9904.0,4224.0,248.0,132.0,2308.0,4224.0,60.0
Dilithium5.out,37044081,37069965,37085584,37098693,37120968,37143035,37169705,37189156,37205843,37217407,37234960,37242072,0.012031607,9772.0,2304.0,116.0,132.0,2308.0,4224.0,56.0
Dilithium5.out,55004864,54997057,55015060,55041368,55060411,55074826,55095469,55141442,55062977,55073226,55085188,55093374,0.017247473,10398.0,5504.0,742.0,132.0,2308.0,4224.0,60.0
Dilithium5.out,17671605,17684317,17689345,17702836,17705577,17722032,17731400,17740868,17743673,17743763,17734011,17748472,0.005621427,9904.0,3456.0,248.0,132.0,2308.0,4224.0,60.0
Dilithium5.out,61820114,61808612,61798126,61797820,61790325,61790546,29420513,29358853,29334145,28935690,27031257,17568971,0.005830557,9972.0,152.0,304.0,132.0,892.0,1864.0,40.0
Dilithium5.out,58487830,55727364,54147357,53229365,53213417,53209674,42393464,41793989,41766444,41747914,41736007,18920275,0.006274296,9904.0,2944.0,248.0,132.0,2308.0,4224.0,60.0
Dilithium5.out,49576317,48610719,47370463,45645210,45635922,45319683,17601210,17564825,17540337,17511847,17496062,17486220,0.005176044,9904.0,3584.0,248.0,132.0,2308.0,4224.0,60.0
Dilithium5.out,65064111,63079154,63073405,63093446,63099501,63107583,21444434,18212370,18157938,18139726,18123503,18104716,0.005682377,9972.0,152.0,304.0,132.0,892.0,1864.0,44.0
Dilithium5.out,56846942,55133263,57105983,57098793,57087481,48509447,50452304,50445329,52208458,52238552,52964060,52957953,0.016810369,9904.0,3456.0,248.0,132.0,2308.0,4224.0,64.0
Dilithium5.out,69840391,69843129,69848943,69876712,69932318,62871208,22482288,22433123,20948564,19989039,18333147,18319192,0.005658907,9938.0,1612.0,276.0,132.0,1600.0,3044.0,50.0
Dilithium5.out,65031106,64466220,64451887,64452322,64488019,64501629,25376504,20595351,18793235,18766467,18750356,18739504,0.006037578,10136.0,1808.0,472.0,132.0,1364.0,2650.6666666666665,45.333333333333336
Dilithium5.out,70535916,67215566,70355724,70327807,70326607,76320803,73303475,67958700,63820892,63802618,63620343,63622265,0.020638137,10218.0,3084.0,556.0,132.0,1600.0,3044.0,50.0
Dilithium5.out,33284556,32456434,31515979,31504625,31508151,31517120,20831126,19708895,19693321,19680557,19668768,19659433,0.006135865,9972.0,152.0,304.0,132.0,892.0,1864.0,44.0
Dilithium5.out,59539708,57137073,57108701,57093293,52051730,52022366,20539100,20512003,20495501,19802021,19794747,19784297,0.006280418,10184.0,4864.0,528.0,132.0,2308.0,4224.0,62.0
Dilithium5.out,55933033,55967171,55978669,55981795,55969496,55896949,55898013,55911332,55924033,55938067,55949732,55958332,0.018603949,0,0,0,0,0,0,0
Dilithium5.out,61236105,61287698,61317588,61339988,61345558,61360268,61392355,61409864,61428374,61441172,61447820,61453227,0.020596163,10218.0,3148.0,556.0,132.0,1600.0,3044.0,52.0
Dilithium5.out,64976908,63136489,63129065,63063050,62217810,62220438,25363260,22896095,22870956,22851843,19578347,17688283,0.005697863,9904.0,3456.0,248.0,132.0,2308.0,4224.0,60.0
Dilithium5.out,57496087,56606044,56590132,56126560,56062985,49394460,18890931,18836269,18826375,17832116,17462169,17439669,0.005437764,9840.0,1792.0,492.0,132.0,2308.0,4224.0,56.0
Dilithium5.out,23542640,23584564,23600804,23641361,23674878,23693925,23705399,23716337,23723465,23730339,23748752,23754932,0.00743004,10464.0,6144.0,808.0,132.0,2308.0,4224.0,60.0
Dilithium5.out,26084779,26085576,26093107,26107122,26139092,26156153,26184771,26194893,26203513,26241593,26257242,26271399,0.008171834,10332.0,4992.0,676.0,132.0,2308.0,4224.0,60.0
Dilithium5.out,52975459,52343086,52188965,50831422,47201506,47189825,18736156,18686714,18673593,18179749,18164694,18176974,0.005637708,10180.0,4864.0,524.0,132.0,2308.0,4224.0,60.0
Dilithium5.out,56673887,56653965,48787267,48769314,35676712,35619420,25557843,24617281,24605413,20155779,18900354,18875338,0.006393616,9904.0,3456.0,248.0,132.0,2308.0,4224.0,60.0
Dilithium5.out,64943906,64027349,34752877,34716559,31002140,30406846,23091017,18277380,18113990,18104123,18097355,18073522,0.006011759,9904.0,4224.0,248.0,132.0,2308.0,4224.0,64.0
Dilithium5.out,67218586,67226132,67232138,67231957,67204348,64276856,17534267,17448326,17430809,17403633,17385520,17361884,0.005261494,9904.0,3584.0,248.0,132.0,2308.0,4224.0,60.0
Dilithium5.out,59357139,59378809,59392533,59404026,59414013,59424924,59428956,59434934,59448104,59461383,59462507,59475591,0.018618865,10332.0,4992.0,676.0,132.0,2308.0,4224.0,60.0
Dilithium5.out,60933053,60935203,54640357,54634681,54636739,54627141,18952973,18909488,18889914,18869209,18297976,17762376,0.005910034,10184.0,5184.0,528.0,132.0,2308.0,4224.0,60.0
Dilithium5.out,55612862,52760648,52759181,52769183,52792206,52798944,19207696,19178686,19172584,19167031,19160760,18992343,0.005926125,9904.0,3904.0,248.0,132.0,2308.0,4224.0,64.0
Dilithium5.out,62504682,57429190,57412893,57423194,56151692,56151990,19872773,19874482,19904301,19916560,19925758,19900804,0.006062454,10184.0,4416.0,528.0,132.0,2308.0,4224.0,64.0
Dilithium5.out,25646234,25692777,25667833,25688466,25723090,25780720,25848469,25899765,25914259,25928354,25951128,25956938,0.007908809,9840.0,2176.0,116.0,132.0,2308.0,4224.0,60.0
Dilithium5.out,57895133,57922277,57936321,57941646,57960292,57969057,57982359,57996787,58012250,58020949,58025657,58030172,0.019428991,10322.0,5440.0,666.0,132.0,2308.0,4224.0,60.0
Dilithium5.out,53670209,53698832,53709594,53730436,53746759,53749275,53757220,53774341,53789820,53797614,53804684,53792346,0.016883484,9904.0,3968.0,248.0,132.0,2308.0,4224.0,56.0
Dilithium5.out,16823060,16813725,16821415,16825160,16860372,16878058,16885761,16879744,16886406,16882773,16891912,16904129,0.005285136,10180.0,4864.0,524.0,132.0,2308.0,4224.0,60.0
Dilithium5.out,60627461,55733865,55727987,55689944,55684577,56376702,49570398,49589137,49584001,52059053,51114139,51036715,0.016493254,9904.0,4224.0,248.0,132.0,2308.0,4224.0,64.0
Dilithium5.out,62876816,62500393,62492885,62254720,62022173,61299858,18525833,18477326,18461928,18449939,18443179,18418014,0.006107996,10180.0,4864.0,524.0,132.0,2308.0,4224.0,64.0
Dilithium5.out,94008178,88982984,88967568,88846449,90365567,90501855,47859268,39379328,39342165,39801919,39788452,39776086,0.013228808,9904.0,4224.0,248.0,132.0,2308.0,4224.0,60.0
Dilithium5.out,60221847,60208343,60197559,56828601,56838603,43319101,19477133,19437766,19420467,19413651,19402711,19427904,0.00632814,9904.0,4224.0,248.0,132.0,2308.0,4224.0,64.0
Dilithium5.out,32542591,32566612,32585970,32620498,32655007,32687039,32682910,32702506,32710075,32748091,32768602,32788699,0.010700549,9904.0,4224.0,248.0,132.0,2308.0,4224.0,68.0
Dilithium5.out,57286892,56395664,56382786,52495685,52480397,50801623,23339758,19844107,18258031,18237356,18201517,18203103,0.006109661,9904.0,4224.0,248.0,132.0,2308.0,4224.0,60.0
Dilithium5.out,36503945,36502316,36493061,36488300,36478609,24931294,19925988,19886055,18488293,18471576,18462391,18449079,0.006139836,9904.0,4224.0,248.0,132.0,2308.0,4224.0,60.0
Dilithium5.out,59525230,59526644,59529044,58708189,58710024,51113960,19793816,19750209,19733332,19723289,19715163,19719584,0.006566612,10048.0,4736.0,392.0,132.0,2308.0,4224.0,64.0
Dilithium5.out,55859206,53267878,53254710,49297246,49262664,40543808,25667397,22296410,22278888,22015134,17413723,17360949,0.005541631,9904.0,4224.0,248.0,132.0,2308.0,4224.0,64.0
Dilithium5.out,84120131,84127821,84141333,84158719,84176043,78958233,17298112,17240790,17228789,17211298,17198944,17188454,0.005715251,9904.0,4224.0,248.0,132.0,2308.0,4224.0,64.0
Dilithium5.out,82859375,82864370,82870222,82863281,82868376,79731248,35742695,35062796,22904143,19555224,18435299,18406593,0.006091432,9840.0,1536.0,492.0,132.0,2308.0,4224.0,56.0
Dilithium5.out,47901804,38541102,38398884,38383868,38381300,35698936,26872426,26525459,21323816,18064707,16861394,16828991,0.005574255,10332.0,4992.0,676.0,132.0,2308.0,4224.0,60.0
Dilithium5.out,37468734,35231233,24953916,24921346,24907246,19983902,17430285,17403349,17374677,17346377,17325317,17304197,0.005464567,9904.0,4224.0,248.0,132.0,2308.0,4224.0,60.0
Dilithium5.out,31388745,27770821,26799317,26784867,26766953,26744375,26726703,26683999,22564748,22107418,22079757,18976531,0.005857357,9972.0,664.0,304.0,132.0,892.0,1864.0,48.0
Dilithium5.out,32484761,32475728,32455610,32334731,26781733,34729727,34744321,36373833,37065934,37145063,37138617,36369112,0.01149276,9904.0,3328.0,248.0,132.0,2308.0,4224.0,60.0
Dilithium5.out,19668726,17805096,17790528,17812913,17802862,17784042,17797420,17789079,31179441,31196998,31206090,31211533,0.009666228,10184.0,4480.0,528.0,132.0,2308.0,4224.0,60.0
Dilithium5.out,30867694,28218013,28224330,28225408,26219516,26210008,26175907,26161413,26174206,26171988,26180314,26173629,0.00792061,10048.0,4736.0,392.0,132.0,2308.0,4224.0,60.0
Dilithium5.out,30057083,22539080,22482234,22475090,22491288,22481227,22470094,22458379,18241043,18234955,18237166,18218331,0.00551064,9840.0,1536.0,492.0,132.0,2308.0,4224.0,60.0
Dilithium5.out,62365583,62359657,56325091,56299064,56285668,46241088,49701062,49088063,49076762,49066244,54621361,54649841,0.017560932,10332.0,4992.0,676.0,132.0,2308.0,4224.0,64.0
Dilithium5.out,17627285,17632623,17656828,17631375,17633970,17407687,17426554,17446111,17462634,17467466,17467484,17474955,0.005323713,9904.0,4224.0,248.0,132.0,2308.0,4224.0,60.0
Dilithium5.out,21864504,21860172,21872944,21873302,21859809,19885370,19875940,19875566,19843357,19818379,19820560,19818429,0.006312496,9904.0,4224.0,248.0,132.0,2308.0,4224.0,56.0
Dilithium5.out,40250669,37911068,34481184,34474251,34468271,20295360,20281175,20299440,20304850,20308256,20330979,20313676,0.006137592,9904.0,3456.0,248.0,132.0,2308.0,4224.0,60.0
Dilithium5.out,34024730,32441636,32415274,30019560,27992371,24333673,24306544,24247719,22786763,22758600,17715405,17703530,0.005545282,9904.0,3584.0,248.0,132.0,2308.0,4224.0,64.0
Dilithium5.out,42592959,42577673,41093021,41064178,41049764,34354878,34327633,31389357,25516914,25493055,19551430,17285864,0.00593555,9840.0,1152.0,492.0,132.0,2308.0,4224.0,56.0
Dilithium5.out,23586575,22136220,21218865,21213975,21109508,17912388,17905898,17086731,17077059,17068635,17049815,17033734,0.005737791,10184.0,4800.0,528.0,132.0,2308.0,4224.0,60.0
Dilithium5.out,31794067,31754745,30300399,30264813,30244445,17544795,17540258,17513439,17484842,17456620,17431305,17413221,0.005421822,9904.0,3584.0,248.0,132.0,2308.0,4224.0,60.0
Dilithium5.out,69243811,69292381,69311001,69316379,69409464,69485476,69582397,69621154,69718555,69886422,70067379,70247384,0.022252914,10184.0,4736.0,528.0,132.0,2308.0,4224.0,64.0
Dilithium5.out,68569265,68601465,68630935,68654846,68745148,68760764,68776113,68794757,68795595,68804141,68818508,68815170,0.022471048,10184.0,5056.0,528.0,132.0,2308.0,4224.0,64.0
Dilithium5.out,66147585,66163197,63532832,63522493,60391723,60377629,60366868,60360751,60318973,19396178,19274490,19247862,0.0062394,9904.0,4096.0,248.0,132.0,2308.0,4224.0,60.0
Dilithium5.out,69400006,65479514,56063979,35055525,27622303,22409587,22384003,19942929,19920478,19902101,19884255,19867417,0.006693812,9904.0,3968.0,248.0,132.0,2308.0,4224.0,60.0
Dilithium5.out,52212597,52251450,52262971,52298222,52315726,52316253,52326722,52341240,52346063,52353990,52368241,52368266,0.01761361,9904.0,3456.0,248.0,132.0,2308.0,4224.0,60.0
Dilithium5.out,47957517,43888927,42955455,21800019,21794101,21783060,21774134,21765722,21756293,21754005,21762528,21756349,0.006820593,10184.0,4672.0,528.0,132.0,2308.0,4224.0,64.0
Dilithium5.out,35393710,35393223,35387191,35409560,35424602,35423701,35413401,35415326,35390546,35374654,35349062,35349622,0.011613126,9840.0,1280.0,492.0,132.0,2308.0,4224.0,56.0
Dilithium5.out,42572360,42599111,42653868,42682648,42712246,42405983,42428336,42449914,42479819,42501671,42522570,42531554,0.013386159,9904.0,3584.0,248.0,132.0,2308.0,4224.0,60.0
Dilithium5.out,71036868,66583137,65444757,32934625,32886517,30617768,20333294,20298259,20718609,20708826,20063061,18910824,0.005894052,10184.0,4992.0,528.0,132.0,2308.0,4224.0,62.0
Dilithium5.out,56592842,56607434,56632045,56660432,56678836,56686459,56702050,56716596,56728373,56752886,56758591,56762034,0.017965228,9904.0,3456.0,248.0,132.0,2308.0,4224.0,64.0
Dilithium5.out,52212477,52237655,52249860,52275522,52294960,52301577,52323692,52343624,52355177,52367879,52423287,52439895,0.016415696,9904.0,3968.0,248.0,132.0,2308.0,4224.0,60.0
Dilithium5.out,73796056,63109320,63113027,63051170,63021470,63029542,24425609,24395727,24375082,24361409,22093156,18014722,0.00551361,10332.0,4992.0,676.0,132.0,2308.0,4224.0,60.0
Dilithium5.out,64317483,48562275,47271900,47253105,47068466,47062132,17963741,17915669,17899349,17883711,17893916,17879191,0.005298024,10184.0,5120.0,528.0,132.0,2308.0,4224.0,64.0
Dilithium5.out,28358455,28304191,21553409,21504135,20056480,20108192,20119848,19423360,19441524,17869560,17873351,17880138,0.005161412,9904.0,4224.0,248.0,132.0,2308.0,4224.0,64.0
Dilithium5.out,20012299,19768718,19784849,19811156,19858896,19884816,19896889,19940444,19981923,19991959,20009009,20018920,0.006076691,10152.0,3520.0,650.0,132.0,2308.0,4224.0,58.0
Dilithium5.out,59518692,57028166,56187755,37996478,33803362,33631100,26637291,25400512,24834145,18120488,17201171,17185034,0.005789797,9904.0,4224.0,248.0,132.0,2308.0,4224.0,60.0
Dilithium5.out,131602863,120817844,120851397,82466925,82422382,82418218,31195596,31139495,18140354,18100668,18076984,18092927,0.00536372,10184.0,4800.0,528.0,132.0,2308.0,4224.0,62.0
Dilithium5.out,37772146,37795981,37800794,37788147,37754416,37776669,18576171,18537206,18517689,18463603,18426103,18409710,0.005412953,0,0,0,0,0,0,0
Dilithium5.out,44451023,44449724,44445203,44443736,44458714,44461807,36888296,36849657,18720810,18667136,18647075,18603115,0.005335121,10184.0,5184.0,528.0,132.0,2308.0,4224.0,66.0
Dilithium5.out,19285398,19297991,19301716,19213448,19199597,19171802,19155970,19194187,19225330,19215667,19210415,19178603,0.005804745,10464.0,5120.0,808.0,132.0,2308.0,4224.0,60.0
Dilithium5.out,79492403,79502196,79512548,41773257,41739464,41730284,39805882,37870081,29280437,25126061,19196376,18598365,0.00573928,9904.0,3968.0,248.0,132.0,2308.0,4224.0,60.0
Dilithium5.out,18304606,18355600,18366086,18381733,18419795,18443827,18470929,18485686,18500944,18512483,18518997,18528864,0.005617558,10184.0,5184.0,528.0,132.0,2308.0,4224.0,66.0
Dilithium5.out,68278583,68328998,68342913,68370526,68371564,68376714,64060061,58138533,19584457,19543721,19477608,18732900,0.005573521,10184.0,4928.0,528.0,132.0,2308.0,4224.0,60.0
Dilithium5.out,50487781,50485546,50475269,50463883,50456739,50405943,46387097,44014093,20305731,20263467,17893169,17292817,0.005161864,10332.0,4992.0,676.0,132.0,2308.0,4224.0,60.0
Dilithium5.out,61639670,56756171,56748710,55330032,55326374,55319681,54445699,54437844,31914840,19480075,17984519,17958387,0.005740893,10184.0,4800.0,528.0,132.0,2308.0,4224.0,60.0
Dilithium5.out,17949983,17989333,20146209,20164239,20160312,20160694,20178853,20203287,20222316,20225062,20222399,20219638,0.006299323,9904.0,3456.0,248.0,132.0,2308.0,4224.0,60.0
Dilithium5.out,81568104,81620168,81621874,81626057,81599316,81603348,81615901,81623183,34827093,26279151,37087083,37063524,0.01111816,10184.0,5184.0,528.0,132.0,2308.0,4224.0,62.0
Dilithium5.out,78473985,78486850,78489242,78484007,78510386,78504604,78512630,78519022,41104395,28122178,24346542,19457749,0.005950024,9904.0,3968.0,248.0,132.0,2308.0,4224.0,64.0
Dilithium5.out,77990902,76836084,76827837,76820710,76825168,76830208,76871212,76900426,47812837,22198738,20357986,20327631,0.00616123,10332.0,4992.0,676.0,132.0,2308.0,4224.0,60.0
Dilithium5.out,60468181,59584191,59596389,59613742,59233106,59244458,59283918,59308970,21141280,21113862,21134383,21105322,0.006085262,10184.0,4736.0,528.0,132.0,2308.0,4224.0,64.0
Dilithium5.out,127969713,127997471,130168877,93883351,93233295,93211877,93205135,57257460,21382683,20241661,20224989,20209811,0.006621192,10464.0,5888.0,808.0,132.0,2308.0,4224.0,64.0
Dilithium5.out,89152925,89101544,86741085,71596382,67144314,66932384,66998210,35475147,23196080,22150367,21731069,19365691,0.006228377,10180.0,4864.0,524.0,132.0,2308.0,4224.0,60.0
Dilithium5.out,64801138,64810900,64833683,64868119,64935683,64957974,64991777,33452690,20359676,20341577,20343379,20327148,0.006042355,9904.0,4224.0,248.0,132.0,2308.0,4224.0,60.0
Dilithium5.out,57093574,57086964,57103940,57091805,57108705,57150492,57170296,57187937,57197361,57206753,57216002,57221791,0.016943288,10332.0,4864.0,676.0,132.0,2308.0,4224.0,56.0
Dilithium5.out,19689881,19696451,19710792,19730711,19747739,19769018,19798529,19817499,19828232,19836312,19842806,19824098,0.006191347,9904.0,4224.0,248.0,132.0,2308.0,4224.0,56.0
Dilithium5.out,71206783,71215135,71215247,56225698,56200865,56188195,56184299,31306869,18965353,18605206,18111298,18089864,0.005721428,9904.0,4224.0,248.0,132.0,2308.0,4224.0,60.0
Dilithium5.out,66593313,63934592,63936889,44188958,44183343,44179558,40611753,40571285,18089016,18046731,18015835,17983629,0.005466684,10184.0,4992.0,528.0,132.0,2308.0,4224.0,66.0
Dilithium5.out,20603847,20615532,20633709,20644254,20656413,20676604,20719374,20752176,20761171,20775598,20787054,20781314,0.006300221,9904.0,4224.0,248.0,132.0,2308.0,4224.0,60.0
Dilithium5.out,74586716,59953340,59921593,59922673,58745877,58730044,58715905,58673179,21807309,21773201,21757432,21741778,0.00651749,9904.0,3584.0,248.0,132.0,2308.0,4224.0,60.0
Dilithium5.out,18114304,18178242,18192600,18224797,18248252,18253937,18266843,18284374,18281837,18287485,18290499,18283797,0.005380469,9904.0,2944.0,248.0,132.0,2308.0,4224.0,64.0
Dilithium5.out,68173897,58592761,58595302,57118153,51162359,47450532,45833429,45819614,32700132,20405504,18873357,17734565,0.005606994,10464.0,5120.0,808.0,132.0,2308.0,4224.0,64.0
Dilithium5.out,69748083,69774169,69784819,69805655,69827751,69840674,69882706,69901002,57832933,20030087,19989025,19986623,0.006220867,9904.0,3584.0,248.0,132.0,2308.0,4224.0,64.0
Dilithium5.out,41788561,41779526,41766227,41755622,41746018,41711670,41351200,36803873,17066381,17033872,17005319,16982834,0.005210027,9904.0,4224.0,248.0,132.0,2308.0,4224.0,60.0
Dilithium5.out,17268575,17287530,17290638,17300796,17334279,17351938,17358082,17377609,17384740,17390889,17404956,17507874,0.0050982,10464.0,6016.0,808.0,132.0,2308.0,4224.0,64.0
Dilithium5.out,64989995,65016247,65018253,65020039,65022592,65019834,65010342,64981398,19507448,19489152,19499904,19345417,0.005705793,9904.0,3328.0,248.0,132.0,2308.0,4224.0,64.0
Dilithium5.out,86710806,86681246,86587371,84706110,79798564,79061802,79032015,56035820,43406517,17938518,17883972,17848720,0.005553008,9904.0,3968.0,248.0,132.0,2308.0,4224.0,60.0
Dilithium5.out,43716701,43690683,43553565,38773280,36672169,36645245,36615558,35894087,18136889,18103234,18074755,18051923,0.005370528,9904.0,3968.0,248.0,132.0,2308.0,4224.0,60.0
Dilithium5.out,24727916,24745811,24758918,24766182,24784216,24805579,24825061,24854929,24861146,24893365,24912371,24916547,0.007684819,9904.0,4096.0,248.0,132.0,2308.0,4224.0,60.0
Dilithium5.out,69410211,65648841,65626355,65615489,65615151,65584792,65326356,65355464,36701361,24000961,18113914,18070797,0.005811547,9904.0,2688.0,248.0,132.0,2308.0,4224.0,60.0
Dilithium5.out,77189512,61686565,61739143,61821864,61833571,61852781,61856704,61866219,27485500,27436758,18727605,18668121,0.005618276,9904.0,4224.0,248.0,132.0,2308.0,4224.0,64.0
Dilithium5.out,74087740,62135390,63359153,62149252,59080586,59229975,58523651,58647855,25749841,21518512,20547852,20652477,0.006446159,10256.0,5440.0,600.0,132.0,2308.0,4224.0,60.0
Dilithium5.out,60727491,60749717,60562136,60536222,58086664,57525620,55532095,55535309,20350986,20311767,20275819,20232041,0.005995244,0,0,0,0,0,0,0
Dilithium5.out,68613195,67829018,67827345,31307381,31251980,31242411,31228219,31239213,18972282,18942542,18027857,18005720,0.005656031,10048.0,4608.0,392.0,132.0,2308.0,4224.0,60.0
Dilithium5.out,68368002,67134323,67146725,60773259,54558803,54526849,54493109,53816719,24842473,21444780,17748577,17690819,0.005750418,9904.0,3968.0,248.0,132.0,2308.0,4224.0,60.0
Dilithium5.out,17610377,17664345,17684065,17728982,17751863,17768132,17772769,17792460,17796048,17836224,17863855,17898106,0.005363988,9840.0,1664.0,492.0,132.0,2308.0,4224.0,56.0
Dilithium5.out,69179490,65466730,65481165,65488088,57903077,57888887,57895355,57880541,19702582,19688259,19645891,19651319,0.006011826,9840.0,1792.0,492.0,132.0,2308.0,4224.0,56.0
Dilithium5.out,68208493,60276726,60264659,30586653,30573133,30579671,30562863,30555737,18209737,18152381,18131942,18113787,0.005652091,9904.0,3456.0,248.0,132.0,2308.0,4224.0,60.0
Dilithium5.out,74674701,74702460,74717377,74732374,74741696,74777692,74795809,74825028,22166430,22094720,22081348,22062964,0.006469252,9904.0,3456.0,248.0,132.0,2308.0,4224.0,60.0
Dilithium5.out,72542918,72595098,72635579,72666075,72682806,72681395,72687231,72699088,20885508,19561783,18208589,18174510,0.005493192,10464.0,6016.0,808.0,132.0,2308.0,4224.0,64.0
Dilithium5.out,105378513,105383473,105381644,105381983,105398915,105401005,105395180,67390208,27920261,27874255,17900123,17836246,0.005560244,9840.0,1280.0,492.0,132.0,2308.0,4224.0,60.0
Dilithium5.out,72986012,73000559,73035506,73063999,73091608,73102315,73119518,73130803,73152723,73167479,73185659,73191924,0.021512916,9904.0,3456.0,248.0,132.0,2308.0,4224.0,60.0
Dilithium5.out,68268199,68281854,68293473,68319074,68339795,68342631,68354565,68368135,68386187,68409449,68424985,68437043,0.021014351,9904.0,4224.0,248.0,132.0,2308.0,4224.0,60.0
Dilithium5.out,48555850,48579389,48594151,48620261,48637275,48645597,48651851,48665451,48682357,48699234,48711867,48717460,0.015252031,10332.0,4992.0,676.0,132.0,2308.0,4224.0,60.0
Dilithium5.out,80645045,73168279,48585392,47997942,39996502,39965720,39967823,39950209,47892624,48145382,48933412,42581179,0.014201132,10048.0,4608.0,392.0,132.0,2308.0,4224.0,64.0
Dilithium5.out,58791861,58793518,46355657,44685599,44676307,44485026,44474767,44471552,22356399,19576488,19558289,19535946,0.006294473,9904.0,4224.0,248.0,132.0,2308.0,4224.0,60.0
Dilithium5.out,63080850,59101474,42603155,42595502,42598767,42591973,42595893,42592794,18188096,18157714,18183159,18165052,0.005841223,10464.0,5120.0,808.0,132.0,2308.0,4224.0,64.0
Dilithium5.out,67228759,65485397,32636998,32601195,32557344,32537254,32525748,32513971,20607093,17871484,17825371,17825694,0.005920149,9904.0,3456.0,248.0,132.0,2308.0,4224.0,60.0
Dilithium5.out,73116031,73110002,38108888,36921201,36919879,35817153,35801705,35790484,26481708,22061617,17792126,17769966,0.005910211,9904.0,3968.0,248.0,132.0,2308.0,4224.0,60.0
Dilithium5.out,50851926,50874863,50894003,50918291,50932442,50942422,50957350,50978363,50985988,50978120,50937671,50939595,0.016994242,9904.0,4224.0,248.0,132.0,2308.0,4224.0,60.0
Dilithium5.out,66993547,60198232,57015010,56994336,55854846,55847108,55832136,55529519,21460343,18882114,18403635,17411685,0.00569754,0,0,0,0,0,0,0
Dilithium5.out,57240722,54698124,48001199,47987588,47977485,47966368,47949960,47951150,19015813,18972814,18951807,18275919,0.005888434,9904.0,4224.0,248.0,132.0,2308.0,4224.0,64.0
Dilithium5.out,55642740,55660858,55679856,55704331,55719727,55731199,55758305,55784115,55809639,55838317,55855042,55871432,0.018662548,10332.0,4992.0,676.0,132.0,2308.0,4224.0,64.0
Dilithium5.out,18843679,18837884,18814111,18840071,18885135,18895451,18889518,18884033,18892034,18907439,18846980,18850301,0.006085246,9904.0,4352.0,248.0,132.0,2308.0,4224.0,64.0
Dilithium5.out,68896114,68893447,33191596,33126517,33129791,24430260,24431392,24259283,24243415,24233539,17940280,17912065,0.005959123,10464.0,6144.0,808.0,132.0,2308.0,4224.0,64.0
Dilithium5.out,65905059,56629403,28584574,24565834,23515439,21430139,21407911,21393186,21371222,18650642,18311131,18271669,0.006056258,10180.0,4864.0,524.0,132.0,2308.0,4224.0,60.0
Dilithium5.out,58173031,49469368,36606039,36564879,30773063,18828508,18774031,18745938,18595010,18231593,18035816,18016158,0.005959791,0,0,0,0,0,0,0
Dilithium5.out,40848452,38170248,36546011,33934766,33390725,23257990,23232541,23222078,23211615,23173810,23151746,20080185,0.006522971,9904.0,3200.0,248.0,132.0,2308.0,4224.0,60.0
Dilithium5.out,39360951,39368874,39377864,39387002,39402806,39428762,39452233,39469188,39472993,39487889,39497210,39511638,0.013194713,10464.0,6144.0,808.0,132.0,2308.0,4224.0,64.0
Dilithium5.out,78074508,65911436,30054214,30017808,30004809,30004051,29796416,29791641,27078254,18133954,17153566,17128700,0.005515581,7616.0,256.0,32.0,132.0,2308.0,2604.0,40.0
Dilithium5.out,19106866,19117209,19139272,19149035,19175113,19185109,19200295,19220643,19237064,19244320,19249155,19252099,0.006316169,9772.0,2176.0,116.0,132.0,2308.0,4224.0,56.0
Dilithium5.out,17527110,17552318,17569913,17585355,17626070,17630649,17643952,17656297,17676716,17694607,17703691,17710885,0.005719196,9972.0,1688.0,304.0,132.0,892.0,1864.0,52.0
Dilithium5.out,66310281,60591125,19756349,19750746,19761236,19743915,19764142,19757772,19761681,19752253,19748296,19773387,0.006375131,0,0,0,0,0,0,0
Dilithium5.out,18338371,18358445,18423787,18455534,18470245,18503845,18509957,18525211,18546048,18592233,18620817,18665058,0.006025481,0,0,0,0,0,0,0
Dilithium5.out,49675176,49690001,49716427,49734206,49748781,49774362,49784684,49810041,49830021,49841723,49858560,49870029,0.016540062,0,0,0,0,0,0,0
Dilithium5.out,104643243,95051264,26071708,24306843,18267876,18235549,18210856,18203944,18179759,18111097,17401932,17380076,0.005778707,0,0,0,0,0,0,0
Dilithium5.out,17348017,17375130,17398355,17458756,17501704,17510584,17523799,17533175,17560112,17580069,17587537,17590092,0.00581678,0,0,0,0,0,0,0
Dilithium5.out,19488595,19517537,19598476,19691818,19725299,19734637,19750439,19771591,19789744,19807049,19821739,19852390,0.006413371,0,0,0,0,0,0,0
Dilithium5.out,61343627,61349597,30518249,29800248,28415424,28416066,28402241,18831562,18792148,18771015,17365932,17331039,0.005747665,0,0,0,0,0,0,0
Dilithium5.out,52850726,52877815,52882555,52900542,52919199,52946189,52975474,53000736,53013850,53026545,53039302,53042477,0.017143878,10464.0,6016.0,808.0,132.0,2308.0,4224.0,72.0
Dilithium5.out,18817740,18838768,18682945,18722782,18743968,18753791,18767405,18795996,18802262,18807629,18815141,18825032,0.006077165,9904.0,4224.0,248.0,132.0,2308.0,4224.0,60.0
Dilithium5.out,16854784,16878639,16886693,16901724,16927264,16932552,16937020,16956169,16964465,16964161,16967237,16974925,0.005659844,9904.0,3456.0,248.0,132.0,2308.0,4224.0,64.0
Dilithium5.out,60956289,51408585,23441815,23398858,23413856,23435241,22264295,20034985,20023511,18988188,18998213,18672417,0.006023886,9772.0,2688.0,116.0,132.0,2308.0,4224.0,56.0
Dilithium5.out,77836211,78404772,49429431,43237559,43192163,45902322,45874633,45872306,45865142,45891154,45890672,41929613,0.013532641,9772.0,2688.0,116.0,132.0,2308.0,4224.0,56.0
Dilithium5.out,63401262,63445893,56894234,43937159,43905028,43587329,43425486,21323362,19443673,18804108,18130702,18104868,0.0060146,10332.0,4992.0,676.0,132.0,2308.0,4224.0,60.0
Dilithium5.out,70394741,70375536,35357698,31041728,29783222,26635097,26612976,23731017,23725506,23724315,23720793,23705925,0.007886929,10464.0,5120.0,808.0,132.0,2308.0,4224.0,64.0
Dilithium5.out,63108390,63131123,63154405,63181403,63196912,63213486,63230392,63231065,63236685,63257792,63267452,63275793,0.021110299,9840.0,1536.0,492.0,132.0,2308.0,4224.0,56.0
Dilithium5.out,76996282,76988175,76973518,76985657,76978929,73446481,72745437,42139365,30229234,24329879,20322854,20145094,0.006708318,9772.0,2432.0,116.0,132.0,2308.0,4224.0,56.0
Dilithium5.out,31007803,31024212,31037015,31064062,31072515,31075137,31087599,31100085,31111951,31129277,31135358,31154222,0.010401937,10332.0,4992.0,676.0,132.0,2308.0,4224.0,60.0
Dilithium5.out,50271117,50258124,18432831,18435883,18434166,18437284,18425460,18420535,18421081,18421662,18419171,18406792,0.005942887,9904.0,4224.0,248.0,132.0,2308.0,4224.0,60.0
Dilithium5.out,74185420,65994221,31438556,24019247,22782833,22752210,22511851,19883018,19854163,19617247,17653807,17630176,0.005668937,10332.0,4992.0,676.0,132.0,2308.0,4224.0,64.0
Dilithium5.out,66006955,66043302,66028893,65862063,63387794,63388644,63431825,26124913,24383789,22934161,17873121,17827257,0.00561753,10184.0,4480.0,528.0,132.0,2308.0,4224.0,66.0
Dilithium5.out,54424937,54434142,30193807,23987518,23976721,23979334,23964776,18377418,18336986,17524615,17516627,17493457,0.005711461,9840.0,1792.0,492.0,132.0,2308.0,4224.0,56.0
Dilithium5.out,96000213,96004764,74364528,61590251,61568319,61566892,61558798,25241595,25184760,24860766,18314131,18241121,0.005866673,9840.0,1792.0,492.0,132.0,2308.0,4224.0,56.0
Dilithium5.out,54199409,54269274,54287247,54304148,54351529,54376725,54398808,54414267,54439771,54448301,54442655,54447036,0.017424284,0,0,0,0,0,0,0
Dilithium5.out,66730449,66758726,30823603,30814578,28801528,28784371,28772649,18377830,18354238,18343493,18342832,18327913,0.005718833,10332.0,4992.0,676.0,132.0,2308.0,4224.0,64.0
Dilithium5.out,50122049,50171734,17618784,17592956,17582243,17545458,17554447,17559071,17553969,17543086,17536058,17525612,0.005509302,10184.0,5120.0,528.0,132.0,2308.0,4224.0,66.0
Dilithium5.out,76912102,74167894,31857489,31834415,31812857,31816125,31820432,25226149,25216127,20915034,20766584,20739982,0.006289053,10464.0,5120.0,808.0,132.0,2308.0,4224.0,60.0
Dilithium5.out,72293060,72304849,61692517,59962166,55992262,55344918,50572651,24955368,24917239,24631235,18072590,18004708,0.005793292,10464.0,6016.0,808.0,132.0,2308.0,4224.0,64.0
Dilithium5.out,58066501,58100813,43611897,42587683,42601738,42610403,42614525,19235752,19197166,19180299,19164951,18046138,0.00580959,9972.0,1560.0,304.0,132.0,892.0,1864.0,52.0
Dilithium5.out,66894763,66900130,36623400,36583660,36588581,36585626,36586165,32611864,32000961,30185806,18545914,18453937,0.005939066,9904.0,3584.0,248.0,132.0,2308.0,4224.0,64.0
Dilithium5.out,66666819,60223026,20963943,20944021,20943303,20948548,20980788,20997204,20987907,20924834,20925492,20905380,0.006427593,9904.0,4224.0,248.0,132.0,2308.0,4224.0,60.0
Dilithium5.out,49314241,45727603,19945438,19934403,19936607,19932952,19953446,19952188,19935882,19929136,19894830,19879403,0.006138018,10464.0,5120.0,808.0,132.0,2308.0,4224.0,64.0
Dilithium5.out,66408333,66472087,33979922,33942251,29506831,27835246,25793196,21596909,21579883,21562835,21052951,18724454,0.00584174,9904.0,2816.0,248.0,132.0,2308.0,4224.0,60.0
Dilithium5.out,37736108,37827052,37819693,37835381,37851285,37876884,37846467,37865251,37878391,37907834,37931219,37935148,0.012081229,9904.0,3968.0,248.0,132.0,2308.0,4224.0,60.0
Dilithium5.out,79714790,79697346,30598921,28386576,27547994,27531248,27514641,27499832,26847799,18008750,17966633,17934171,0.00577828,10332.0,4992.0,676.0,132.0,2308.0,4224.0,60.0
Dilithium5.out,74572477,74624793,36840847,36811983,32207188,32219992,32204157,24441436,24442678,24431583,18337336,18072676,0.005818601,10464.0,5120.0,808.0,132.0,2308.0,4224.0,64.0
Dilithium5.out,30265329,30287987,30297800,30310556,30322170,30334230,30359319,30381969,30394768,30404884,30409741,30424576,0.009522719,10332.0,4992.0,676.0,132.0,2308.0,4224.0,60.0
Dilithium5.out,76077379,64767589,50994402,47733380,47723773,46780599,46763449,53576338,53586801,52808778,53220288,55112351,0.017139595,9904.0,4096.0,248.0,132.0,2308.0,4224.0,60.0
Dilithium5.out,71802184,66000026,25307617,25265819,25264569,25265924,25267248,19013213,18973292,18058113,17919196,17922044,0.005555252,10398.0,5568.0,742.0,132.0,2308.0,4224.0,64.0
Dilithium5.out,18185692,18236220,18262661,18275150,18288414,18293770,18309172,18333627,18338198,18335276,18343098,18348327,0.005735694,9904.0,3456.0,248.0,132.0,2308.0,4224.0,60.0
Dilithium5.out,54946631,62542017,49278165,53161316,54194531,53640284,53632919,54189153,54179646,52735272,52727418,52592084,0.016966955,10184.0,5184.0,528.0,132.0,2308.0,4224.0,68.0
Dilithium5.out,81601000,65766019,18202159,18148779,18029795,18011011,17999028,17996092,17990237,17976373,17965221,17937034,0.005594191,10332.0,4992.0,676.0,132.0,2308.0,4224.0,64.0
Dilithium5.out,75616014,63070058,50251157,50238421,55080676,46049594,45048575,45092934,45082036,45062172,45066977,38855105,0.012160531,9904.0,3712.0,248.0,132.0,2308.0,4224.0,60.0
Dilithium5.out,31019787,31053454,31084612,31105960,31112788,31119638,31135698,31178504,31180455,31189243,31198327,31199416,0.009971685,10464.0,6016.0,808.0,132.0,2308.0,4224.0,68.0
Dilithium5.out,63946852,61516327,32832761,32753039,32732254,32706192,32680481,27799564,27776188,27762986,27593484,17864608,0.005470827,10464.0,5760.0,808.0,132.0,2308.0,4224.0,64.0
Dilithium5.out,55403969,39548663,20157673,20106980,19684966,18111502,18081710,18061597,18048804,17726710,17105007,17095531,0.005410401,9904.0,3968.0,248.0,132.0,2308.0,4224.0,60.0
Dilithium5.out,17317709,17354836,17384171,17431594,17534310,17559209,17598805,17606637,17625947,17632733,17636021,17633267,0.00569186,9840.0,1536.0,492.0,132.0,2308.0,4224.0,56.0
Dilithium5.out,68039171,52704000,27011017,26954783,23683099,23671453,23646550,23638047,20748369,18139381,18116382,17732333,0.005763038,9904.0,4096.0,248.0,132.0,2308.0,4224.0,60.0
Dilithium5.out,74472207,67913590,24154566,23599228,17822257,17766570,17736249,17719285,17688701,17655097,17648069,17639504,0.005410571,10332.0,4992.0,676.0,132.0,2308.0,4224.0,60.0
Dilithium5.out,65314039,63842068,36389016,26097961,17867081,17817580,17794524,17767601,17758480,17733532,17710973,17689949,0.005698642,9938.0,2188.0,276.0,132.0,1600.0,3044.0,56.0
Dilithium5.out,51935472,41166602,27322719,27287853,24571084,24560978,21850195,21647310,21645587,21391686,21386836,18140946,0.005657937,10118.0,3840.0,462.0,132.0,2308.0,4224.0,58.0
Dilithium5.out,64097151,60169136,18025808,17988771,17960909,17910988,17887173,17866804,17825868,17811265,17801520,17765365,0.005537208,9972.0,152.0,304.0,132.0,892.0,1864.0,40.0
Dilithium5.out,57952589,45090184,21473171,21434678,21285650,21266022,21052070,20959488,20952561,20954198,17685878,17569147,0.005658595,9904.0,2688.0,248.0,132.0,2308.0,4224.0,64.0
Dilithium5.out,61040735,52940845,23932214,23938215,17983389,17960749,17946232,17949100,17931734,17918565,17904635,17642330,0.005522366,9904.0,4224.0,248.0,132.0,2308.0,4224.0,60.0
Dilithium5.out,24681459,24722046,24755268,24764268,24783979,24818159,24821952,24838230,24857753,24866333,24876981,24908918,0.007638995,10092.0,1765.3333333333333,428.0,132.0,1364.0,2650.6666666666665,52.0
Dilithium5.out,39518873,35736827,23488267,22448930,22453397,22448774,22439867,22430581,22429020,19440969,19424820,17510407,0.00546587,9904.0,3328.0,248.0,132.0,2308.0,4224.0,60.0
Dilithium5.out,58149554,58156306,58165888,58190921,58198548,58214920,58230361,58232575,58240137,58256480,58257194,58262788,0.018285924,10076.0,2444.0,414.0,132.0,1600.0,3044.0,54.0
Dilithium5.out,82863130,82860391,71189616,57490706,57334862,52990010,28443363,18163643,18110886,18074517,18067621,18057890,0.005462254,9938.0,2188.0,276.0,132.0,1600.0,3044.0,54.0
Dilithium5.out,72324415,72307819,30880938,30797284,30790600,30788666,29862218,17952299,17904402,17871617,17707924,17696820,0.005353465,10152.0,2572.0,490.0,132.0,1600.0,3044.0,50.0
Dilithium5.out,68015168,67909138,55933575,55937441,55919364,55926448,42184393,17767153,17736757,17715532,17763820,17736630,0.005442508,9949.333333333334,1509.3333333333333,285.3333333333333,132.0,1364.0,2650.6666666666665,46.666666666666664
Dilithium5.out,59233453,59231939,31020783,23711622,23633090,23556568,18268289,18273085,18293001,18279032,18303520,18291226,0.005700754,9939.0,498.0,351.0,132.0,1246.0,2454.0,45.0
Dilithium5.out,76483810,76348409,24517865,24241495,21493922,21470982,19079023,19059757,19019007,18987869,18975431,18967146,0.005653084,6572.0,140.0,164.0,132.0,1600.0,1020.0,40.0
Dilithium5.out,69594079,69637933,25625976,25559162,25578133,25609793,25594313,25578341,25572405,25538107,19289414,19253715,0.005824061,9955.0,1170.0,290.0,132.0,1246.0,2454.0,51.0
Dilithium5.out,69723277,69998876,21046618,21155770,21227808,20669964,20726662,20764319,20791145,20825706,20892760,20922929,0.006399539,9938.0,2188.0,276.0,132.0,1600.0,3044.0,50.0
Dilithium5.out,54861708,54876936,19517864,19456208,19443496,19443742,19424340,19404734,19395876,19364705,19319113,19311945,0.005859683,10070.4,1939.2,404.8,132.0,1175.2,2336.0,48.8
Dilithium5.out,64355702,64356510,20526960,20512878,18808002,18690068,17742817,17684713,17661489,17647264,17504660,17488524,0.005360627,9872.0,1420.0,210.0,132.0,1600.0,3044.0,50.0
Dilithium5.out,69939319,69977291,42995594,42980527,42992383,42992116,42978219,30999589,30966718,29652456,24704017,18875784,0.005963327,9928.0,1496.0,366.6666666666667,132.0,1364.0,2650.6666666666665,58.666666666666664
Dilithium5.out,27971951,27207793,23702209,23696816,23684976,23659781,23657533,19698046,19666492,17357575,17330273,17334026,0.005416195,9904.0,3456.0,248.0,132.0,2308.0,4224.0,64.0
Dilithium5.out,76094729,76057536,30232569,29237436,29223200,29221816,29208851,29181111,29160933,29157271,18197049,18137829,0.005644689,4.0,0.0,0.0,4.0,0.0,0.0,12.0
Dilithium5.out,63138201,63188645,53736382,53699283,53710329,46600680,45395692,17480515,17450288,17427807,17416836,17408008,0.005701024,10218.0,3148.0,556.0,132.0,1600.0,3044.0,52.0
Dilithium5.out,56415045,55510810,54387504,54390182,54384809,54390322,54384036,30472026,30062080,25411241,25136865,21557945,0.00716441,9938.0,1804.0,276.0,132.0,1600.0,3044.0,50.0
Dilithium5.out,54558909,54570880,17567366,17541697,17540656,17553619,17545438,17520230,17507506,17461417,17455084,17452880,0.005343254,10218.0,3020.0,556.0,132.0,1600.0,3044.0,50.0
Dilithium5.out,70145915,70019235,18493335,18456281,17805130,17803116,17788543,17768138,17761368,17739734,17721245,17700679,0.005440795,9904.0,3456.0,248.0,132.0,2308.0,4224.0,60.0
Dilithium5.out,57969674,57975976,49520148,49527427,49550178,49552280,49546598,18920197,18855370,18833584,18818404,18804472,0.005834435,9904.0,4224.0,248.0,132.0,2308.0,4224.0,60.0
Dilithium5.out,55197269,55185584,47601650,43214234,43205704,43194299,35893248,23966966,22139889,20597280,18790982,18758226,0.006204656,10180.0,4864.0,524.0,132.0,2308.0,4224.0,60.0
Dilithium5.out,73908040,72668624,55758175,49705187,48570220,48441631,32059507,20119991,20077163,18926627,18903286,18890234,0.006259847,10184.0,4608.0,528.0,132.0,2308.0,4224.0,60.0
Dilithium5.out,38817019,38843422,27593264,27603408,27612164,27652128,27661248,18943443,18932063,18920610,18730351,18704650,0.005840792,9904.0,3456.0,248.0,132.0,2308.0,4224.0,64.0
Dilithium5.out,65803689,65805642,42633535,41148731,41146877,41139623,41131516,17426491,17385189,17365434,17349449,17323322,0.005403526,9904.0,4096.0,248.0,132.0,2308.0,4224.0,60.0
Dilithium5.out,85244827,85208062,61198637,61115467,56302675,56273151,56264459,24305894,24270538,19442493,19413753,19391895,0.006114002,9904.0,3456.0,248.0,132.0,2308.0,4224.0,60.0
Dilithium5.out,17004201,17020345,17031886,17035331,17069700,17084963,17093570,17101270,17109827,17123966,17145892,17192101,0.005211971,10152.0,2572.0,490.0,132.0,1600.0,3044.0,52.0
Dilithium5.out,18288712,18295680,18288722,18323408,18367752,18350714,18383482,18400808,18406881,18415655,18427353,18426506,0.005455907,9972.0,152.0,304.0,132.0,892.0,1864.0,40.0
Dilithium5.out,68844254,69121438,66383389,63428797,63411152,62457876,62427945,48771641,24689690,23573782,18244120,18185497,0.006053157,10180.0,4864.0,524.0,132.0,2308.0,4224.0,60.0
Dilithium5.out,67300966,67289453,67283286,67275052,67261796,67213458,63400606,34412721,21966096,21134933,18405878,17259500,0.00552671,9904.0,3456.0,248.0,132.0,2308.0,4224.0,60.0
Dilithium5.out,52995556,53009403,53015920,52525802,52531427,52540400,52576846,24509956,19358987,19338130,17654179,17366379,0.005336352,9904.0,3456.0,248.0,132.0,2308.0,4224.0,64.0
Dilithium5.out,26090394,26112909,26133372,26143829,26164585,26194961,26209383,26219462,26234868,26246728,26260370,26272331,0.008220588,9904.0,3328.0,248.0,132.0,2308.0,4224.0,60.0
Dilithium5.out,74097748,74085686,74106043,74104059,74104353,74109399,74106190,29346215,25136704,20185165,19898363,17578221,0.005315817,7240.0,256.0,32.0,132.0,2308.0,2604.0,40.0
Dilithium5.out,44289411,44281689,44284114,44293766,44299074,44306781,44305366,19386979,19361941,19354377,19349554,19362179,0.005861235,10464.0,5888.0,808.0,132.0,2308.0,4224.0,64.0
Dilithium5.out,27758477,27795104,27827323,27844923,27855712,27875864,27886724,27904496,27912438,27921436,27938713,27954822,0.008681729,9904.0,2944.0,248.0,132.0,2308.0,4224.0,60.0
Dilithium5.out,100359879,100360685,68047807,68000270,67964986,67931675,56717060,17393166,17351318,17350430,17334819,17349926,0.005587578,10332.0,4992.0,676.0,132.0,2308.0,4224.0,68.0
Dilithium5.out,81350230,81342435,50621858,46313001,48569361,48523632,50687939,50659886,50664425,53574043,53581209,60985679,0.01921235,9904.0,3456.0,248.0,132.0,2308.0,4224.0,64.0
Dilithium5.out,18139875,18171230,18179904,18189251,18198816,18219778,18210020,18215004,18221947,18230171,18242542,18249234,0.00598641,9904.0,3456.0,248.0,132.0,2308.0,4224.0,60.0
Dilithium5.out,60112012,60134615,47641715,47668031,47674747,47663054,41299252,18220940,18184441,17607021,17592423,17576419,0.005405885,10180.0,4864.0,524.0,132.0,2308.0,4224.0,60.0
Dilithium5.out,66922607,66945404,62726839,59999531,59912605,60640560,59889909,50168893,50165519,45417834,45479777,47073348,0.01491996,9904.0,4224.0,248.0,132.0,2308.0,4224.0,60.0
Dilithium5.out,37033621,37049793,37072699,37084446,37096883,37108386,37115497,37121716,37142705,37155004,37179664,37186486,0.012035836,9904.0,3456.0,248.0,132.0,2308.0,4224.0,60.0
Dilithium5.out,53297286,53255845,30514188,29831441,29810059,29808954,29796408,23327781,17632150,17602148,17587523,17573831,0.005847247,9904.0,4224.0,248.0,132.0,2308.0,4224.0,60.0
Dilithium5.out,60935293,60942817,57706037,55296719,54875108,54848921,54841927,21233338,21201801,20911271,20742011,18768806,0.006245974,9904.0,4224.0,248.0,132.0,2308.0,4224.0,64.0
Dilithium5.out,21259148,21265370,21271687,21279457,21305624,21322992,21361893,21348454,21374709,21379625,21380474,21391146,0.006488017,10048.0,4736.0,392.0,132.0,2308.0,4224.0,64.0
Dilithium5.out,69300866,69259987,43909674,41767216,41744491,41726975,41713330,31496238,28309556,20322939,17458167,17414251,0.005754304,9904.0,3712.0,248.0,132.0,2308.0,4224.0,60.0
Dilithium5.out,52700815,52698869,29986829,20392092,20325096,20317332,20307152,18357287,18333405,18300885,18287383,17981061,0.005983807,10332.0,4992.0,676.0,132.0,2308.0,4224.0,64.0
Dilithium5.out,17851430,17883436,17943016,17957392,17982103,17999784,18009149,18015981,18024295,18034996,18047709,18057820,0.005605964,10464.0,6016.0,808.0,132.0,2308.0,4224.0,68.0
Dilithium5.out,73737145,72914329,46656727,42670465,42653110,33002079,25342672,25287811,25137189,18620989,18595345,18575538,0.006062042,10332.0,4992.0,676.0,132.0,2308.0,4224.0,64.0
Dilithium5.out,18039286,18061450,18103850,18114942,18149977,18169107,18192933,18206561,18220913,18228954,18246642,18261403,0.005530492,9904.0,3456.0,248.0,132.0,2308.0,4224.0,60.0
Dilithium5.out,29715272,29699527,28607145,28216745,28020585,21794165,21780200,21693588,21674547,17324687,17253786,17244169,0.005381449,9840.0,1792.0,492.0,132.0,2308.0,4224.0,60.0
Dilithium5.out,36874808,36809678,36803579,36798120,36791380,21329065,21280574,21186613,21156230,19548782,19528417,19515104,0.006089763,9904.0,3456.0,248.0,132.0,2308.0,4224.0,60.0
Dilithium5.out,22104863,21423928,20066204,19021981,18946900,17839836,17829194,17812361,17832083,17860007,17886038,17885154,0.005689604,9904.0,4224.0,248.0,132.0,2308.0,4224.0,60.0
Dilithium5.out,51732174,51410237,50164993,50159859,50151597,35122643,35087117,35060979,19974101,17584251,17554672,17527646,0.00583483,9904.0,3200.0,248.0,132.0,2308.0,4224.0,64.0
Dilithium5.out,64695699,64639453,63797455,63785148,63776310,58318409,57573648,57557559,29396728,20433197,18599794,18016715,0.006126005,9904.0,4224.0,248.0,132.0,2308.0,4224.0,60.0
Dilithium5.out,16949769,16951750,16946578,16936440,16922990,16911882,16907455,16914077,16916135,16913056,16904769,16911253,0.005288431,10184.0,5120.0,528.0,132.0,2308.0,4224.0,64.0
Dilithium5.out,33124021,33030120,32987489,32994151,28064323,17069278,17051018,17030501,17012059,16989657,16989525,16964478,0.00513405,9904.0,4224.0,248.0,132.0,2308.0,4224.0,60.0
Dilithium5.out,34807205,34721864,34735312,33238126,33228612,21558809,21504619,21551654,21544823,21133133,21133528,18768319,0.005853422,10464.0,6016.0,808.0,132.0,2308.0,4224.0,64.0
Dilithium5.out,72899679,72914201,72930575,72932215,72953321,65231550,23628677,18139025,18127558,18084616,18071531,18033714,0.005626308,0,0,0,0,0,0,0
Dilithium5.out,28569926,22282965,21587214,20432813,20419326,17281321,17293890,17276141,17264832,17203672,17205696,17213816,0.005119161,7616.0,256.0,32.0,132.0,2308.0,2604.0,40.0
Dilithium5.out,17094833,17129985,17148978,17147493,17158689,17176409,17189135,17194026,17205170,17213780,17220292,17228680,0.005562223,10332.0,4992.0,676.0,132.0,2308.0,4224.0,68.0
Dilithium5.out,29768070,29775559,29770082,27818931,27825617,27221438,24440606,23118202,23108082,20888587,20878972,20887032,0.006732053,10184.0,4544.0,528.0,132.0,2308.0,4224.0,62.0
Dilithium5.out,30512509,30516455,30513192,30521878,30551850,18295880,18279929,18240239,18216260,18207316,18201245,18192571,0.005861488,9840.0,1664.0,492.0,132.0,2308.0,4224.0,60.0
Dilithium5.out,18924017,18968144,18987254,19014272,19030012,19039797,19057428,19065110,19080914,19130875,19132684,19128714,0.006173848,9904.0,4224.0,248.0,132.0,2308.0,4224.0,64.0
Dilithium5.out,32533240,28244287,28228847,25894213,25882047,18167969,18132792,17640595,17626210,17611765,17598898,17594356,0.00566908,10184.0,5120.0,528.0,132.0,2308.0,4224.0,62.0
Dilithium5.out,40841618,40807025,40815328,40828812,40829734,31387591,33135287,32437925,31778379,36214973,33003703,33010423,0.010653378,10332.0,4992.0,676.0,132.0,2308.0,4224.0,60.0
Dilithium5.out,32516798,27284620,27088719,27080866,27061086,31211128,30486864,30489681,30483166,30092756,30071519,30063298,0.009746386,9904.0,3968.0,248.0,132.0,2308.0,4224.0,64.0
Dilithium5.out,36881910,36719583,36706775,32892424,32347792,20011050,19443388,17622320,17591374,17565783,17551918,17550293,0.005840126,10464.0,5120.0,808.0,132.0,2308.0,4224.0,60.0
Dilithium5.out,30917314,30954507,30959632,30990435,31017161,28433974,21423797,19973730,19968337,18843899,18707929,18692135,0.006218829,9840.0,1920.0,116.0,132.0,2308.0,4224.0,56.0
Dilithium5.out,29719316,29704296,29701085,29688433,29676153,30463127,27391837,24926276,25273297,19805473,23343808,23342752,0.00776989,10180.0,4864.0,524.0,132.0,2308.0,4224.0,60.0
Dilithium5.out,32845666,39280847,42231037,36442465,36431813,31331674,31323496,31320110,31308347,31309551,31313049,31316725,0.010105842,9904.0,4224.0,248.0,132.0,2308.0,4224.0,64.0
Dilithium5.out,44128531,43663586,42696980,41317247,41323885,24051045,23385327,23358696,23112481,18783455,18782568,18763669,0.006243215,3180.0,128.0,32.0,132.0,2308.0,176.0,40.0
Dilithium5.out,27480890,25644675,24193511,23000010,23327063,19643750,23518339,23527342,24494332,32814174,32849221,32904358,0.010623103,9904.0,3968.0,248.0,132.0,2308.0,4224.0,64.0
Dilithium5.out,30471401,30481374,30517131,30512249,30515650,26122280,22584123,19726614,19685741,17741376,17713155,17705385,0.005844614,9904.0,4224.0,248.0,132.0,2308.0,4224.0,64.0
Dilithium5.out,29674794,29738955,29733345,26116449,25554571,18696189,18662337,18642045,18347140,18328861,18315196,17882800,0.005956465,9904.0,3456.0,248.0,132.0,2308.0,4224.0,64.0
Dilithium5.out,36785205,36808792,36815437,36826901,36803125,23146017,22443503,19702869,19613953,18762837,18752232,18699231,0.006225195,9904.0,2944.0,248.0,132.0,2308.0,4224.0,72.0
Dilithium5.out,34256421,32376386,31532920,31152010,41222320,45607416,45638670,45644665,45652350,45752971,42622096,42591189,0.014200288,9904.0,3200.0,248.0,132.0,2308.0,4224.0,64.0
Dilithium5.out,41481243,41508255,36481922,36449550,36453595,22610006,18633312,18586902,18575304,17757831,17760554,17746827,0.005403684,9772.0,2176.0,116.0,132.0,2308.0,4224.0,56.0
Dilithium5.out,37414551,37418966,34316094,34303081,34290809,19160336,19153191,19117239,19102760,17524234,17506265,17318484,0.005617475,9904.0,2944.0,248.0,132.0,2308.0,4224.0,64.0
Dilithium5.out,28210973,28200082,22163691,22119972,22098415,32469513,38305791,38649668,38646769,36963169,36905765,36902479,0.011478866,9904.0,4224.0,248.0,132.0,2308.0,4224.0,60.0
Dilithium5.out,65821727,65822128,63638279,63643967,63635920,63635799,63628060,63613287,63606930,63611979,63613452,17911791,0.005861343,9904.0,2944.0,248.0,132.0,2308.0,4224.0,60.0
Dilithium5.out,34901455,32845421,32833243,32020206,31985746,31965197,31926787,31932632,31894917,31891761,24373120,17789539,0.005602091,9904.0,4224.0,248.0,132.0,2308.0,4224.0,64.0
Dilithium5.out,53390872,53409525,54840377,54870037,54884020,54889256,54900086,54926915,54918391,54733060,48894260,21281208,0.00649832,9904.0,4480.0,248.0,132.0,2308.0,4224.0,60.0
Dilithium5.out,28183529,28216547,28231821,28251712,28294529,28311978,28323947,28296876,28309611,28318847,28327893,28339140,0.009071427,9904.0,4352.0,248.0,132.0,2308.0,4224.0,68.0
Dilithium5.out,63439029,63431589,63433990,60067412,60055123,60049364,60044556,55586059,55040507,55031502,52945934,16724489,0.005512309,9904.0,4224.0,248.0,132.0,2308.0,4224.0,64.0
Dilithium5.out,52615298,52625720,52627408,52558418,52585135,52595275,52602368,51935720,51861777,49036514,47722417,17562112,0.005795951,9904.0,4224.0,248.0,132.0,2308.0,4224.0,64.0
Dilithium5.out,48124981,48118265,48124957,47810046,43366102,43321002,43305814,33266470,33250872,30350659,30331601,16914902,0.005605798,9904.0,3584.0,248.0,132.0,2308.0,4224.0,60.0
Dilithium5.out,21223380,21244882,21265067,21288442,21319370,21651981,21658239,21664653,21671568,21690237,21698998,21700702,0.006695399,10152.0,3520.0,650.0,132.0,2308.0,4224.0,58.0
Dilithium5.out,30464181,30487397,30485534,33865532,34076066,44386471,44363533,50222702,52943248,55497239,56361560,56346704,0.016972467,9904.0,4224.0,248.0,132.0,2308.0,4224.0,60.0
Dilithium5.out,47763550,47710794,47662002,47662521,47667128,43869046,36135618,32371273,32362779,32358916,18649219,18596424,0.005797184,10113.333333333334,3464.0,453.3333333333333,132.0,1836.0,3437.3333333333335,60.0
Dilithium5.out,21950714,21986664,22009133,22052040,22130814,22151456,22165493,22256402,22264584,22277316,22291301,22298508,0.006978148,10152.0,2572.0,490.0,132.0,1600.0,3044.0,52.0
Dilithium5.out,18031548,18043448,18051103,18048944,18087239,18100819,18121430,18157288,18172269,18180660,18201468,18181440,0.005608034,9904.0,3584.0,248.0,132.0,2308.0,4224.0,60.0
Dilithium5.out,41750710,41790835,41801825,51461728,51502175,49303097,49299172,48876388,48844222,48656085,43167679,43126558,0.013430688,10152.0,2572.0,490.0,132.0,1600.0,3044.0,50.0
Dilithium5.out,25286928,25327658,25361055,25430960,25452549,25470195,25478824,25481210,25487945,25484550,25480772,25456873,0.007461058,10332.0,4992.0,676.0,132.0,2308.0,4224.0,60.0
Dilithium5.out,35219605,35191367,35169073,41040865,41064896,48792072,37421705,44034123,44038732,44033995,44030039,44014736,0.013754596,10113.333333333334,3250.6666666666665,453.3333333333333,132.0,1836.0,3437.3333333333335,56.0
Dilithium5.out,31685042,31676888,31673405,31669233,31680550,31669546,31640044,19388463,19322565,18942196,17308635,17187095,0.005537104,9840.0,1920.0,116.0,132.0,2308.0,4224.0,56.0
Dilithium5.out,49286687,49364898,49388880,49429821,49456935,49460283,49472414,49478871,49495488,49502578,49508703,49506433,0.014827622,0,0,0,0,0,0,0
Dilithium5.out,31035340,31087085,31106623,31119686,31142070,31149984,31150297,31154392,31122781,31132305,31139717,31146775,0.009710609,0,0,0,0,0,0,0
Dilithium5.out,42906164,42887429,42910747,42912480,42929181,42954630,43051305,43110471,43197149,43280365,43412773,43577230,0.013282194,9904.0,3456.0,248.0,132.0,2308.0,4224.0,68.0
Dilithium5.out,50553091,50574687,50600992,50617135,50651362,50662290,50680011,50695592,50713821,50721838,50732561,50679294,0.016191437,9972.0,152.0,304.0,132.0,892.0,1864.0,40.0
Dilithium5.out,49159671,49206957,49247908,49263787,49324916,49345811,49359088,49380102,49399612,49408810,49426796,49442818,0.014897672,9904.0,3968.0,248.0,132.0,2308.0,4224.0,68.0
Dilithium5.out,71966278,71951097,71942021,71949098,71972394,71984099,71999431,72003191,72013119,72019179,72030329,72028814,0.022111097,9972.0,152.0,304.0,132.0,892.0,1864.0,40.0
Dilithium5.out,60681537,60610316,60620344,73750930,68913680,64717432,64720702,50724004,46622145,46581122,46575268,46555009,0.014659106,9904.0,4224.0,248.0,132.0,2308.0,4224.0,60.0
Dilithium5.out,39446947,39495938,39538445,39554506,39571317,39598832,39614341,39629113,39646518,39661673,39680430,39690851,0.012723621,9904.0,3072.0,248.0,132.0,2308.0,4224.0,64.0
Dilithium5.out,57678147,57698616,57716496,57725242,57728079,57737369,57728877,57745677,57765435,57776971,57778690,57781019,0.018904546,9904.0,3584.0,248.0,132.0,2308.0,4224.0,60.0
Dilithium5.out,27110789,27135401,27176448,27190181,27216220,27234068,27245320,27259735,27277878,27317602,27385777,27390954,0.008375739,9840.0,1408.0,492.0,132.0,2308.0,4224.0,56.0
Dilithium5.out,66212668,64670543,64720089,64741123,64742220,50440849,49488008,46368516,42420486,41655807,41636290,17554912,0.005651032,9904.0,3072.0,248.0,132.0,2308.0,4224.0,64.0
Dilithium5.out,39636216,48753247,43349036,43319920,42632610,48357288,48113870,48105969,48124425,48120438,43044040,43010500,0.013523025,10300.0,3762.6666666666665,640.0,132.0,1836.0,3437.3333333333335,60.0
Dilithium5.out,63269549,51139715,51119576,49446722,47033539,47017916,46972108,46951561,46944215,46935253,46922335,18490528,0.005951433,10218.0,2636.0,556.0,132.0,1600.0,3044.0,50.0
Dilithium5.out,46992039,47046207,47065414,47083950,47142620,42061038,42025638,42056347,40829396,40634428,40625803,19724633,0.006193229,10332.0,4992.0,676.0,132.0,2308.0,4224.0,64.0
Dilithium5.out,31319720,32102012,32091299,31797157,32171182,32402087,29437100,29417603,29840933,33674649,33726099,43869385,0.013808229,10464.0,6144.0,808.0,132.0,2308.0,4224.0,60.0
Dilithium5.out,65775874,62377762,60878527,60875091,60209010,60192086,60181066,60187956,60188376,60182537,60192350,18821301,0.006053285,10218.0,3084.0,556.0,132.0,1600.0,3044.0,54.0
Dilithium5.out,65426371,58782522,58778473,58240428,58274848,58269797,58264687,58257999,58278930,58285663,58301026,18921703,0.006085485,9840.0,1280.0,492.0,132.0,2308.0,4224.0,60.0
Dilithium5.out,27971492,22394865,22369041,22364488,22365790,22355282,22342811,22334922,22298538,22273535,20320075,17433256,0.005612149,9904.0,3840.0,248.0,132.0,2308.0,4224.0,60.0
Dilithium5.out,57492927,51292545,51242514,51210026,51182274,51160525,50348843,49865704,49636300,49616941,49609352,18032857,0.005863021,9904.0,3456.0,248.0,132.0,2308.0,4224.0,60.0
Dilithium5.out,50900590,41750473,41734561,41458613,30849533,18077321,18063546,18063097,18043634,18037932,18039473,18026717,0.005452619,9938.0,2124.0,276.0,132.0,1600.0,3044.0,50.0
Dilithium5.out,37535707,32772831,31566255,31552900,31545336,32593230,28144002,28110545,28089270,28091410,28098477,28152703,0.008797404,10218.0,2892.0,556.0,132.0,1600.0,3044.0,52.0
Dilithium5.out,40997940,39969838,39982114,39999399,40004560,30010770,23569825,21220372,19628577,18794850,18771054,18747054,0.006075883,10152.0,2572.0,490.0,132.0,1600.0,3044.0,50.0
Dilithium5.out,16917079,16966899,16979601,17010833,17037055,17279368,17311890,17322661,17334797,17335411,17340765,17306659,0.005413914,10184.0,4800.0,528.0,132.0,2308.0,4224.0,64.0
Dilithium5.out,30816342,30827679,30881286,30897196,30915974,30921455,30932972,30927740,31020154,31030862,31033851,31033052,0.009711817,9938.0,2188.0,276.0,132.0,1600.0,3044.0,50.0
Dilithium5.out,29968937,29987904,30011270,30036368,30074445,30087035,30116722,30137772,30150989,30164787,30179634,30183457,0.010219818,0,0,0,0,0,0,0
Dilithium5.out,74991224,64122775,57336945,28704632,24151236,19788005,18297078,18433411,18544821,18635780,18660795,18669591,0.0062075,10218.0,3020.0,556.0,132.0,1600.0,3044.0,50.0
Dilithium5.out,59301686,59326648,59370894,59380437,59405751,59416748,59430736,59442682,59461720,59464580,59479357,59495689,0.019608498,10256.0,3720.0,596.0,132.0,1836.0,3437.3333333333335,57.333333333333336
Dilithium5.out,60716658,45893669,44618483,34134851,33865939,23143790,19313310,18578148,18564613,18561298,18565427,18549499,0.006173337,9972.0,152.0,304.0,132.0,892.0,1864.0,40.0
Dilithium5.out,66787107,37539210,37456571,25305178,24277855,24168357,24149256,24126912,18130792,17653256,17452424,17439920,0.005800812,10212.0,3378.6666666666665,552.0,132.0,1836.0,3437.3333333333335,56.0
Dilithium5.out,53731383,53755136,53780207,53823760,53847021,53875550,53886386,53898485,53914364,53922682,53935801,53948835,0.018199133,0,0,0,0,0,0,0
Dilithium5.out,19943547,19973406,19997038,20026185,20056587,20084020,20112783,20173230,20196026,20236934,20250040,20266154,0.006540838,10069.333333333334,2738.6666666666665,409.3333333333333,132.0,1836.0,3437.3333333333335,58.666666666666664
Dilithium5.out,21404433,21437546,21427365,21362647,21313170,21276483,21246228,21226069,21215325,21189568,21148720,21068441,0.006739191,10180.0,4864.0,524.0,132.0,2308.0,4224.0,64.0
Dilithium5.out,61386006,33736036,33735015,22398738,22364023,18265325,17758118,17311729,17284072,17268378,17243889,17221538,0.005826113,10048.0,4480.0,392.0,132.0,2308.0,4224.0,64.0
Dilithium5.out,70399702,53459097,53435009,17625033,17583484,16913856,16899290,16899573,16901882,16745754,16719030,16692279,0.005312442,10218.0,2764.0,556.0,132.0,1600.0,3044.0,50.0
Dilithium5.out,85983045,40931330,40908373,28619572,24690509,24664839,24656355,24637462,18826629,18801015,18717177,18707414,0.005958924,9904.0,4224.0,248.0,132.0,2308.0,4224.0,60.0
Dilithium5.out,77785048,41905007,41844774,29642002,26864621,26841585,22474457,20962626,20360263,20376754,20363891,17811383,0.005738633,10218.0,2956.0,556.0,132.0,1600.0,3044.0,54.0
Dilithium5.out,82444443,72006574,69403356,35191110,34643511,34617448,33855168,33838735,33824425,33824382,33809230,33788947,0.011101356,0,0,0,0,0,0,0
Dilithium5.out,62668777,49462990,45568986,49485048,49490936,49480654,49476407,49591655,49578940,49573965,49571993,49562379,0.016005399,10069.333333333334,3122.6666666666665,409.3333333333333,132.0,1836.0,3437.3333333333335,53.333333333333336
Dilithium5.out,18069183,18111225,18125795,18166829,18200771,18222779,18237266,18246719,18258411,18264135,18274709,18277469,0.005896425,9904.0,3584.0,248.0,132.0,2308.0,4224.0,60.0
Dilithium5.out,69058386,65642376,65647578,29878101,29107155,24469667,20594975,20589407,18856236,18849774,18845665,18828557,0.006267056,9972.0,140.0,304.0,132.0,892.0,1864.0,48.0
Dilithium5.out,74542270,73335692,73329917,61464739,62236277,64317454,58289553,58278612,57193958,58622027,60106743,53797925,0.017599704,10113.333333333334,3208.0,453.3333333333333,132.0,1836.0,3437.3333333333335,53.333333333333336
Dilithium5.out,75346112,75310156,75279358,29315691,29291938,29278063,18353186,18357591,18368897,18426545,18470199,17846677,0.005869187,10218.0,3020.0,556.0,132.0,1600.0,3044.0,54.0
Dilithium5.out,46697120,42679657,37214836,18375876,18356197,18330365,18315963,18299045,18289921,18281915,18283408,18253118,0.005969499,0,0,0,0,0,0,0
Dilithium5.out,73689009,45824312,45790732,34034373,34022557,34009492,33999053,33982087,33964121,33961875,19312552,19086354,0.006349027,4988.0,76.0,152.0,68.0,446.0,932.0,26.0
Dilithium5.out,48538396,48542116,48544873,19510714,19491331,19489972,19476322,18069295,18062981,18061482,18061196,18066838,0.005824532,10218.0,3148.0,556.0,132.0,1600.0,3044.0,52.0
Dilithium5.out,65186933,65243319,65250892,22541671,22509194,22500932,22496363,19117612,19107891,19102482,19114117,19102692,0.006155472,9904.0,4224.0,248.0,132.0,2308.0,4224.0,64.0
Dilithium5.out,61960098,61977399,60559361,31655441,31642963,31647401,31071008,17277898,17212921,17165300,17144473,17120685,0.005694559,9938.0,2764.0,276.0,132.0,1600.0,3044.0,56.0
Dilithium5.out,64508778,64518345,64546153,24019272,23942580,23918542,23927557,19510763,19494596,19480765,19464247,17314690,0.005575253,9904.0,2944.0,248.0,132.0,2308.0,4224.0,64.0
Dilithium5.out,70166027,70188495,70196642,49484126,49453804,49438142,49430239,47002619,37902600,37809081,37728122,37735974,0.012179634,10218.0,3014.0,556.0,132.0,1600.0,3044.0,56.0
Dilithium5.out,17657569,17668697,17664627,17717954,17710964,17721150,17718522,17715666,17717123,17720151,17727342,17742703,0.005905875,9904.0,4352.0,248.0,132.0,2308.0,4224.0,64.0
Dilithium5.out,31517989,31512731,31508006,30814503,30824138,30825406,30845202,21792728,17899503,17892283,17893212,17878362,0.005944424,9972.0,152.0,304.0,132.0,892.0,1864.0,44.0
Dilithium5.out,58723444,58718874,58719519,49452074,49383192,49391751,49389170,62619643,71582849,71598317,72378038,75130343,0.024276318,10332.0,4992.0,676.0,132.0,2308.0,4224.0,60.0
Dilithium5.out,41784515,41801755,40017863,40056843,40049970,40078239,40078435,17433488,17400907,17382028,17361339,17341633,0.005583527,10113.333333333334,3506.6666666666665,453.3333333333333,132.0,1836.0,3437.3333333333335,53.333333333333336
Dilithium5.out,35623779,35427166,35208945,34611695,34013478,32930462,32934905,23435708,20474709,20457871,20440722,17847979,0.005749788,9904.0,3968.0,248.0,132.0,2308.0,4224.0,60.0
Dilithium5.out,74820131,74835796,74837172,74856242,74864742,73781611,73753512,51594299,51595850,28552313,20123076,20096193,0.006471177,9938.0,1868.0,276.0,132.0,1600.0,3044.0,52.0
Dilithium5.out,33339205,33367589,33381145,33403078,33511734,33532878,33558053,33568466,33577253,33584717,33606766,33614376,0.011225748,9972.0,152.0,304.0,132.0,892.0,1864.0,40.0
Dilithium5.out,18434716,18451734,18474234,18477340,18499477,18511579,18520113,18525658,18532297,18555723,18573811,18580648,0.005999743,10332.0,4992.0,676.0,132.0,2308.0,4224.0,60.0
Dilithium5.out,59135956,59149945,59144434,59167135,59144037,59150105,59191532,54111355,53544498,18912175,18880636,18863009,0.006079834,10218.0,3084.0,556.0,132.0,1600.0,3044.0,50.0
Dilithium5.out,85787076,46392942,46360170,46393659,46416083,46398707,46382466,46371940,46377139,19806035,17811019,17786718,0.005116752,9972.0,1090.6666666666667,304.0,132.0,892.0,1864.0,52.0
Dilithium5.out,76471379,51866501,51851299,51850186,51658411,51112641,49100367,49072743,49036436,51505953,45509913,40897817,0.012756083,9904.0,4224.0,248.0,132.0,2308.0,4224.0,60.0
Dilithium5.out,37004244,30182495,29183111,29171652,29165310,24302149,24267584,24250728,24252697,17943142,17906473,17880754,0.005618843,10184.0,4800.0,528.0,132.0,2308.0,4224.0,64.0
Dilithium5.out,56118800,73549238,75999664,76530290,76533765,74265116,77193802,74559054,72690636,50717307,50689515,47159176,0.014721326,9904.0,4224.0,248.0,132.0,2308.0,4224.0,68.0
Dilithium5.out,70691954,51756533,51429120,51444782,51592804,51632662,51629510,51522849,51521589,51477632,51478658,50749867,0.015741682,9904.0,3456.0,248.0,132.0,2308.0,4224.0,60.0
Dilithium5.out,72140337,60282209,56527402,53113800,49645071,41705566,41399554,41322103,41073349,22532122,19118408,17732313,0.005694799,9904.0,3072.0,248.0,132.0,2308.0,4224.0,60.0
Dilithium5.out,69850838,78451876,79596978,79601761,79579745,78659223,78656375,78327260,78654970,64969066,64950881,66884179,0.02054267,9904.0,3456.0,248.0,132.0,2308.0,4224.0,60.0
Dilithium5.out,42229448,42257240,42313555,42332421,42358349,42372310,42392738,42432482,42457781,42481722,42465106,42484828,0.013172073,9904.0,4096.0,248.0,132.0,2308.0,4224.0,64.0
Dilithium5.out,59944868,59966299,60000740,60019016,60042082,60055181,60069080,60080729,60104470,60118449,60132782,60138671,0.019511146,9904.0,3584.0,248.0,132.0,2308.0,4224.0,60.0
Dilithium5.out,61839590,60821702,60818348,60822004,60807165,56362555,54544614,53407165,53415664,42108023,18040629,17476641,0.005619761,9840.0,1792.0,492.0,132.0,2308.0,4224.0,60.0
Dilithium5.out,46161756,46190476,46182782,46189999,46188080,46201827,45324636,51710389,51684615,43402672,43512532,41117836,0.012754228,9904.0,2816.0,248.0,132.0,2308.0,4224.0,64.0
Dilithium5.out,67686659,67653061,67647165,67634950,67627813,67613079,67547694,62699339,60758308,24056326,20777480,20757326,0.006286871,9904.0,3584.0,248.0,132.0,2308.0,4224.0,64.0
Dilithium5.out,54398282,54434583,54459257,54476125,54503912,54534881,54557709,54574951,54589653,54603715,54616028,54634859,0.017097114,9904.0,4224.0,248.0,132.0,2308.0,4224.0,64.0
Dilithium5.out,35212480,35195835,35185364,35162303,22330990,21632037,19552086,19526027,19510054,18245804,18226370,18206455,0.005381933,9904.0,4224.0,248.0,132.0,2308.0,4224.0,52.0
Dilithium5.out,68194241,68201187,68198350,68193211,18676405,18638626,18611057,18615538,18603339,18586118,18573546,18561773,0.005494525,9904.0,4096.0,248.0,132.0,2308.0,4224.0,60.0
Dilithium5.out,42533185,42546199,42541009,42522055,17147545,17096294,17095412,17103467,17089336,17070627,17071296,17063625,0.005166021,9904.0,3584.0,248.0,132.0,2308.0,4224.0,60.0
Dilithium5.out,17173719,17200573,17210900,17218105,17268001,17306094,17317012,17325412,17326496,17327141,17330024,17325672,0.005553531,9904.0,2944.0,248.0,132.0,2308.0,4224.0,60.0
Dilithium5.out,87616762,83073167,83085059,83038612,20110981,20107059,20100047,20105108,20100256,20102685,20093599,20108543,0.00589239,10179.111111111111,3660.4444444444443,554.6666666666666,132.0,1993.3333333333333,3699.5555555555557,60.888888888888886
Dilithium5.out,19011495,19022772,19032238,19039174,19039890,19040361,19046045,19060672,19071596,19073459,19077356,19068466,0.005785125,6856.0,3136.0,420.0,132.0,2308.0,2200.0,50.0
Dilithium5.out,73366577,73378045,73396852,73440170,21422941,21316664,21296022,19678611,19661539,19653825,19655097,19661845,0.005787111,9904.0,4224.0,248.0,132.0,2308.0,4224.0,60.0
Dilithium5.out,59903099,59130133,59128338,58910136,22801657,22783964,22771054,21791197,21772981,21753176,18625732,17859888,0.005417656,10048.0,4608.0,392.0,132.0,2308.0,4224.0,60.0
Dilithium5.out,56437985,56434541,56430032,56147875,25543309,25516509,25416809,25410690,25403569,25399331,19745159,18650061,0.005600887,9904.0,3968.0,248.0,132.0,2308.0,4224.0,64.0
Dilithium5.out,63723714,59658705,59477256,58073579,20722190,20701674,20720202,20706218,20699012,20696587,20687074,20692058,0.006083577,0,0,0,0,0,0,0
Dilithium5.out,17600058,17636859,17643998,17632364,17657931,17665602,17676660,17685002,17695689,17711057,17726721,17728821,0.005379368,10332.0,4992.0,676.0,132.0,2308.0,4224.0,68.0
Dilithium5.out,17166530,17199363,17214413,17239529,17284367,17314641,17358179,17389608,18522024,18555106,18577247,18588972,0.005622361,9904.0,4224.0,248.0,132.0,2308.0,4224.0,64.0
Dilithium5.out,81743296,81755650,81560894,97113763,95907218,76069127,74961662,101890435,101901107,101383039,102669494,105991261,0.03299153,10152.0,3648.0,650.0,132.0,2308.0,4224.0,58.0
Dilithium5.out,69536797,69589595,69610744,69617111,69630965,69667336,69679523,69698067,69728284,69745213,18017720,17992367,0.005379628,9904.0,4224.0,248.0,132.0,2308.0,4224.0,64.0
Dilithium5.out,86452926,86191510,86195467,81926373,81981341,82011402,73056504,69503906,69222115,65016845,18438298,18372510,0.005594975,10464.0,5888.0,808.0,132.0,2308.0,4224.0,72.0
Dilithium5.out,61333126,58089191,58060656,57032207,57033861,57015929,57010917,43945409,43920995,43690357,17974812,17920798,0.005464954,9904.0,3456.0,248.0,132.0,2308.0,4224.0,68.0
Dilithium5.out,17799006,17797120,17801280,17807559,17817194,17815444,17819414,17821024,17819543,17820598,17830285,17855814,0.005255713,0,0,0,0,0,0,0
Dilithium5.out,79719408,79723081,79740703,79737004,79731704,69048493,66820273,66839776,67162923,73391230,65829267,63171411,0.019166071,9904.0,4224.0,248.0,132.0,2308.0,4224.0,60.0
Dilithium5.out,97564256,97286138,97069368,96627250,96631740,96465885,94353985,58727265,58666490,58663709,19434744,18145615,0.005486145,9904.0,3584.0,248.0,132.0,2308.0,4224.0,64.0
Dilithium5.out,56719291,56770223,56799128,56833506,56888183,56918442,56938358,56964429,56977676,57012653,57037203,57064777,0.017249464,9904.0,4224.0,248.0,132.0,2308.0,4224.0,60.0
Dilithium5.out,66604986,66636464,66656412,66678768,66701989,66731299,66740894,66754587,66766397,66781833,66796066,66806714,0.020903647,9904.0,4224.0,248.0,132.0,2308.0,4224.0,60.0
Dilithium5.out,17871077,17922569,17933526,17932756,17957852,17990402,17997938,18012689,18030808,18022840,18054679,18083840,0.00582064,10464.0,6016.0,808.0,132.0,2308.0,4224.0,60.0
Dilithium5.out,66416038,66399667,66439081,66437650,66427279,66415113,65974495,44175501,44139517,44141911,19055373,18809943,0.006058657,10464.0,4992.0,808.0,132.0,2308.0,4224.0,68.0
Dilithium5.out,75327339,75321702,75350146,75379668,75390879,74603446,69966372,46309014,46286578,46280426,22533290,19060522,0.006342971,10464.0,5120.0,808.0,132.0,2308.0,4224.0,64.0
Dilithium5.out,21850746,21863958,21882572,21896458,21910448,21925235,21940594,21953988,21962076,21970495,22025816,22046169,0.00735714,10464.0,6144.0,808.0,132.0,2308.0,4224.0,60.0
Dilithium5.out,61471483,62687968,68241188,64184626,64178944,64186296,65088023,65089247,65093511,63836153,61853011,61850396,0.020393762,10464.0,6016.0,808.0,132.0,2308.0,4224.0,68.0
Dilithium5.out,60905803,60930278,60955718,60974472,61003348,61039398,61055455,61072615,61087890,61138885,61226592,61298582,0.020483578,9972.0,152.0,304.0,132.0,892.0,1864.0,44.0
Dilithium5.out,46858088,32662053,32694852,32700405,32708907,32718206,32728545,32730282,32740569,32754143,32782395,17196950,0.005529928,10180.0,4864.0,524.0,132.0,2308.0,4224.0,60.0
Dilithium5.out,16855466,16895799,16968099,17030166,17041889,17049449,17064378,17074498,17092136,17104580,17118011,17123737,0.005531835,10332.0,4992.0,676.0,132.0,2308.0,4224.0,60.0
Dilithium5.out,47424172,32062695,32054944,32052259,32074128,32108863,32095055,32087979,32088281,32096361,32100319,17022404,0.005477901,10048.0,4608.0,392.0,132.0,2308.0,4224.0,64.0
Dilithium5.out,42506838,32181534,32159880,32149922,32162596,32179109,32181296,32167087,32167535,32166363,32159582,17176080,0.005421462,10048.0,4480.0,392.0,132.0,2308.0,4224.0,60.0
Dilithium5.out,17395911,17433784,17464381,17477309,17487919,17483425,17499523,17508010,17526329,17537104,17541553,17544909,0.005668781,9904.0,3456.0,248.0,132.0,2308.0,4224.0,64.0
Dilithium5.out,75356919,62090216,62091744,62070033,62068086,62047590,60951918,60932566,60926103,60616693,31520412,17199670,0.005715133,9904.0,4224.0,248.0,132.0,2308.0,4224.0,64.0
Dilithium5.out,19830926,19865278,19912049,19934385,19952160,19966686,19977856,19987159,20004888,20021720,20042364,20046754,0.006475091,9904.0,3456.0,248.0,132.0,2308.0,4224.0,60.0
Dilithium5.out,45925345,34406812,34386618,26119874,26092214,26104216,26090698,26069850,26064002,25663474,25647491,17717252,0.005880938,10332.0,4992.0,676.0,132.0,2308.0,4224.0,60.0
Dilithium5.out,59313467,47835757,47615695,47590855,27238073,27190658,24132753,24105460,24077182,23231265,23238190,17045354,0.005676757,9904.0,3968.0,248.0,132.0,2308.0,4224.0,64.0
Dilithium5.out,16064417,16073037,16089201,16090405,16103905,16127668,16127642,16113909,16124344,16129309,16135005,16135555,0.005382544,0,0,0,0,0,0,0
Dilithium5.out,62376944,47402047,46881322,43509996,37459355,37431977,36252518,36237056,36024286,33762281,30990690,17649607,0.00586954,9840.0,1280.0,492.0,132.0,2308.0,4224.0,60.0
Dilithium5.out,31702695,31714644,31737598,31752404,31761263,31768009,31786245,31852548,31872299,31883427,31883011,31880466,0.010301437,10184.0,5184.0,528.0,132.0,2308.0,4224.0,60.0
Dilithium5.out,62153850,61332605,60856914,59097047,59087510,59076570,59064722,20152176,20121190,20101178,20089519,16863533,0.005429369,9904.0,3968.0,248.0,132.0,2308.0,4224.0,60.0
Dilithium5.out,16649746,16667642,16693034,16718353,16741894,17712914,17731786,17747045,17762459,17772492,17780289,17788495,0.005940416,9904.0,4224.0,248.0,132.0,2308.0,4224.0,64.0
Dilithium5.out,18479373,18524455,18551068,18569581,18601894,18614379,18637914,18657041,18670923,18681017,18686916,18700210,0.006242717,9904.0,3968.0,248.0,132.0,2308.0,4224.0,60.0
Dilithium5.out,61598650,61286695,60802381,57133232,56543691,56527613,56547738,17935793,17896955,17875055,17873521,16641801,0.005417192,10332.0,4992.0,676.0,132.0,2308.0,4224.0,64.0
Dilithium5.out,81399116,81358268,80865725,78515237,68998263,68954236,66634685,33261860,30897528,30847320,29863453,17083404,0.005571188,9828.0,384.0,420.0,132.0,2308.0,4224.0,48.0
Dilithium5.out,16558376,16551516,16556566,16549185,16520179,16519830,16515994,16516607,16510224,16505428,16509609,16518244,0.005513085,9904.0,4224.0,248.0,132.0,2308.0,4224.0,60.0
Dilithium5.out,18978630,19026598,19050634,19104767,19121202,19133414,19156715,19202679,19240253,19251191,19274907,19275823,0.006225022,9904.0,3584.0,248.0,132.0,2308.0,4224.0,64.0
Dilithium5.out,40791143,40780687,40806092,40822629,40840866,40849562,40865269,40899960,40913024,40914920,40908618,40904820,0.013215946,9904.0,3456.0,248.0,132.0,2308.0,4224.0,60.0
Dilithium5.out,17357284,17373543,17404700,17420261,17460274,17467464,17481289,17487621,17502955,17512127,17522292,17525308,0.005848394,9904.0,4224.0,248.0,132.0,2308.0,4224.0,60.0
Dilithium5.out,54647861,54626219,54270052,54277051,54271546,54261918,54253328,50258022,50241433,41244990,27536452,17619207,0.006057204,9904.0,4224.0,248.0,132.0,2308.0,4224.0,64.0
Dilithium5.out,29791292,29801179,29822023,29824899,29830831,29818097,29829128,29839083,29854429,29859998,29873331,29884115,0.009977728,10180.0,4736.0,524.0,132.0,2308.0,4224.0,64.0
Dilithium5.out,18860174,18875896,18898895,18911227,18921339,18928225,18939988,18949417,18961655,18987543,18999009,19002100,0.006338249,9904.0,4224.0,248.0,132.0,2308.0,4224.0,60.0
Dilithium5.out,17615492,17629493,17646683,17661072,17674759,17679895,17691622,17686844,17692506,17697095,17704020,17707017,0.005717993,9904.0,3584.0,248.0,132.0,2308.0,4224.0,60.0
Dilithium5.out,17137137,17146914,17194344,17206367,17212250,17213551,17230064,17250654,17269153,17275914,17289887,17298668,0.00558657,9904.0,3456.0,248.0,132.0,2308.0,4224.0,60.0
Dilithium5.out,47280063,46803716,46133588,41761934,41709676,41646006,41640094,32645158,32601894,32579608,31864929,17685154,0.005516378,10332.0,4992.0,676.0,132.0,2308.0,4224.0,64.0
Dilithium5.out,72807925,72833651,72440526,77845251,77823346,77824346,77836058,52890627,52876596,52522393,52261234,49606125,0.014997787,9904.0,3584.0,248.0,132.0,2308.0,4224.0,60.0
Dilithium5.out,72821938,72842536,72923931,72717397,72733548,72756838,72092703,21020493,21009666,21046653,19812959,19810945,0.005996048,9972.0,152.0,304.0,132.0,892.0,1864.0,44.0
Dilithium5.out,55454318,55448140,55467185,55465681,55479047,55479565,55477045,17380724,16918887,16899164,16902497,16892942,0.005208582,10113.333333333334,3506.6666666666665,453.3333333333333,132.0,1836.0,3437.3333333333335,56.0
Dilithium5.out,19466301,19504110,19532061,19557691,19591680,19682023,19713472,19738776,19750513,19757174,19767000,19807765,0.006006565,9938.0,2188.0,276.0,132.0,1600.0,3044.0,52.0
Dilithium5.out,89233555,92196451,91703435,90498817,62670350,62133127,62134773,47792354,49119577,48232606,47277412,43760685,0.013789284,9840.0,1280.0,492.0,132.0,2308.0,4224.0,52.0
Dilithium5.out,29624789,29622364,29598670,29608602,29602835,28626659,28505937,27478026,27463465,27452729,27442643,16973568,0.005258032,9904.0,4224.0,248.0,132.0,2308.0,4224.0,60.0
Dilithium5.out,19508734,19521191,19564602,19632498,19661838,19681475,19735133,19748694,19758668,19774943,19786675,19817930,0.005835695,9904.0,4224.0,248.0,132.0,2308.0,4224.0,60.0
Dilithium5.out,35775148,35759456,35747406,35744178,35748193,35738119,35727704,19992784,19945324,18466931,18338337,17860317,0.005396884,9972.0,152.0,304.0,132.0,892.0,1864.0,44.0
Dilithium5.out,68853100,68901536,68903610,68933696,68941438,68955539,68965084,68974545,68974062,68978867,18163063,17985408,0.005611031,10218.0,3148.0,556.0,132.0,1600.0,3044.0,50.0
Dilithium5.out,33395052,33403810,33389077,33381387,33380812,33384711,33386160,33393312,33396065,33402767,19240774,17723893,0.005359516,9904.0,3968.0,248.0,132.0,2308.0,4224.0,60.0
Dilithium5.out,58679043,58741670,58757058,58772460,58795559,58790950,58804050,42858435,42824486,42804884,20702236,20667081,0.006244591,10464.0,5120.0,808.0,132.0,2308.0,4224.0,60.0
Dilithium5.out,23675316,23699847,23718627,23704793,23682594,23679586,23700346,23720637,23751619,23763859,23754411,23777937,0.007087099,9904.0,4224.0,248.0,132.0,2308.0,4224.0,60.0
Dilithium5.out,31108131,31138496,31137750,31127518,31140775,31154233,31171560,31189304,31199122,31214084,20972220,19689804,0.006148007,9772.0,2176.0,116.0,132.0,2308.0,4224.0,56.0
Dilithium5.out,26888123,26906518,26948042,26941952,26936667,26914136,26922964,26941396,26889881,26895331,26899290,26900228,0.008159224,10464.0,5888.0,808.0,132.0,2308.0,4224.0,64.0
Dilithium5.out,62398881,54655281,29648669,29612942,29557144,29516362,29472259,29459468,29442561,29437702,17442314,17426205,0.005433625,9938.0,1420.0,276.0,132.0,1600.0,3044.0,50.0
Dilithium5.out,66124002,30569813,30537995,30516035,30492501,30471035,30422667,30421576,30416507,30403737,18226030,18181413,0.005647534,10464.0,6016.0,808.0,132.0,2308.0,4224.0,64.0
Dilithium5.out,107928488,57854429,57825395,57828126,57839309,57859901,57862640,57867911,45645035,45622335,20147517,19347640,0.006129692,0,0,0,0,0,0,0
Dilithium5.out,38687243,38691248,38691582,38682266,38640562,38639156,38648077,38654486,21788696,18311893,17947793,17951657,0.005777064,9840.0,1152.0,492.0,132.0,2308.0,4224.0,56.0
Dilithium5.out,68048897,65225545,64699125,64706599,20948238,20945406,20967936,20959138,20034669,20025743,20050332,20043986,0.00612616,9772.0,2432.0,116.0,132.0,2308.0,4224.0,56.0
Dilithium5.out,59074775,57096268,57113042,57114000,32646054,32618281,32605509,32508737,20524125,18851093,18809795,18798214,0.006053668,9904.0,3456.0,248.0,132.0,2308.0,4224.0,60.0
Dilithium5.out,48415726,48423053,48419928,48422884,18193966,18164994,18150079,18138478,18123899,18119312,18115144,18143151,0.005495346,9904.0,2816.0,248.0,132.0,2308.0,4224.0,60.0
Dilithium5.out,18058090,18070368,18073677,18075317,18103554,18127520,18139043,18146425,18147657,18153798,18170326,18170793,0.00545992,9904.0,3456.0,248.0,132.0,2308.0,4224.0,60.0
Dilithium5.out,54838740,54889226,54911812,54917569,54950197,54989556,55018971,55031404,55059137,55068768,55072402,55076690,0.01671897,9904.0,3456.0,248.0,132.0,2308.0,4224.0,60.0
Dilithium5.out,17969672,18003556,18007652,18009567,18024143,18052071,18063887,18067784,18072404,18082785,18101673,18102526,0.0054865,10184.0,5056.0,528.0,132.0,2308.0,4224.0,60.0
Dilithium5.out,69174731,69197317,69230502,69238225,69247709,69260798,69277200,69307143,69332541,69342136,69351248,69362933,0.021312027,9904.0,3584.0,248.0,132.0,2308.0,4224.0,56.0
Dilithium5.out,77614885,77647248,77707831,77758441,77824936,77868587,77890026,77926663,77971526,78012007,78032663,78065308,0.025515637,10464.0,5120.0,808.0,132.0,2308.0,4224.0,60.0
Dilithium5.out,56820426,56891517,56911698,56919232,56941130,56968207,56976391,56985333,56995883,56986568,56996351,57004591,0.017176279,10180.0,4864.0,524.0,132.0,2308.0,4224.0,64.0
Dilithium5.out,58010575,30680508,30641823,30504611,18459516,18445140,18403480,18370889,18344631,18314869,18299547,18292813,0.005533202,10332.0,4992.0,676.0,132.0,2308.0,4224.0,60.0
Dilithium5.out,83106239,73770064,36743418,36724860,24526073,24505577,20107219,20078944,20070642,20051464,20031811,18792940,0.006048029,9972.0,152.0,304.0,132.0,892.0,1864.0,44.0
Dilithium5.out,78503393,39911064,39399002,30272513,26942545,26923768,26919604,26925994,26919419,26912023,26908004,19000201,0.005767636,9904.0,3968.0,248.0,132.0,2308.0,4224.0,60.0
Dilithium5.out,55643959,31271137,31256689,26351071,18754231,18729509,18719718,18711798,18693182,18687072,18680589,18670085,0.005916344,10332.0,4992.0,676.0,132.0,2308.0,4224.0,64.0
Dilithium5.out,69813410,64770160,65417846,65410915,66229613,66934448,68347377,68340520,75155948,74960641,74964934,74929413,0.023337398,7616.0,256.0,32.0,132.0,2308.0,176.0,40.0
Dilithium5.out,56258443,56287587,56280459,56278604,36240225,36019739,35894115,23088053,18322674,18293121,17740322,17729220,0.005708973,10180.0,4864.0,524.0,132.0,2308.0,4224.0,64.0
Dilithium5.out,47310570,47307250,47316217,47334353,22531407,21592028,19509518,19354730,19334655,19039052,19101651,19124092,0.006007159,9904.0,4224.0,248.0,132.0,2308.0,4224.0,60.0
Dilithium5.out,84342118,81318503,78711930,77399352,35628918,35538757,35511105,21819715,20848664,19000156,18979216,18942965,0.005909671,9904.0,3584.0,248.0,132.0,2308.0,4224.0,60.0
Dilithium5.out,67057865,67051017,67053687,66583128,38631775,38655161,38631834,22874074,21840009,21820279,21800515,21785156,0.006656679,9904.0,4224.0,248.0,132.0,2308.0,4224.0,60.0
Dilithium5.out,72272107,71304104,37435744,37408360,25404679,24593537,22154632,19865814,19852389,19835695,19814228,19793993,0.006371261,10332.0,4992.0,676.0,132.0,2308.0,4224.0,64.0
Dilithium5.out,71484538,71518023,36391818,36368327,24045962,24035347,24020232,18224954,17949654,17929126,17733719,17709540,0.005703872,9904.0,3712.0,248.0,132.0,2308.0,4224.0,60.0
Dilithium5.out,17347673,17384932,17398619,17397728,17395469,17430045,17468013,17484982,17500698,17532610,17544207,17546586,0.005363295,10464.0,6016.0,808.0,132.0,2308.0,4224.0,60.0
Dilithium5.out,18017740,18039108,18054848,18068094,18076783,18086316,18117787,18123629,18125918,18135425,18139662,18145939,0.005673842,9972.0,152.0,304.0,132.0,892.0,1864.0,44.0
Dilithium5.out,55740185,55773602,55831821,55864968,55902207,55900767,55923014,55941359,55965678,55970346,55982341,55992186,0.018470316,9904.0,4224.0,248.0,132.0,2308.0,4224.0,60.0
Dilithium5.out,54448040,54447035,54442248,54430534,51571152,45960283,45925449,45925023,45917391,45876546,45841491,45837594,0.014061585,9904.0,4224.0,248.0,132.0,2308.0,4224.0,60.0
Dilithium5.out,72297146,72294637,37685039,37478488,25437230,25378378,24842077,24841821,24657301,22695546,22681391,17303057,0.005569083,9972.0,152.0,304.0,132.0,892.0,1864.0,40.0
Dilithium5.out,19294010,19310742,19322316,19346588,19363253,19376586,19408064,19420984,19419980,19439626,19448933,19456983,0.00608458,10218.0,3724.0,556.0,132.0,1600.0,3044.0,60.0
Dilithium5.out,78183037,78207220,68960644,65303773,51718057,27442238,26967718,29070542,31515292,31521385,31508773,32228118,0.010065063,10464.0,5120.0,808.0,132.0,2308.0,4224.0,60.0
Dilithium5.out,21226965,21237641,21252963,21259861,21267196,21272046,21271799,21276033,21285892,21280045,21287168,21289515,0.006567708,9840.0,1408.0,492.0,132.0,2308.0,4224.0,60.0
Dilithium5.out,17707784,17701461,17666878,17666752,17671795,17677945,17673685,17670976,17702589,17705474,17056462,17769295,0.00538786,10464.0,5120.0,808.0,132.0,2308.0,4224.0,64.0
Dilithium5.out,75139529,74212171,61590689,67841448,60829273,50198844,50195573,50121593,50119916,48206646,48758717,49908727,0.015854982,10464.0,6144.0,808.0,132.0,2308.0,4224.0,60.0
Dilithium5.out,45394195,45401071,45420158,45436015,45450437,45473072,45483873,45491879,45502998,45529692,45550748,45557196,0.014261417,9904.0,3584.0,248.0,132.0,2308.0,4224.0,60.0
Dilithium5.out,81367542,81409444,43873491,29676775,19026080,19001819,18984177,18963377,18954473,18939225,18929310,18666422,0.005961734,9904.0,3456.0,248.0,132.0,2308.0,4224.0,60.0
Dilithium5.out,64507649,64358791,62226911,54268277,62059035,61997381,62004419,60155081,60250457,62719182,62711861,63004303,0.020238409,9904.0,3968.0,248.0,132.0,2308.0,4224.0,60.0
Dilithium5.out,71717447,71695525,60196889,65208197,60985706,54353026,48588829,48785520,48773825,48958301,49049376,49105757,0.015988573,9904.0,3584.0,248.0,132.0,2308.0,4224.0,60.0
Dilithium5.out,54708665,54724754,54746707,54764779,54784552,54830265,54838313,54849739,54862005,54862284,54875996,54887671,0.017184414,0,0,0,0,0,0,0
Dilithium5.out,117626390,117630259,79071925,77474584,66814682,54376262,54343505,52720322,52701882,52691491,18004830,17954298,0.005970518,0,0,0,0,0,0,0
Dilithium5.out,52202351,52227686,52247730,52262576,52278919,52309777,52320591,52333945,52346235,52359087,52381906,52368170,0.01704758,0,0,0,0,0,0,0
Dilithium5.out,17929766,17971146,17975577,18011096,18024010,18050303,18093674,18107648,18112545,18106996,18116383,18128832,0.005852598,0,0,0,0,0,0,0
Dilithium5.out,19394419,19410911,19443561,19468164,19503618,19521472,19535814,19577446,19588172,19598951,19614026,19642467,0.006260913,0,0,0,0,0,0,0
Dilithium5.out,18460531,18482280,23277177,23345456,23381643,23417793,23449257,23471525,23485920,23520545,23550057,23576603,0.007379941,9972.0,152.0,304.0,132.0,892.0,1864.0,40.0
Dilithium5.out,67563745,66649078,43186887,43184781,43195946,32786502,32739400,32716588,32716310,25522175,19629673,19598071,0.006311737,9904.0,4224.0,248.0,132.0,2308.0,4224.0,68.0
Dilithium5.out,43910259,43940192,43965638,44017456,44040473,44076242,44094623,44110317,44108986,44124291,44146109,44161636,0.014310522,10184.0,4544.0,528.0,132.0,2308.0,4224.0,64.0
Dilithium5.out,19579210,19568663,20031521,20052998,20061318,20080501,20086018,20085313,20094040,20098077,20108371,20120232,0.006675745,9938.0,2060.0,276.0,132.0,1600.0,3044.0,52.0
Dilithium5.out,18337470,18355834,18365537,18378123,18390765,18441357,18439669,18445252,18457146,18460823,18470982,18485508,0.005968116,10113.333333333334,3037.3333333333335,453.3333333333333,132.0,1836.0,3437.3333333333335,53.333333333333336
Dilithium5.out,65882931,62565595,54024740,51968182,51951884,30238626,30197889,30185411,30169693,30156788,18711276,18674913,0.006094046,9958.4,966.4,292.8,132.0,1175.2,2336.0,50.4
Dilithium5.out,25538636,25562554,25580494,25593107,25608757,25638656,25650096,25643174,25661010,25673570,25690184,25709135,0.008443177,9955.0,1138.0,290.0,132.0,1246.0,2454.0,48.0
Dilithium5.out,20999246,21029131,21059388,21102778,21172080,21244179,21297118,21274126,21283633,21296428,21310406,21326674,0.00646719,9904.0,4224.0,248.0,132.0,2308.0,4224.0,64.0
Dilithium5.out,77588974,74616724,62108580,56517534,37883434,26960358,20066989,19681684,19652038,18883309,18869003,17683207,0.005885031,9904.0,4224.0,248.0,132.0,2308.0,4224.0,60.0
Dilithium5.out,19827984,19839962,19864804,19892744,19907015,19916102,19939373,19949746,19961932,19979055,19987405,20006321,0.006256119,9972.0,152.0,304.0,132.0,892.0,1864.0,40.0
Dilithium5.out,99387949,95302517,96685108,86234775,80924607,68896166,57417899,56731741,20136657,20092591,20073594,20058731,0.006356672,9904.0,3456.0,248.0,132.0,2308.0,4224.0,60.0
Dilithium5.out,20026458,20042804,20050492,20058954,20054721,20896242,19956406,19978375,19995000,20018394,20035287,20048012,0.006473043,10218.0,3148.0,556.0,132.0,1600.0,3044.0,52.0
Dilithium5.out,55484013,55516108,55555936,55577999,55583809,55605557,55634135,55652182,55650291,55667569,55685871,55698591,0.018396255,9972.0,856.0,304.0,132.0,892.0,1864.0,48.0
Dilithium5.out,49489569,49531501,49487724,46704767,39717950,39652879,39642089,39605531,20194870,20173949,20165875,20144349,0.006109875,9938.0,2444.0,276.0,132.0,1600.0,3044.0,58.0
Dilithium5.out,56664260,56703076,56715609,56736677,56745351,56762903,56777482,56790455,56817099,56848167,56856422,56860527,0.018452797,0,0,0,0,0,0,0
Dilithium5.out,53494847,53507333,53511136,53473617,30987124,30938429,24499449,22399200,18065160,18069903,18041867,17983697,0.005679667,0,0,0,0,0,0,0
Dilithium5.out,30449302,30470684,30536185,30550507,30567178,30572465,30562654,30581822,30598406,30605261,30608584,30599293,0.010031038,9904.0,2944.0,248.0,132.0,2308.0,4224.0,64.0
Dilithium5.out,61113393,57348432,57359343,57067616,60099542,62375618,64001303,64003993,49470292,49708042,49713268,49716830,0.01605163,9938.0,2060.0,276.0,132.0,1600.0,3044.0,52.0
Dilithium5.out,41769108,41775332,41774199,41797214,41816043,41835297,41849626,41868881,41873623,41891539,41897296,41910566,0.013332838,9972.0,152.0,304.0,132.0,892.0,1864.0,44.0
Dilithium5.out,68048653,66054468,66025137,66009207,49245522,62917233,61547519,62581709,87240050,85572766,85572111,85073829,0.027252995,10113.333333333334,3506.6666666666665,453.3333333333333,132.0,1836.0,3437.3333333333335,53.333333333333336
Dilithium5.out,68213425,68225226,68237219,65703179,62723452,62774751,62769453,62768987,19489821,19495472,19498335,19501407,0.006279023,10113.333333333334,3506.6666666666665,453.3333333333333,132.0,1836.0,3437.3333333333335,53.333333333333336
Dilithium5.out,18025372,18059496,18089318,18090294,18067139,18066098,18074404,18059763,18041963,18035493,18029036,18020126,0.00573873,7682.666666666667,1458.6666666666667,192.0,132.0,1836.0,2088.0,49.333333333333336
Dilithium5.out,101145010,101159063,101159756,96743559,66100680,78562069,76924429,76918192,49888470,48543967,48528541,48484102,0.015498093,9972.0,152.0,304.0,132.0,892.0,1864.0,40.0
Dilithium5.out,66516179,66376616,66357262,66368226,37751118,37722335,37701947,37692050,25258548,25235778,25248387,19057184,0.005928884,0,0,0,0,0,0,0
Dilithium5.out,66901635,66895393,66877786,59799084,56172141,53369541,53347659,53334755,43646161,40885654,40861467,18624563,0.005997349,9926.666666666666,2696.0,266.6666666666667,132.0,1836.0,3437.3333333333335,60.0
Dilithium5.out,57297396,57310330,57323182,57339030,57341813,57357837,57352004,57360054,57368850,57372459,57383641,57389648,0.018921507,0,0,0,0,0,0,0
Dilithium5.out,70027010,70032647,70048242,70055954,70064928,70078654,70085395,70114647,70130860,70140084,70157628,70176370,0.021771817,0,0,0,0,0,0,0
Dilithium5.out,67467259,66368171,66372262,66366401,55318556,55202732,55205850,50013563,43240788,41450232,41436136,18292056,0.005709516,10300.0,4061.3333333333335,640.0,132.0,1836.0,3437.3333333333335,54.666666666666664
Dilithium5.out,16988442,16998269,16999092,17006755,17011248,17014534,17024030,17014656,17007546,17030424,17040744,17045933,0.005329292,10113.333333333334,3506.6666666666665,453.3333333333333,132.0,1836.0,3437.3333333333335,56.0
Dilithium5.out,41018675,41034858,41047212,41054025,41081828,41088664,41051807,41053197,41071293,41077517,41093348,41098186,0.012771486,0,0,0,0,0,0,0
Dilithium5.out,67819375,67851319,67849055,67847426,55577152,55361896,53879137,52440921,17591985,17548712,17540479,17518218,0.005465582,0,0,0,0,0,0,0
Dilithium5.out,72767049,72756257,72759813,72758187,47758327,34516324,34029631,33466927,23715040,18980975,18942686,18014554,0.005732644,6813.333333333333,2098.6666666666665,370.6666666666667,89.33333333333333,1066.6666666666667,2029.3333333333333,40.0
Dilithium5.out,68274948,68271311,67261631,67204822,54974684,54816036,54771657,54749140,19231088,19186690,18632862,18606146,0.005973699,9972.0,152.0,304.0,132.0,892.0,1864.0,44.0
Dilithium5.out,64523515,64337572,63541743,61787086,43275599,40646904,35813091,31079909,18044585,18020038,18002531,18022413,0.005633768,10152.0,2572.0,490.0,132.0,1600.0,3044.0,50.0
Dilithium5.out,69199889,65498266,65462273,63133208,63127476,62842550,62842467,62840000,24631799,24574753,24530318,18278447,0.005699346,9949.333333333334,1253.3333333333333,285.3333333333333,132.0,1364.0,2650.6666666666665,48.0
Dilithium5.out,112994297,111629630,111618171,111611290,111022521,110538578,110523465,106111741,102253734,102241207,53256485,17345198,0.005580276,9938.0,2060.0,276.0,132.0,1600.0,3044.0,50.0
Dilithium5.out,24195474,24221356,24233116,24252539,24268308,24291184,24300831,24310283,24316279,24319595,24337560,24343047,0.007860971,9926.666666666666,3250.6666666666665,266.6666666666667,132.0,1836.0,3437.3333333333335,58.666666666666664
Dilithium5.out,87163638,87170668,87149244,87141119,87118754,87119910,87118212,85939908,53803139,53769184,41197283,36945272,0.011510525,10185.0,3430.0,603.0,132.0,1954.0,3634.0,55.0
Dilithium5.out,54284604,54311436,54335714,54371244,54398434,54432977,54491919,54503608,54530401,54561046,54599793,54626385,0.017163109,10464.0,6016.0,808.0,132.0,2308.0,4224.0,76.0
Dilithium5.out,69669093,69668742,69661180,69668198,69667495,69568359,69561920,68219041,58693784,58669534,19981008,18832714,0.00586476,0,0,0,0,0,0,0
Dilithium5.out,75478111,75493124,75495083,75528562,75534859,75535343,75543087,75585245,37859814,37838465,25229999,18731941,0.006006396,10113.333333333334,3080.0,453.3333333333333,132.0,1836.0,3437.3333333333335,54.666666666666664
Dilithium5.out,67099011,67109913,67104220,67101964,67108419,62546172,64996644,64994116,74086041,73232337,49331505,49667108,0.016075237,10113.333333333334,3250.6666666666665,453.3333333333333,132.0,1836.0,3437.3333333333335,54.666666666666664
Dilithium5.out,67170074,65792594,65792292,65796142,65784245,62783393,62783887,62778882,74969689,73689132,75583099,76865352,0.024363569,9972.0,152.0,304.0,132.0,892.0,1864.0,48.0
Dilithium5.out,56613488,56608618,56607083,54974046,54467261,49452311,49430903,49364681,44787345,41619705,17996895,17489457,0.005722648,10010.0,2380.0,348.0,132.0,1600.0,3044.0,52.0
Dilithium5.out,94623683,94683726,94730060,94728218,94723634,94724917,94693792,94692518,58239292,58202829,19292528,18320505,0.00552681,10300.0,4061.3333333333335,640.0,132.0,1836.0,3437.3333333333335,53.333333333333336
Dilithium5.out,83110832,83117423,66182880,66150350,66122743,66124931,66131614,66120494,62516965,61665545,18162361,18101339,0.005479543,9872.0,2124.0,210.0,132.0,1600.0,3044.0,54.0
Dilithium5.out,31269807,31296505,31315107,31332919,31348872,31353863,31367990,31383443,31400215,31410729,31403554,31441702,0.009582721,10332.0,4992.0,676.0,132.0,2308.0,4224.0,64.0
Dilithium5.out,77230925,77237917,77234014,77225856,77241094,77237757,77266542,76697742,31953605,31879594,19280497,18109415,0.005647912,10113.333333333334,3421.3333333333335,453.3333333333333,132.0,1836.0,3437.3333333333335,56.0
Dilithium5.out,68005824,68011120,32271692,32234810,32251946,32277365,32273793,32302693,32326583,32324646,19264585,19212898,0.005635651,10010.0,2444.0,348.0,132.0,1600.0,3044.0,50.0
Dilithium5.out,57790798,57820081,57826742,57872218,57892221,57907223,57926571,57942322,57966107,57992980,58014733,58025310,0.018719134,9904.0,3584.0,248.0,132.0,2308.0,4224.0,60.0
Dilithium5.out,76599414,76613195,76623244,76643076,76657148,76672229,76692289,76701139,76713747,76732841,76742552,76746807,0.024865738,9972.0,152.0,304.0,132.0,892.0,1864.0,44.0
Dilithium5.out,78819751,78796395,70337635,68793259,68808999,68801301,66085416,65542177,32363453,30897144,19995376,20014539,0.006267848,9904.0,4224.0,248.0,132.0,2308.0,4224.0,68.0
Dilithium5.out,41357179,41361500,41373746,41401333,41448953,41465251,41460468,41472097,41492431,41518289,41532784,41533520,0.012784749,7616.0,384.0,420.0,132.0,2308.0,2604.0,44.0
Dilithium5.out,65075393,65098243,65118448,65173376,65206405,65233328,65257239,65274393,65293946,65284862,65308018,65358210,0.020161598,10332.0,4992.0,676.0,132.0,2308.0,4224.0,64.0
Dilithium5.out,20070163,20099990,20121297,20151546,20175660,20201223,20219372,20232194,20250734,20262506,20298551,20310767,0.006405375,10113.333333333334,3250.6666666666665,453.3333333333333,132.0,1836.0,3437.3333333333335,54.666666666666664
Dilithium5.out,20354551,20373566,20377607,20393494,20405103,20424935,20441368,20464277,20489527,20520572,20538338,20543218,0.00659728,10464.0,5760.0,808.0,132.0,2308.0,4224.0,60.0
Dilithium5.out,89233746,89253820,89270727,89289791,89305942,89313983,89313878,89309533,89319131,89336727,89342886,89349723,0.028756737,10218.0,3788.0,556.0,132.0,1600.0,3044.0,60.0
Dilithium5.out,58292917,58089255,58114879,58137203,58151010,58172750,58195922,58207573,58223857,58242386,58256994,58261574,0.018567521,9904.0,3456.0,248.0,132.0,2308.0,4224.0,60.0
Dilithium5.out,68806843,68827305,68842505,68856733,68874258,68884138,68901422,68917609,68933737,68956949,68969462,68983267,0.021777348,10341.0,4646.0,682.0,132.0,1954.0,3634.0,64.0
Dilithium5.out,69317094,69339850,58688929,56633492,53483385,53422059,52923639,50448551,19906353,19886217,19888888,19886653,0.006105633,10092.0,2482.6666666666665,534.6666666666666,132.0,1836.0,3437.3333333333335,52.0
Dilithium5.out,69784731,60296959,34926702,34905129,34968062,34958529,34947575,34946597,22240794,22203964,17448111,17393208,0.005166771,9938.0,2060.0,276.0,132.0,1600.0,3044.0,50.0
Dilithium5.out,89900832,89906121,68991217,68952550,56260787,56222612,54606044,53913882,18086042,18047853,18033271,18019953,0.005362328,9997.333333333334,2704.0,333.3333333333333,132.0,1364.0,2650.6666666666665,57.333333333333336
Dilithium5.out,69776145,69798996,69812470,69837706,69884028,69957261,69985121,70005237,70031480,70054677,70075041,70084321,0.021288094,0,0,0,0,0,0,0
Dilithium5.out,65372739,64705434,43645036,43598494,43571995,43558064,43340388,37694769,18163793,18131956,18108886,18093660,0.005645977,9904.0,3456.0,248.0,132.0,2308.0,4224.0,64.0
Dilithium5.out,86368490,86415348,73969861,73948720,73959054,68685662,68650316,66755862,34897341,34387380,21975177,18309148,0.00553098,10180.0,4864.0,524.0,132.0,2308.0,4224.0,60.0
Dilithium5.out,69437175,69509023,69580713,69655772,69862937,70088899,70399354,70619399,70681365,70788682,70878674,70917232,0.021776169,10184.0,5184.0,528.0,132.0,2308.0,4224.0,60.0
Dilithium5.out,60177123,60194335,60214566,60236616,60254180,60261271,60269832,60285657,60300774,60320947,60340072,60347717,0.018656509,10332.0,4992.0,676.0,132.0,2308.0,4224.0,64.0
Dilithium5.out,65389985,65423788,65447986,65468434,65488078,65496425,65508217,65526403,65535057,65555145,65576729,65585662,0.020554427,0,0,0,0,0,0,0
Dilithium5.out,66955531,66975974,53411206,53404025,53407986,53094500,53056622,53055979,20705676,20654602,20401865,20413341,0.006171841,10464.0,6016.0,808.0,132.0,2308.0,4224.0,68.0
Dilithium5.out,17158226,17199091,17199397,17202595,17197302,17187159,17185595,17210850,17221569,17235639,17243512,17235733,0.005386646,0,0,0,0,0,0,0
Dilithium5.out,56149454,56205237,56220488,56233025,56259754,56287279,56343742,56363828,56371132,56379286,56388284,56415406,0.017662289,10464.0,5888.0,808.0,132.0,2308.0,4224.0,64.0
Dilithium5.out,91919171,91056129,73279312,73243690,61082891,61052514,60069875,60053147,24194601,19694487,18223607,18202779,0.005860979,10184.0,4992.0,528.0,132.0,2308.0,4224.0,68.0
Dilithium5.out,18601794,18623040,18666913,18679642,18680969,18691488,18703415,18711596,18722258,18727963,18731228,18739683,0.006252717,2912.0,0.0,8.0,132.0,0.0,2308.0,24.0
Dilithium5.out,19203869,19214256,19224162,17647080,17641373,17644553,17666207,17662112,17667103,17678677,17658031,17649795,0.005913601,10184.0,4864.0,528.0,132.0,2308.0,4224.0,62.0
Dilithium5.out,75331541,75333059,57042827,57024716,44978060,43841238,38245111,38216701,20945576,18759380,18741437,18734929,0.006182765,0,0,0,0,0,0,0
Dilithium5.out,67196350,67203971,67124603,67128712,55421227,55394784,55184739,51885405,18110495,18052902,18075555,18068189,0.005635769,10184.0,4736.0,528.0,132.0,2308.0,4224.0,60.0
Dilithium5.out,75974750,75239526,54520529,51580261,66885700,64720851,66084117,64698899,63495340,59930854,59918465,56996280,0.017821686,9840.0,1792.0,492.0,132.0,2308.0,4224.0,56.0
Dilithium5.out,67019228,66907853,54946764,54904038,42676241,42636103,42025806,38672840,18159195,18099105,18068015,17837467,0.005743442,9904.0,3584.0,248.0,132.0,2308.0,4224.0,60.0
Dilithium5.out,109443833,109442464,100187572,100187328,87660999,87129100,87127711,86837601,45029724,47282729,47296722,47625427,0.014987365,10180.0,4864.0,524.0,132.0,2308.0,4224.0,60.0
Dilithium5.out,98533371,98545970,87228007,62542944,50206224,44243373,34746916,34720241,34711328,34693538,34675883,34647880,0.011123766,9904.0,4224.0,248.0,132.0,2308.0,4224.0,60.0
Dilithium5.out,89266770,87022057,63291608,76035452,75815719,73851590,72665469,65801905,65768833,65725076,65698407,61092499,0.01928983,10184.0,5120.0,528.0,132.0,2308.0,4224.0,62.0
Dilithium5.out,23210657,23266270,23277448,23315366,23348963,23392574,23412516,19904719,19886903,19874946,19873266,19778114,0.006177648,9904.0,4224.0,248.0,132.0,2308.0,4224.0,64.0
Dilithium5.out,121153658,117989984,112547403,87932788,62712135,61113916,58624670,59613105,61302847,61296919,61267497,62928461,0.020039911,10398.0,5568.0,742.0,132.0,2308.0,4224.0,60.0
Dilithium5.out,39171239,39209177,39219945,39227042,39257733,39274962,39289809,39305522,39321682,39330354,39354132,39377299,0.012327072,10184.0,5056.0,528.0,132.0,2308.0,4224.0,60.0
Dilithium5.out,74322889,74404982,24344740,24244897,24225660,24199671,24165101,24133926,24125600,19177590,18298796,17627083,0.005500882,0,0,0,0,0,0,0
Dilithium5.out,72483267,72496510,25079478,25012661,17411482,17381495,17355810,17331054,17323881,17327464,17318216,17300684,0.005295332,9904.0,3456.0,248.0,132.0,2308.0,4224.0,64.0
Dilithium5.out,89088878,89092703,42070619,42047217,42032285,42015557,41998459,41990074,41986675,41755547,16969745,16934007,0.00528673,10180.0,4864.0,524.0,132.0,2308.0,4224.0,60.0
Dilithium5.out,67955779,67948140,58352966,55658544,54795422,54213806,54187775,54163657,54155448,53275305,17712487,17650257,0.005501605,9958.4,1913.6,292.8,132.0,1175.2,2336.0,54.4
Dilithium5.out,66414272,66426906,28124383,28101407,24380296,22598768,19974536,18218386,18206556,18184869,18138369,18121842,0.005471479,9904.0,4096.0,248.0,132.0,2308.0,4224.0,60.0
Dilithium5.out,67834860,67823892,67312467,43732089,41607169,41292673,33084228,32062502,32042740,32025101,19627358,18519229,0.006134205,10332.0,4992.0,676.0,132.0,2308.0,4224.0,60.0
Dilithium5.out,60412212,60423238,38723235,26418233,20061653,20015052,17198134,17172493,17154618,17119676,17099795,17069796,0.00536983,9904.0,4224.0,248.0,132.0,2308.0,4224.0,64.0
Dilithium5.out,64541639,64549033,30098149,30067233,30049338,30349415,30340838,30331170,30337664,30083764,18523237,18500295,0.005863833,9904.0,3968.0,248.0,132.0,2308.0,4224.0,64.0
Dilithium5.out,61766236,58342283,45333489,20644379,20616127,20600089,19000248,18647354,18218825,18211593,18162396,18064434,0.005817708,9928.0,442.6666666666667,366.6666666666667,132.0,1364.0,2650.6666666666665,42.666666666666664
Dilithium5.out,60950944,59159542,50225936,25561357,20819598,20741103,20745028,20736524,20736298,19257330,19247652,19262822,0.006210419,0,0,0,0,0,0,0
Dilithium5.out,79559006,79553519,56249885,53236898,19185952,19130751,18639202,17727966,17711369,17692521,17614779,17593130,0.005566782,0,0,0,0,0,0,0
Dilithium5.out,55942823,55543315,30549891,30532422,19164594,19187080,18766336,18509030,18517222,18501454,18496590,18488448,0.006058312,0,0,0,0,0,0,0
Dilithium5.out,46422763,45138773,32823168,20584162,20567043,20588907,20573632,20565412,20559863,20561713,20353439,17278226,0.005563271,9904.0,4224.0,248.0,132.0,2308.0,4224.0,60.0
Dilithium5.out,20259424,20280549,20334348,20375659,20394967,19779507,19787932,19792414,19802421,19816397,19830310,19823218,0.0066126,9904.0,4224.0,248.0,132.0,2308.0,4224.0,56.0
Dilithium5.out,30703610,30724212,30751887,30766423,30794708,30816326,30823936,30862081,30875811,30888137,30920180,30945626,0.009997105,10184.0,4992.0,528.0,132.0,2308.0,4224.0,62.0
Dilithium5.out,20203588,20248533,20272417,20315521,20333430,20340954,20354259,18038434,18033638,17996649,17766077,17751983,0.005724046,10184.0,4736.0,528.0,132.0,2308.0,4224.0,60.0
Dilithium5.out,19276472,19280475,19286287,19287108,19292729,19306493,19309443,19310773,19316499,19329811,19336648,19342966,0.006455038,10184.0,4992.0,528.0,132.0,2308.0,4224.0,66.0
Dilithium5.out,60503533,60152884,48012388,36131001,24209232,22751888,20171709,19459801,19438846,17458150,17260836,17237232,0.005734995,9904.0,3968.0,248.0,132.0,2308.0,4224.0,60.0
Dilithium5.out,86026168,85192508,38132539,36196828,27122844,21502835,19812123,19187854,19199231,19181040,19160786,19121229,0.00604909,10332.0,4992.0,676.0,132.0,2308.0,4224.0,64.0
Dilithium5.out,64991235,64985299,37860180,37824837,25604176,25573171,18584925,18550581,17998545,17979774,17966874,17504248,0.005632131,10184.0,4992.0,528.0,132.0,2308.0,4224.0,66.0
Dilithium5.out,59158437,59108419,52277621,40357002,40351410,40892319,40894145,40893948,20179455,19693395,18360339,18334114,0.006037678,10118.0,4224.0,462.0,132.0,2308.0,4224.0,60.0
Dilithium5.out,65506970,65550469,65564016,65582208,47110625,47180211,46018655,46050199,17972165,18139409,18301208,18396108,0.005848202,10184.0,4608.0,528.0,132.0,2308.0,4224.0,64.0
Dilithium5.out,44511209,44512707,44522778,44529672,44534652,44540731,44546002,44554579,23180036,18708104,18680411,17934244,0.005693063,10184.0,5184.0,528.0,132.0,2308.0,4224.0,62.0
Dilithium5.out,86514628,83475422,83471159,80010241,68683457,68689282,68634821,68591858,30298622,18013500,17978608,17681877,0.005593191,10180.0,4736.0,524.0,132.0,2308.0,4224.0,60.0
Dilithium5.out,17307610,17323182,17335533,17344622,17353404,17374284,17380399,17392083,17403422,17435442,17434586,17428444,0.00580933,10048.0,4736.0,392.0,132.0,2308.0,4224.0,60.0
Dilithium5.out,74775297,71502599,71496864,66657679,39542471,39827297,39835010,39831517,27815667,25136409,20959482,18700694,0.005930787,9904.0,2944.0,248.0,132.0,2308.0,4224.0,60.0
Dilithium5.out,30170047,30180691,30192957,30215813,30226524,30229556,30241702,30284672,30322688,30348714,30376895,30387430,0.009816952,10184.0,4928.0,528.0,132.0,2308.0,4224.0,66.0
Dilithium5.out,69443000,69484699,69475981,70627683,71246675,71507850,71580760,71541523,48926152,49169773,49243613,49736675,0.01616754,10184.0,4416.0,528.0,132.0,2308.0,4224.0,64.0
Dilithium5.out,64109942,64132942,64140084,64139434,64161240,63787127,63783443,63789622,23832181,16991496,16946399,16924737,0.005454497,10256.0,5376.0,600.0,132.0,2308.0,4224.0,60.0
Dilithium5.out,67327037,67327268,66979887,67395836,72166949,72212357,72230097,74553215,74198689,78486786,49487967,49453464,0.015974165,9904.0,4096.0,248.0,132.0,2308.0,4224.0,60.0
Dilithium5.out,68976156,69012343,69010619,69027946,69200551,69634493,76562516,76586921,76595507,76591408,50317987,48407082,0.015355627,10184.0,4800.0,528.0,132.0,2308.0,4224.0,60.0
Dilithium5.out,66649071,65807013,53875111,41947923,41612681,39202286,38582131,34116325,34090819,34009677,18405255,17635603,0.005866805,9904.0,4224.0,248.0,132.0,2308.0,4224.0,64.0
Dilithium5.out,62896435,62906907,41876066,40081115,40064934,40053801,36562351,36429053,36372400,36159661,18184239,17753108,0.005714921,9904.0,3200.0,248.0,132.0,2308.0,4224.0,60.0
Dilithium5.out,67130974,67123192,32741912,24863081,24841320,24832005,22597078,22591924,22580671,22568701,18771342,18747890,0.006151509,10180.0,4864.0,524.0,132.0,2308.0,4224.0,64.0
Dilithium5.out,19822455,19840291,19849404,19875064,19892395,19915379,19944879,19940020,19948011,19961366,19972628,19985036,0.006451447,9904.0,3584.0,248.0,132.0,2308.0,4224.0,64.0
Dilithium5.out,68589523,68617155,33685344,33689422,21786828,21775064,21753394,21729651,21714151,17328398,17284910,17248938,0.005455697,9904.0,4224.0,248.0,132.0,2308.0,4224.0,60.0
Dilithium5.out,72715320,68702312,53389137,53386083,29585967,29536276,25455620,25426401,25412735,17943004,17895248,17897712,0.005954198,9904.0,3456.0,248.0,132.0,2308.0,4224.0,60.0
Dilithium5.out,26207738,26204615,26209316,26229749,26248104,26269863,26273914,26280297,26285933,26289711,26293816,26307559,0.008780936,0,0,0,0,0,0,0
Dilithium5.out,77857247,77852743,65964073,65963965,65952374,65953710,65953777,65433542,65189522,57254807,16926185,16869037,0.005483025,9904.0,4224.0,248.0,132.0,2308.0,4224.0,60.0
Dilithium5.out,90881920,90877383,64039183,64006952,64003348,63996972,59857060,59827986,59810470,52504265,40508045,33570408,0.011187243,10218.0,3916.0,556.0,132.0,1600.0,3044.0,56.0
Dilithium5.out,17063473,17089819,17091348,17095089,17108867,17134591,17150141,17169585,17184948,17189649,17208350,17228668,0.00556334,9972.0,152.0,304.0,132.0,892.0,1864.0,40.0
Dilithium5.out,63600399,63619367,59847634,57070241,56595259,52981644,52423987,52077906,52069529,59863820,47870749,47147800,0.015715305,9904.0,3968.0,248.0,132.0,2308.0,4224.0,64.0
Dilithium5.out,63062014,58388806,30742247,30732159,30723296,30711468,30708127,30701433,30696377,30702265,18853246,18822576,0.006065936,9972.0,152.0,304.0,132.0,892.0,1864.0,40.0
Dilithium5.out,48625197,55434651,49425605,58919713,58924943,60675428,60674287,60669274,60710721,60710640,49387946,47261394,0.015253525,10212.0,3378.6666666666665,552.0,132.0,1836.0,3437.3333333333335,58.666666666666664
Dilithium5.out,68047476,68061266,66355986,66354862,66342961,65655271,65651333,64012126,64024152,62931578,19651823,19636097,0.006327225,10020.666666666666,1846.6666666666667,410.0,132.0,1600.0,3044.0,49.333333333333336
Dilithium5.out,20890064,20954366,20964038,20998443,21008849,21014866,21029516,21045738,21054993,21054882,21068491,21072444,0.00659515,9972.0,1560.0,304.0,132.0,892.0,1864.0,52.0
Dilithium5.out,56805043,56818078,56829595,56847860,56861898,56880280,56894876,56909638,56939173,56949553,56978430,57000217,0.017584001,9904.0,3456.0,248.0,132.0,2308.0,4224.0,60.0
Dilithium5.out,54119839,54146464,54159968,54173466,54184594,54201504,54221008,54254737,54270725,54279025,54294664,54300010,0.017224871,0,0,0,0,0,0,0
Dilithium5.out,68752801,68776641,68789623,68789403,68786457,68782534,68778891,68780730,68790929,68789649,18060428,18009446,0.005605268,9904.0,3584.0,248.0,132.0,2308.0,4224.0,60.0
Dilithium5.out,86944538,80744125,74377333,74365884,74354953,74342281,74321584,73594974,73599613,48940297,18210431,17978211,0.005527922,9904.0,3456.0,248.0,132.0,2308.0,4224.0,60.0
Dilithium5.out,67082899,66126631,63611034,63611008,63615143,59889897,59884752,59874723,17492296,17451487,17430963,17411571,0.005428712,9904.0,3200.0,248.0,132.0,2308.0,4224.0,64.0
Dilithium5.out,76074256,76042471,76045348,76080694,76059389,76059594,76048645,69124007,27519164,24280835,18048897,17643504,0.005490909,9938.0,2188.0,276.0,132.0,1600.0,3044.0,52.0
Dilithium5.out,31019819,30144752,30144459,30146154,29618638,29522007,29525483,29532243,29532127,29540249,29247287,17982482,0.0055674,0,0,0,0,0,0,0
Dilithium5.out,64777653,56819186,56133704,55820208,50284338,48232050,48213640,48201664,32499880,32486894,32480788,17638820,0.005352467,9904.0,3968.0,248.0,132.0,2308.0,4224.0,60.0
Dilithium5.out,35096340,35097121,35100831,35101862,35134246,35598149,35632398,35720623,35505123,29812925,29807390,19968497,0.006040655,10152.0,3776.0,650.0,132.0,2308.0,4224.0,62.0
Dilithium5.out,29241240,23653959,21025001,21051206,21059935,21062399,21023113,28423197,28458764,28469406,28697736,28700948,0.008583314,0,0,0,0,0,0,0
Dilithium5.out,43178235,43188606,18540670,18510218,18492205,18473529,18454497,18405177,18403661,18396051,18389974,18341155,0.005746977,10464.0,6016.0,808.0,132.0,2308.0,4224.0,60.0
Dilithium5.out,79093581,79123876,29015938,28999153,28997093,28602270,28590637,28253112,28015034,19588232,19514170,19502602,0.006074893,9904.0,3072.0,248.0,132.0,2308.0,4224.0,64.0
Dilithium5.out,65734071,65736778,50710948,63964678,64218593,64376476,71034484,71047987,71049842,71051979,71055578,71065185,0.02217655,9904.0,3968.0,248.0,132.0,2308.0,4224.0,64.0
Dilithium5.out,52651580,52695883,22616400,22564888,22541213,19381277,18331005,18331045,17981143,17969429,17935791,17916330,0.005425825,9904.0,3456.0,248.0,132.0,2308.0,4224.0,56.0
Dilithium5.out,24873844,24895067,24665384,24688135,22215326,22214008,20558809,20574394,20613980,19085313,19094956,19109103,0.005784413,9840.0,640.0,508.0,132.0,2308.0,4224.0,52.0
Dilithium5.out,46723168,46793849,46805656,46465026,34792751,33064103,32494437,32486705,31178620,31172991,31161078,19542427,0.005900381,10184.0,4160.0,528.0,132.0,2308.0,4224.0,60.0
Dilithium5.out,56175756,56185073,56211888,56222212,42618834,45707356,43967958,44460732,43559325,22389584,22351707,22811837,0.006905571,10218.0,3020.0,556.0,132.0,1600.0,3044.0,52.0
Dilithium5.out,19991203,28194852,26329024,26327798,26300118,26311703,26315115,26321702,26322987,26317197,26340478,26374536,0.007992187,9972.0,152.0,304.0,132.0,892.0,1864.0,44.0
Dilithium5.out,59829668,55668824,54964200,51862619,63122215,62127482,61956558,63302914,62972794,52114506,52096647,52091558,0.015975808,10288.666666666666,4761.333333333333,630.6666666666666,132.0,2072.0,3830.6666666666665,60.0
Dilithium5.out,73572682,73561766,38929796,38870806,38851341,29487104,29434381,29411421,29396730,27038934,17700555,17593511,0.005654474,9938.0,1804.0,276.0,132.0,1600.0,3044.0,50.0
Dilithium5.out,59573237,52838438,30304966,30105353,30004915,25821009,22417846,18799168,18822404,18561840,18059494,18043027,0.005810096,9972.0,152.0,304.0,132.0,892.0,1864.0,40.0
Dilithium5.out,69829178,69840737,70536621,72490066,78718309,95121741,95130780,95136677,95131280,77061367,77031286,77050203,0.023952129,9906.0,460.0,406.0,132.0,1600.0,3044.0,48.0
Dilithium5.out,70674760,70485081,59646781,58802744,57783409,36180442,36121920,36098641,36034561,24456267,18021878,17967983,0.005976613,10152.0,2572.0,490.0,132.0,1600.0,3044.0,52.0
Dilithium5.out,69597754,69601490,69605770,69607251,69589943,63120446,63107435,63100295,63099916,18998871,18926044,18900790,0.005872029,9955.0,978.0,290.0,132.0,1246.0,2454.0,46.0
Dilithium5.out,17161554,17168919,17180156,17185852,17212237,17217478,17222738,17229661,17237717,17247221,17277933,17326872,0.005318642,10365.6,4868.8,707.2,132.0,2024.8,3752.0,56.8
Dilithium5.out,67407759,67399887,67405560,67410084,63483443,42894955,42835657,42807453,42788299,17428371,17384207,17356370,0.005488754,10152.0,2572.0,490.0,132.0,1600.0,3044.0,52.0
Dilithium5.out,53365142,53380487,53393569,53399298,53419019,53389183,53399478,53410438,53420016,53458237,53461526,53491387,0.016475402,10218.0,3084.0,556.0,132.0,1600.0,3044.0,54.0
Dilithium5.out,74883324,74949218,74956498,74965392,71786290,40750417,38747583,38724068,28958214,17046096,17017299,16845794,0.005675686,10010.0,2380.0,348.0,132.0,1600.0,3044.0,52.0
Dilithium5.out,67196833,67202638,67211023,67202892,67206816,31239804,31218952,30565735,30557782,18748474,18218967,18198178,0.005673879,10218.0,3148.0,556.0,132.0,1600.0,3044.0,52.0
Dilithium5.out,64471069,64503171,64503644,64496425,64191437,57423780,51636316,51597327,46050991,21863184,20483784,18591934,0.006187754,0,0,0,0,0,0,0
Dilithium5.out,82073573,79208779,79205108,79190952,78588583,64063381,62977548,56952854,38417055,17052342,17013144,16980322,0.005416785,9906.0,1036.0,216.0,132.0,1600.0,3044.0,48.0
Dilithium5.out,69968705,69042481,69057498,69084362,69130543,32471043,32419460,30695330,30672020,19571922,17713866,17705699,0.005519879,10152.0,2572.0,490.0,132.0,1600.0,3044.0,50.0
Dilithium5.out,62127646,62167387,62185502,62207397,62235359,62251591,62259161,62266618,62284156,62290107,62302307,62307768,0.021066271,10218.0,3020.0,556.0,132.0,1600.0,3044.0,54.0
Dilithium5.out,65036290,65066824,65084038,65093159,65118916,65126682,65148297,65162654,65117571,65132357,65150966,65155130,0.021682181,9949.333333333334,1424.0,285.3333333333333,132.0,1364.0,2650.6666666666665,48.0
Dilithium5.out,80859363,80904746,80914687,56731349,56704370,23064125,23027310,22889631,21476319,21395152,17475407,17446354,0.005439512,9972.0,1560.0,304.0,132.0,892.0,1864.0,48.0
Dilithium5.out,91797982,91827511,91860662,64536360,63602678,26389066,26331525,26287312,26091181,26075879,20204786,20190204,0.006219329,10152.0,2572.0,490.0,132.0,1600.0,3044.0,50.0
Dilithium5.out,101880546,101883477,101883467,58710903,58671686,20030022,18053636,18028842,17964245,17936613,17885830,17895356,0.005772905,4988.0,76.0,152.0,68.0,446.0,932.0,26.0
Dilithium5.out,82937889,82934455,82931308,41904799,41643653,29169449,29081902,26164186,25640221,25617940,18224362,18176718,0.005554201,9928.0,698.6666666666666,366.6666666666667,132.0,1364.0,2650.6666666666665,45.333333333333336
Dilithium5.out,58949020,58340241,58383418,23757448,23735919,18399922,18384518,18337048,18165159,18144148,18125082,18110188,0.005540336,10095.0,2706.0,430.0,132.0,1246.0,2454.0,55.0
Dilithium5.out,88094500,88092993,87433823,87702585,88074534,74707065,76489940,74907804,74597491,74599098,74599166,74765976,0.023886492,10152.0,2572.0,490.0,132.0,1600.0,3044.0,54.0
Dilithium5.out,58454611,57683246,57940066,23232295,23177954,19226774,19194373,19175723,19165288,19160299,18789024,17578080,0.005317086,9906.0,780.0,398.0,132.0,1600.0,3044.0,50.0
Dilithium5.out,55354193,55463778,55562410,55673773,55784228,55804010,55836438,55856350,55872990,55903595,55900521,55912291,0.016888958,10062.0,1362.0,397.0,132.0,1246.0,2454.0,49.0
Dilithium5.out,65411363,65393087,64796601,47172058,46314330,46153459,39709022,37029502,37006862,36138846,34201876,17544203,0.005640496,9906.0,972.0,398.0,132.0,1600.0,3044.0,50.0
Dilithium5.out,48023455,46970201,46928819,24453092,24438486,23975233,23966104,23693259,23429409,23476388,23100798,17861940,0.005837851,0,0,0,0,0,0,0
Dilithium5.out,66312975,56386246,56306839,33675491,33659696,33661421,33655921,33644694,33638648,33640756,33649175,18097786,0.005470439,9949.333333333334,1509.3333333333333,285.3333333333333,132.0,1364.0,2650.6666666666665,49.333333333333336
Dilithium5.out,17467567,17467723,17461247,17463455,17475681,17497428,17496713,17490647,17486226,17489646,17542785,17553961,0.005324644,0,0,0,0,0,0,0
Dilithium5.out,20733187,20748353,20764406,20775102,20794950,20822352,20841063,20847711,20825796,20843834,20864718,20899426,0.006545112,9972.0,621.3333333333334,304.0,132.0,892.0,1864.0,42.666666666666664
Dilithium5.out,67210689,65237830,65214133,31497575,31483905,31479760,31433294,31405235,31399878,31397032,25902111,23954568,0.007253056,9840.0,2176.0,116.0,132.0,2308.0,4224.0,56.0
Dilithium5.out,26751243,26769731,26785401,26810350,26822609,26809884,26817785,26828236,26835445,26852794,26858840,26862023,0.008275145,10218.0,3148.0,556.0,132.0,1600.0,3044.0,56.0
Dilithium5.out,20618312,20631340,20649819,20700269,20725815,20743907,20758005,20778026,20786630,20871496,20880234,20881755,0.006631499,10152.0,2572.0,490.0,132.0,1600.0,3044.0,50.0
Dilithium5.out,56765331,53710152,53692212,35486522,32411005,29419431,29396446,29381939,29374969,29365917,29354889,19524751,0.006089827,10242.0,3782.0,583.0,132.0,1954.0,3634.0,59.0
Dilithium5.out,65945651,65917043,65900622,32902978,32881494,32868983,32848263,33248206,33238551,33235855,33240857,18558578,0.005768527,10341.0,4454.0,682.0,132.0,1954.0,3634.0,58.0
Dilithium5.out,49431984,49432481,42276999,63932571,63953438,60210103,57200842,57187957,57341056,57328536,57322424,57329359,0.018009383,9972.0,152.0,304.0,132.0,892.0,1864.0,36.0
Dilithium5.out,33655175,32027625,29595696,25926314,25926145,25453164,23627842,23610752,23592536,23586716,23577104,19908108,0.006187863,10184.0,5120.0,528.0,132.0,2308.0,4224.0,58.0
Dilithium5.out,34772136,34775849,34780048,23582008,23591014,21639881,21613807,21576379,21579186,21584391,21597021,19273613,0.005990411,10464.0,5888.0,808.0,132.0,2308.0,4224.0,64.0
Dilithium5.out,52667197,52668809,52674418,51006904,54985674,85051234,87001124,81773519,88011312,88047161,88398178,88308180,0.027869921,9904.0,3456.0,248.0,132.0,2308.0,4224.0,64.0
Dilithium5.out,103623891,89885258,89810294,77778830,77548940,51050379,44535715,41475644,41445581,41426924,41442430,41419387,0.012949512,10332.0,4992.0,676.0,132.0,2308.0,4224.0,60.0
Dilithium5.out,78244896,78260583,78259168,58502762,58509410,21724906,21683922,21019285,21011691,21005882,21003270,17937933,0.005614095,9904.0,3456.0,248.0,132.0,2308.0,4224.0,60.0
Dilithium5.out,62680063,60001547,59923425,34924148,34929662,34914066,34905994,34875711,34846085,34806227,34808633,18613388,0.005684124,9972.0,152.0,304.0,132.0,892.0,1864.0,40.0
Dilithium5.out,52834686,52879198,52893108,38524197,38505430,38486355,38470440,34363079,34351708,34376350,34164398,20461375,0.006190301,9904.0,3584.0,248.0,132.0,2308.0,4224.0,64.0
Dilithium5.out,64772225,64768283,64752331,69906476,72099510,64628480,64626597,67906454,67356746,67345267,67347093,67356282,0.020831421,9904.0,3840.0,248.0,132.0,2308.0,4224.0,64.0
Dilithium5.out,67588653,66864026,66853489,29661900,29569819,25758985,24649016,24645720,23663656,23648870,19572962,18358352,0.005486298,9904.0,3584.0,248.0,132.0,2308.0,4224.0,60.0
Dilithium5.out,97806744,97127895,96769624,62924479,62906686,37516886,33850109,33817577,30175389,26965578,25105949,17844821,0.005565423,4.0,0.0,0.0,4.0,0.0,0.0,12.0
Dilithium5.out,105419569,101182411,101169174,56872393,56861512,32993072,32413701,32272730,32241329,32241825,32225874,18418135,0.005971058,9904.0,3072.0,248.0,132.0,2308.0,4224.0,60.0
Dilithium5.out,32828671,32830568,32827071,21928001,21685329,20280392,20303460,20306618,20313706,20313475,20332067,18081220,0.005721746,9904.0,3584.0,248.0,132.0,2308.0,4224.0,60.0
Dilithium5.out,19178887,19205287,19216440,19230567,19254417,19291221,19306758,19316799,19330840,19338989,19348911,19351607,0.006391026,9840.0,1024.0,492.0,132.0,2308.0,4224.0,60.0
Dilithium5.out,33984685,34004397,34024665,34079444,34115573,34143840,34172145,34191534,34206321,34216472,34235045,34242867,0.010833322,10044.0,4416.0,388.0,132.0,2308.0,4224.0,65.0
Dilithium5.out,78982065,78337427,76927918,66075732,63982425,33910745,33860203,33844813,33826185,33811685,26972014,20082217,0.006355336,9904.0,3328.0,248.0,132.0,2308.0,4224.0,64.0
Dilithium5.out,79961082,76266736,76257942,69539116,69571218,32887358,32859441,32851939,32843004,32837428,32833558,18785244,0.005928892,9840.0,1920.0,124.0,132.0,2308.0,4224.0,60.0
Dilithium5.out,76083921,68125555,68094011,63174858,60158592,35065847,32162325,28748328,22127489,22085168,22069018,17459004,0.005914727,0,0,0,0,0,0,0
Dilithium5.out,26066668,26114550,26135039,26163851,26211861,26243183,26270429,26283285,26292236,26307094,26321055,26325592,0.008236766,4.0,0.0,0.0,4.0,0.0,0.0,12.0
Dilithium5.out,66473474,66471455,66461570,66447464,66436509,36607040,36571055,36562547,36547208,36534908,25732001,17795205,0.005516035,9904.0,3072.0,248.0,132.0,2308.0,4224.0,60.0
Dilithium5.out,18029447,18095705,18112048,18156497,18172561,18181675,18197169,18212288,18222920,18228194,18234849,18237754,0.005533077,9904.0,4224.0,248.0,132.0,2308.0,4224.0,60.0
Dilithium5.out,17715397,17780057,17784098,17787294,17801440,17817952,17827333,17850620,17853853,17862538,17875166,17886600,0.005424576,9904.0,3456.0,248.0,132.0,2308.0,4224.0,60.0
Dilithium5.out,17953632,17981152,17997682,18043075,18077159,18102567,18144851,18159009,18156428,18184511,18190529,18194792,0.005626445,0,0,0,0,0,0,0
Dilithium5.out,45932834,41328268,41323588,29053989,29008793,22165283,22120794,22102272,22076151,21631943,21612413,18555888,0.005982315,9904.0,4224.0,248.0,132.0,2308.0,4224.0,64.0
Dilithium5.out,34134966,34149884,34155706,34149218,34184272,34177289,34174734,34177796,34168130,34142074,34133542,17820242,0.005219667,0,0,0,0,0,0,0
Dilithium5.out,28287994,28262772,28282386,28287030,28302141,28344685,28393703,28407811,28418147,28414431,28419754,28424620,0.008594111,9904.0,4224.0,248.0,132.0,2308.0,4224.0,60.0
Dilithium5.out,31972071,31905865,31888674,48248888,44234208,48310985,51756583,51782777,52097066,54326294,54338818,54346163,0.016401275,9904.0,3584.0,248.0,132.0,2308.0,4224.0,60.0
Dilithium5.out,81295250,81286468,81277512,46427613,46359295,41321427,39925042,33757310,33740631,33758690,33194615,17271934,0.005224443,9904.0,4224.0,248.0,132.0,2308.0,4224.0,60.0
Dilithium5.out,42752893,42790257,42793896,42846001,42843085,47074402,51970782,52044649,52070860,52077038,40967792,28456004,0.008889214,10332.0,4992.0,676.0,132.0,2308.0,4224.0,60.0
Dilithium5.out,19749964,19771873,19778452,19782459,19797989,19816010,19827266,19831849,19842039,19845938,19855747,19870678,0.006218227,10180.0,4864.0,524.0,132.0,2308.0,4224.0,64.0
Dilithium5.out,64683221,64443834,64040631,63547461,63548042,56776983,52809970,52773936,52762979,20045569,20014005,19383985,0.006370209,10180.0,4736.0,524.0,132.0,2308.0,4224.0,68.0
Dilithium5.out,17319864,17358313,17362984,17371932,17381530,17387200,17404666,17414417,17416304,17417326,17420384,17419631,0.005624535,9904.0,3456.0,248.0,132.0,2308.0,4224.0,60.0
Dilithium5.out,17295813,17300906,17309484,17298049,17302623,17300061,17319157,17337158,17347072,17356151,17361024,17364808,0.005432011,9904.0,3456.0,248.0,132.0,2308.0,4224.0,64.0
Dilithium5.out,19506753,19536745,19548726,19560594,19581427,19596237,19639771,19664954,19714629,19730298,19740685,19747205,0.006173838,9904.0,3584.0,248.0,132.0,2308.0,4224.0,60.0
Dilithium5.out,18795748,18775350,18751169,18751789,18761399,18741887,18718395,18635811,18582435,18559491,18557388,18571447,0.00599092,9904.0,4224.0,248.0,132.0,2308.0,4224.0,64.0
Dilithium5.out,65113089,64223666,64260961,64295185,54311118,54313010,54036475,53333360,53284730,62714860,62692820,64033927,0.020274841,10184.0,4736.0,528.0,132.0,2308.0,4224.0,60.0
Dilithium5.out,49935223,49921144,49946774,49954615,49965912,49949505,49549275,49533066,49533594,31142284,31116971,19573243,0.006181495,9904.0,3968.0,248.0,132.0,2308.0,4224.0,60.0
Dilithium5.out,18055431,18095573,18153956,18181715,18196239,18219179,18229881,18238795,18249107,18251433,18255663,18265390,0.005654277,10464.0,5376.0,808.0,132.0,2308.0,4224.0,68.0
Dilithium5.out,56050019,56089709,56108812,56117607,56142206,56144872,56155402,56165833,56178888,56192211,56210369,56226468,0.017741377,9904.0,3968.0,248.0,132.0,2308.0,4224.0,64.0
Dilithium5.out,72751536,72728091,73450769,73466597,73473987,75593192,78541616,78543929,79374057,87574150,87582154,85356394,0.027280086,10184.0,5184.0,528.0,132.0,2308.0,4224.0,62.0
Dilithium5.out,57683258,57717642,57732613,57744690,57779362,53332921,53308112,51848333,51462710,23001650,22971660,18442559,0.005689511,9904.0,4224.0,248.0,132.0,2308.0,4224.0,64.0
Dilithium5.out,66002145,66037897,66037073,66042820,66035372,66024632,66024064,66032753,66060255,25307501,24771970,18425877,0.005750188,9904.0,3968.0,248.0,132.0,2308.0,4224.0,60.0
Dilithium5.out,65743881,65756861,65788339,65790282,65784970,65784713,65831505,65837067,65237770,29604511,29333077,18245734,0.005962815,9904.0,3328.0,248.0,132.0,2308.0,4224.0,64.0
Dilithium5.out,35289256,35314948,35333290,35344913,35370920,35387084,35402533,35421783,35437277,35458613,35476120,35483695,0.011398974,10048.0,4736.0,392.0,132.0,2308.0,4224.0,64.0
Dilithium5.out,64886896,64212073,63938365,63943491,63936576,63902720,63891166,63889048,63890737,18591809,18543466,17801780,0.0054857,10332.0,4992.0,676.0,132.0,2308.0,4224.0,64.0
Dilithium5.out,19089126,19131237,19147184,19157152,19182945,19195159,19207859,19215897,19222199,19283162,19301533,19305038,0.006149305,10184.0,4928.0,528.0,132.0,2308.0,4224.0,60.0
Dilithium5.out,22319278,22405842,22426408,22443815,22476136,22516457,22538551,22578079,22599821,22625113,22645296,22655913,0.006669021,10118.0,4224.0,462.0,132.0,2308.0,4224.0,56.0
Dilithium5.out,18916782,18937079,18992781,19028158,19039558,19051890,19054458,19047414,19045038,19054877,19056854,19049044,0.006063657,9904.0,4224.0,248.0,132.0,2308.0,4224.0,64.0
Dilithium5.out,65326081,59691089,57890566,33284421,33277545,33207159,33214350,33185567,33134266,32535323,30004914,18411852,0.005781733,9906.0,588.0,398.0,132.0,1600.0,3044.0,48.0
Dilithium5.out,19071537,19085969,19109427,19113514,19113394,19117423,19137994,19165105,19183312,19184502,19184716,19190720,0.006194698,9938.0,1868.0,276.0,132.0,1600.0,3044.0,50.0
Dilithium5.out,75933380,75914657,76397524,47946247,51426822,51444800,51439641,56148715,59549257,59711886,59725175,61313390,0.020262485,10253.6,4587.2,595.2,132.0,2024.8,3752.0,66.4
Dilithium5.out,49392230,49401167,49374549,22980048,22936746,22079089,22065735,22050032,22040894,22037687,22033073,20302487,0.005966216,10095.0,1586.0,430.0,132.0,1246.0,2454.0,45.0
Dilithium5.out,61655957,61632185,61626302,31617437,26561540,26542567,26520244,26158354,20677865,20650132,20625895,17540359,0.00554414,0,0,0,0,0,0,0
Dilithium5.out,47098219,47551384,60188935,51738893,51737172,51725426,54238190,54574774,60062452,60264571,60537776,64774641,0.020245635,9904.0,3200.0,248.0,132.0,2308.0,4224.0,60.0
Dilithium5.out,31928867,31868407,29392347,29377131,29368419,29322177,29358624,29358770,29338748,29282996,29275842,17872267,0.00534223,0,0,0,0,0,0,0
Dilithium5.out,76307335,89164353,87121158,74404197,78473193,74065415,75219355,72098561,73584703,69113779,69092842,69071467,0.022370728,0,0,0,0,0,0,0
Dilithium5.out,55916954,55935178,52390337,33678973,33697969,21130335,21126724,21118305,19491445,18910111,18943571,18952888,0.005913603,10464.0,6016.0,808.0,132.0,2308.0,4224.0,64.0
Dilithium5.out,81833810,79223229,72402826,72426857,72446023,20250860,19321458,19287083,19173102,19154782,19131887,18770753,0.005677165,0,0,0,0,0,0,0
Dilithium5.out,71449065,71447491,71441186,49029216,49199266,62948464,63229122,64163331,62527006,62511453,62471187,64759368,0.020515983,0,0,0,0,0,0,0
Dilithium5.out,105421572,105427751,105428589,87329104,74586606,39248721,39039204,38694376,33982054,33965177,33941045,33921772,0.010819328,0,0,0,0,0,0,0
Dilithium5.out,67463687,67088779,66720593,47336657,37644687,17559803,17499936,17503926,17452647,17425499,17405760,17392955,0.005355247,0,0,0,0,0,0,0
Dilithium5.out,23781145,23798120,23810009,23812142,23813420,19976490,19541660,19554702,17917241,17503549,17395435,17380176,0.005458271,0,0,0,0,0,0,0
Dilithium5.out,57953906,57764559,55098158,54195343,54210301,22079690,20980321,20973429,20967410,20954143,20939769,20914487,0.005875771,0,0,0,0,0,0,0
Dilithium5.out,70367112,70120845,67983736,65744613,65724249,45411299,45350175,45344394,45341595,20092723,19039451,17820371,0.005652521,0,0,0,0,0,0,0
Dilithium5.out,80924714,80419477,79642211,78759093,74280716,34242562,34166933,34152134,34149150,21642085,20394812,19393539,0.006008909,0,0,0,0,0,0,0
Dilithium5.out,56443541,56464805,56495134,56575938,56568622,44481122,44440618,44428081,37508126,18048254,18002683,17979096,0.005343923,0,0,0,0,0,0,0
Dilithium5.out,36116290,36087552,35209746,35212868,35218407,30556070,22898998,22740673,19332040,18565022,18544838,18456207,0.00570819,0,0,0,0,0,0,0
Dilithium5.out,69696198,69718597,69725859,68252400,68253590,48815239,48779996,48770669,48767885,23538665,17689965,17609946,0.005482875,0,0,0,0,0,0,0
Dilithium5.out,37356329,37392435,37415653,37413554,37412630,46625921,50089911,50108998,50478505,51577389,51573557,51571825,0.015537751,0,0,0,0,0,0,0
Dilithium5.out,33461216,33441141,33428181,33426541,33401440,18656926,18429017,18351296,18326924,18311847,18228132,18206891,0.005416302,0,0,0,0,0,0,0
Dilithium5.out,30388868,30418109,30449804,30462355,30469901,30475236,30444214,30454427,30500705,30510288,30538320,30542015,0.009177729,0,0,0,0,0,0,0
Dilithium5.out,105127032,105143121,67500643,42049346,41997736,21855061,19624965,19599558,19582726,19569548,19568212,19556048,0.006190159,0,0,0,0,0,0,0
Dilithium5.out,37817263,37818076,37815967,26728909,23347998,18010200,17629549,17607158,17525294,17513635,17516785,17511014,0.005474868,0,0,0,0,0,0,0
Dilithium5.out,34288524,34306393,34265106,28280668,27976254,18445864,18416273,18393788,18394357,18403289,18394531,18386361,0.00540133,10048.0,4352.0,392.0,132.0,2308.0,4224.0,60.0
Dilithium5.out,100015555,99993100,100015003,62007554,61970978,23355881,17857272,17811089,17777662,17557717,17534334,17517541,0.005295944,9772.0,2560.0,116.0,132.0,2308.0,4224.0,52.0
Dilithium5.out,60407175,60370618,60373751,60365252,60375066,18704603,18623948,18604802,18588212,18560532,18533803,18535168,0.005606356,0,0,0,0,0,0,0
Dilithium5.out,54970811,54569184,51783011,51758748,51750752,43331481,39905002,39859055,17795420,17781056,17719476,17718800,0.005324307,0,0,0,0,0,0,0
Dilithium5.out,45373900,45415097,45423313,45431191,45432645,20798898,19356114,17936316,17919471,17920454,17952650,17949994,0.00538809,0,0,0,0,0,0,0
Dilithium5.out,51564727,49402784,48888825,48872487,48866151,31192945,31175499,31165882,18400179,18411388,18382643,18354099,0.005536889,0,0,0,0,0,0,0
Dilithium5.out,31663558,31686204,31657317,31676007,31708641,31711314,31734252,31774246,31803328,31840564,31874071,18459056,0.005756247,0,0,0,0,0,0,0
Dilithium5.out,27867359,24964897,18016014,17933557,17911312,17919719,17889701,17870111,17846268,17834428,17830984,17820484,0.005450406,10464.0,6016.0,808.0,132.0,2308.0,4224.0,68.0
Dilithium5.out,45626702,43220669,43147672,43133217,43088023,43082287,43068320,43062610,18547079,18475028,18435630,18418483,0.005920254,0,0,0,0,0,0,0
Dilithium5.out,66092652,66084767,63885330,63877855,63858014,63852332,63850743,63849436,29893730,17615868,17584490,17563635,0.005656549,10184.0,4672.0,528.0,132.0,2308.0,4224.0,68.0
Dilithium5.out,65600965,65607194,65615088,63795499,63784507,63744809,44191232,44189466,44185137,19558893,19513970,18482638,0.005957694,0,0,0,0,0,0,0
Dilithium5.out,55115119,50933507,50920835,50920272,59920544,61070775,61145258,61133404,49515724,49543717,49545523,49602448,0.016012267,10218.0,3020.0,556.0,132.0,1600.0,3044.0,52.0
Dilithium5.out,63802143,63300410,63023365,61550221,59462696,53961918,53305864,53301637,45030766,18979569,18926128,17507806,0.005821518,10048.0,4480.0,392.0,132.0,2308.0,4224.0,64.0
Dilithium5.out,84763841,80786553,80764891,80767971,78573596,78014577,78019162,77996906,47897955,47909335,47689320,50556061,0.016870354,9938.0,2124.0,276.0,132.0,1600.0,3044.0,52.0
Dilithium5.out,51680255,51704702,51728743,51804849,51835130,51827083,51858891,51860383,51882395,51901424,51918254,51920320,0.017338231,9904.0,3584.0,248.0,132.0,2308.0,4224.0,60.0
Dilithium5.out,66693107,66700468,66696118,66236426,60727902,51283492,51231783,51211224,33199677,21297358,18582203,18099548,0.00601925,9904.0,3328.0,248.0,132.0,2308.0,4224.0,60.0
Dilithium5.out,71234293,71232293,71279449,71261136,68912483,68896721,68896890,68903096,29518327,17619116,17569855,17535768,0.005831702,9904.0,3200.0,248.0,132.0,2308.0,4224.0,60.0
Dilithium5.out,62768349,62779115,62778083,62803409,62810628,56256106,54881138,54858154,18764974,18730361,18727522,18731004,0.006066509,9904.0,4224.0,248.0,132.0,2308.0,4224.0,60.0
Dilithium5.out,66491341,66475760,66499329,66531666,66622620,66686523,66691221,66691693,53909039,18854603,18777351,18760382,0.006038817,9972.0,1560.0,304.0,132.0,892.0,1864.0,56.0
Dilithium5.out,71979573,69932785,69942010,69946724,69018535,67947824,68170144,75776632,48138359,47506379,45711976,41584468,0.013872584,0,0,0,0,0,0,0
Dilithium5.out,65976304,64203298,64199305,64221217,63686257,61617246,61573929,61557408,34105198,22180842,19413538,19384977,0.006455134,0,0,0,0,0,0,0
Dilithium5.out,89507487,89527654,89555447,89560909,86470938,89439685,47756171,49309942,37663735,59840445,59645372,60732284,0.020270411,9938.0,1740.0,276.0,132.0,1600.0,3044.0,50.0
Dilithium5.out,62872861,62912622,62938088,62949172,62952450,62956563,62987375,60993025,41265094,17282747,17252453,17219376,0.005545253,9904.0,4224.0,248.0,132.0,2308.0,4224.0,60.0
Dilithium5.out,52911490,52897710,52936656,52964603,53014174,53090387,53140602,53172651,53188416,53209083,53227413,53239097,0.017206349,9840.0,1664.0,492.0,132.0,2308.0,4224.0,56.0
Dilithium5.out,57429666,57442201,57472504,56456649,56456413,55430414,49475087,54468202,47857724,47862260,47865552,47859009,0.015972867,10184.0,4736.0,528.0,132.0,2308.0,4224.0,64.0
Dilithium5.out,53845242,53815779,53780738,53772813,53778312,53761346,53706802,53676063,53630372,53585674,53537594,53431736,0.017425053,9840.0,640.0,508.0,132.0,2308.0,4224.0,52.0
Dilithium5.out,59911443,59908485,59890103,31706375,28516667,28480243,23293813,23257622,20080526,20069704,20070658,20114099,0.006637669,10180.0,4864.0,524.0,132.0,2308.0,4224.0,64.0
Dilithium5.out,18707250,18736494,18729460,18725719,18705143,18716146,18720657,18711527,18721331,18746062,18740986,18736629,0.006041602,9904.0,3968.0,248.0,132.0,2308.0,4224.0,60.0
Dilithium5.out,50285455,50298208,50318122,50331441,50357211,50362074,50371884,50375121,50387555,50457164,50475763,50468684,0.01663563,10152.0,3520.0,650.0,132.0,2308.0,4224.0,60.0
Dilithium5.out,56427442,56443245,56470621,56498965,56542786,56592942,56631542,56657557,56682520,56693243,56718279,56728583,0.018332417,0,0,0,0,0,0,0
Dilithium5.out,66037737,66039022,66038473,66035878,66539287,66548415,72262841,72277965,61140638,63726961,65725508,65733829,0.021317617,9840.0,2048.0,116.0,132.0,2308.0,4224.0,56.0
Dilithium5.out,68417159,68426754,68426421,66690441,62389007,59936579,59913188,59895168,31154754,18430337,18416872,18436114,0.005575374,9904.0,3456.0,248.0,132.0,2308.0,4224.0,60.0
Dilithium5.out,57722188,57688863,57597829,57344584,54121354,54104290,52444485,52221775,30986357,21382745,21321837,17840172,0.005924128,9904.0,3968.0,248.0,132.0,2308.0,4224.0,68.0
Dilithium5.out,19825210,19910863,19938563,19965089,19974763,19990007,20002955,20020055,20037609,20039518,20049238,20053819,0.00608221,9904.0,3968.0,248.0,132.0,2308.0,4224.0,56.0
Dilithium5.out,19126905,19073281,19123519,19162122,19186813,19197608,19204740,19215940,19232203,19233139,19241094,19253110,0.006202568,9904.0,3584.0,248.0,132.0,2308.0,4224.0,64.0
Dilithium5.out,64233452,63500283,60712193,60689524,54967604,54921242,54894274,56001658,51778075,52645298,53263005,54295042,0.016475292,9840.0,1024.0,492.0,132.0,2308.0,4224.0,56.0
Dilithium5.out,55424492,55416754,55408543,55407675,55415427,51620519,51611517,50923211,46951153,21663661,20084026,20053336,0.006256788,9904.0,4224.0,248.0,132.0,2308.0,4224.0,60.0
Dilithium5.out,42781311,42787050,42808021,42811470,42818700,42816830,42803409,42785282,30718290,17578029,17545206,17523515,0.005465575,10184.0,4736.0,528.0,132.0,2308.0,4224.0,60.0
Dilithium5.out,69532772,69564884,69604675,69602749,69606208,69613665,69608097,69612730,57412791,17908333,17836223,17805852,0.005380051,9904.0,4224.0,248.0,132.0,2308.0,4224.0,64.0
Dilithium5.out,63702464,73054299,73107205,73106103,75734983,74982327,74967556,75434449,49452221,49441357,50736204,48871402,0.015779941,9840.0,1920.0,124.0,132.0,2308.0,4224.0,60.0
Dilithium5.out,71900144,71901175,71909601,71915626,71933398,71937546,71954523,71965939,34070526,21398783,21385502,21371035,0.006481117,9904.0,2816.0,248.0,132.0,2308.0,4224.0,60.0
Dilithium5.out,73459559,73441666,73417546,73446926,70162198,68260034,68248793,68046939,60822991,20739194,18648629,17916730,0.005553559,9904.0,4224.0,248.0,132.0,2308.0,4224.0,60.0
Dilithium5.out,69996575,69993975,69999628,69992953,69995895,69990481,69995175,69998470,69998469,17628669,17555526,17482990,0.00528288,9904.0,3456.0,248.0,132.0,2308.0,4224.0,60.0
Dilithium5.out,70063250,70061882,71099617,71106767,71120605,71120720,71127857,71130165,71128419,23025620,22946937,22920312,0.007149739,9904.0,3456.0,248.0,132.0,2308.0,4224.0,60.0
Dilithium5.out,19905066,19943638,19971845,20001985,20016966,20031908,20053694,20067460,20122548,20128974,20140744,20146175,0.006077127,9938.0,2188.0,276.0,132.0,1600.0,3044.0,54.0
Dilithium5.out,68363043,68377998,73391376,73390394,67698146,63923236,62188419,62177537,62180577,26426694,24886500,24870478,0.007654445,9904.0,3584.0,248.0,132.0,2308.0,4224.0,60.0
Dilithium5.out,69449761,69459409,69473679,69493505,69188386,69192809,60595286,57988870,57967782,19252871,19229583,19211468,0.005766011,0,0,0,0,0,0,0
Dilithium5.out,69840604,69883888,69902277,66971123,66995585,67021132,67061124,67100198,67112851,18246917,18126904,18107615,0.005289584,9840.0,1280.0,492.0,132.0,2308.0,4224.0,56.0
Dilithium5.out,80166458,79988761,80031547,37420153,37377871,37334938,23895807,23835063,23825055,23806114,22255542,22274507,0.00665918,0,0,0,0,0,0,0
Dilithium5.out,23480153,23503051,23492720,22801611,22490209,22486935,21176136,21169069,20893840,20880507,17864200,17665262,0.005460328,9904.0,3584.0,248.0,132.0,2308.0,4224.0,64.0
Dilithium5.out,70753416,70748026,70760915,32460716,26620962,25986269,25846693,23194676,23468315,22725676,19020274,19000709,0.006126239,9840.0,1664.0,492.0,132.0,2308.0,4224.0,60.0
Dilithium5.out,57890849,50818638,50790543,29621873,27307366,27027280,24957079,24778493,24653072,23945863,17408321,17377371,0.005588222,10332.0,4992.0,676.0,132.0,2308.0,4224.0,68.0
Dilithium5.out,60998778,52031167,52005695,21355671,18519608,18500782,18485935,18468623,18449229,18246995,18242272,18269158,0.005702172,9904.0,4224.0,248.0,132.0,2308.0,4224.0,64.0
Dilithium5.out,42234728,42127864,42130647,22999667,21573545,21525917,21511495,21499950,17424933,17403497,17370376,17354012,0.005591343,9904.0,4224.0,248.0,132.0,2308.0,4224.0,64.0
Dilithium5.out,59723462,59739671,59726028,23947425,23988754,24008414,19563772,19292337,17674557,17655863,17640839,17622644,0.005331528,3248.0,256.0,32.0,132.0,2308.0,176.0,40.0
Dilithium5.out,75089745,75121297,66321227,25017863,25027176,25025232,20859943,20841460,18845154,18842323,18836613,18815633,0.005721357,9904.0,4224.0,248.0,132.0,2308.0,4224.0,60.0
Dilithium5.out,64505438,64426877,58940703,36296482,36283198,36266894,36262973,24182512,17197545,17152581,17129703,17100578,0.005481365,10332.0,4992.0,676.0,132.0,2308.0,4224.0,60.0
Dilithium5.out,72653004,72562842,72607670,34512820,34236162,34242210,34320267,21947684,17936801,17903733,17897086,17807212,0.005680321,9904.0,3584.0,248.0,132.0,2308.0,4224.0,60.0
Dilithium5.out,52045427,52064973,52070944,52055058,52049007,18418431,18381944,18374828,18369012,18346043,18293717,18272687,0.005516174,9904.0,3584.0,248.0,132.0,2308.0,4224.0,60.0
Dilithium5.out,79447120,79460963,69246068,29630516,26042578,19953145,19894653,19905196,19896643,19885144,19843583,19858248,0.006445538,9904.0,3584.0,248.0,132.0,2308.0,4224.0,64.0
Dilithium5.out,43919495,43893416,43885598,31723866,31716072,22280670,19287448,19253957,17838411,17813324,17782208,17748999,0.005652176,10184.0,4544.0,528.0,132.0,2308.0,4224.0,64.0
Dilithium5.out,75483579,67928657,63246629,63252036,63196886,20440137,20401827,20392654,20380890,20369905,20358071,20356526,0.006256719,9840.0,1920.0,124.0,132.0,2308.0,4224.0,56.0
Dilithium5.out,26929301,27003807,27023178,27025250,26660467,19233975,19201967,19186853,18486253,18475787,18472197,18466957,0.005694129,9772.0,2176.0,116.0,132.0,2308.0,4224.0,60.0
Dilithium5.out,64825754,64856729,63694875,63711016,63694937,27049035,19551990,19506150,18130433,18111093,18100585,18083261,0.005634224,9904.0,3456.0,248.0,132.0,2308.0,4224.0,56.0
Dilithium5.out,34722152,34717204,34726503,34722754,34710562,22886949,20268870,19470599,18110091,18090926,18106755,18085131,0.005724085,9904.0,3456.0,248.0,132.0,2308.0,4224.0,64.0
Dilithium5.out,62589839,62608619,62130406,62140606,62145316,19433614,18674972,18680250,18670605,18646985,18624859,18610204,0.005754461,9904.0,3456.0,248.0,132.0,2308.0,4224.0,64.0
Dilithium5.out,44837082,41797549,34422349,34399587,34381463,17662693,17629338,17612903,17602394,17583006,17569242,17558292,0.005508295,9904.0,3456.0,248.0,132.0,2308.0,4224.0,60.0
Dilithium5.out,17528765,17541535,17548316,17558814,17569258,17591180,17607422,17622138,17623454,17630987,17664055,17673682,0.005895002,9904.0,3456.0,248.0,132.0,2308.0,4224.0,64.0
Dilithium5.out,63216142,63201910,61663715,61659198,61613502,55733943,50465402,50410304,46475190,20384534,17660615,17626395,0.00566033,9904.0,3072.0,248.0,132.0,2308.0,4224.0,60.0
Dilithium5.out,17113282,17135950,17155176,17170325,17173636,17178344,17187198,17192197,17206879,17208091,17199095,17201985,0.005216274,9840.0,1792.0,492.0,132.0,2308.0,4224.0,56.0
Dilithium5.out,60795018,60800718,55755902,55744087,18415468,18377052,18356809,18339964,18337605,18326439,18310392,18296228,0.005859766,9904.0,4096.0,248.0,132.0,2308.0,4224.0,64.0
Dilithium5.out,78828885,78856584,78865641,78879970,64401537,62403221,18946294,18894391,18900336,18897948,18894578,18888670,0.005934112,9904.0,3456.0,248.0,132.0,2308.0,4224.0,60.0
Dilithium5.out,17522685,17513096,17511139,17513868,17522049,17531076,17525361,17518882,17514193,17514291,17517435,17537554,0.005439614,9904.0,3456.0,248.0,132.0,2308.0,4224.0,60.0
Dilithium5.out,21358364,21363442,21383797,21406934,21395188,21417226,21416999,21414721,21426972,21444006,20853232,21489150,0.006300605,9904.0,3456.0,248.0,132.0,2308.0,4224.0,60.0
Dilithium5.out,61450070,61473693,61476678,61477786,20379575,20363636,20349162,20360348,20348839,20371709,20362075,20371785,0.006227224,9904.0,3456.0,248.0,132.0,2308.0,4224.0,60.0
Dilithium5.out,18038266,18056337,18095926,18154469,18177248,18193950,18203420,18211709,18215266,18217847,18225624,18237232,0.005651987,10180.0,4864.0,524.0,132.0,2308.0,4224.0,60.0
Dilithium5.out,33607636,33626792,33620047,33613121,18450996,18453325,18435454,18461449,18411476,18402237,18396698,18390131,0.005736384,9904.0,3456.0,248.0,132.0,2308.0,4224.0,64.0
Dilithium5.out,55853520,55857075,55851046,55882953,19263526,19221066,19208271,19150497,19139913,19124993,19149389,19145741,0.005796303,10184.0,5056.0,528.0,132.0,2308.0,4224.0,58.0
Dilithium5.out,55852294,55868080,55858612,55670851,18830490,18635305,18655545,18636600,18129350,18124092,18102035,18113024,0.005738742,9904.0,3584.0,248.0,132.0,2308.0,4224.0,64.0
Dilithium5.out,66124410,65810531,65824959,72971379,95170006,92578173,92578049,92571850,92455014,65884286,67315131,69359088,0.020977531,0,0,0,0,0,0,0
Dilithium5.out,77031511,77026287,77025734,77012310,44445591,39506845,34679728,32639207,30783542,20284048,18262876,17432546,0.005528607,10464.0,6016.0,808.0,132.0,2308.0,4224.0,56.0
Dilithium5.out,62015884,62021067,58294562,58277399,30217413,24250266,24208230,24193638,21953456,18571788,18520400,18360543,0.006108487,9904.0,4224.0,248.0,132.0,2308.0,4224.0,60.0
Dilithium5.out,67344200,68243826,68267196,68359775,48362248,45518088,46169750,46232209,43320064,48929314,47972530,47966314,0.015660087,9904.0,3456.0,248.0,132.0,2308.0,4224.0,60.0
Dilithium5.out,54329521,54336649,54334730,54013149,54011936,54011675,54020631,54023922,54012148,24441578,22033154,22011151,0.006589573,9972.0,152.0,304.0,132.0,892.0,1864.0,44.0
Dilithium5.out,69284229,67782241,62505570,62503633,62453407,57919821,57882955,56794173,56428941,18449120,18409681,18390104,0.005738108,10184.0,4608.0,528.0,132.0,2308.0,4224.0,62.0
Dilithium5.out,53962189,53959467,53959815,53954412,53969037,53948632,53920425,53920317,53619214,17420207,17860164,17844360,0.005665974,0,0,0,0,0,0,0
Dilithium5.out,26519584,26568692,26568129,26569511,26538782,26593684,26645619,26656021,26665101,26697064,26732636,26745724,0.008406924,9904.0,4224.0,248.0,132.0,2308.0,4224.0,64.0
Dilithium5.out,61446337,59882988,59846430,59810422,59407789,59399729,59374322,58777446,56981102,19701029,19631464,19604968,0.006015405,10184.0,4800.0,528.0,132.0,2308.0,4224.0,60.0
Dilithium5.out,58277780,57566156,57558566,57544810,57531994,57535153,57555794,57563882,57581785,17898407,17867117,17857238,0.005728545,9904.0,4224.0,248.0,132.0,2308.0,4224.0,60.0
Dilithium5.out,85679112,85675588,82401029,86016664,86360662,59890682,71652184,68347808,64023711,71903602,72647099,73940499,0.024605576,10332.0,4992.0,676.0,132.0,2308.0,4224.0,64.0
Dilithium5.out,62321643,62318240,52806721,52777015,52774723,53112913,32836343,32822838,32826073,20707431,20702467,20685239,0.006482517,9828.0,512.0,496.0,132.0,2308.0,4224.0,56.0
Dilithium5.out,28704235,28714052,28725675,28147078,28118509,27881461,20489843,17988908,17978803,17961751,17941490,17907705,0.005564535,9904.0,3456.0,248.0,132.0,2308.0,4224.0,64.0
Dilithium5.out,61004569,60984220,60973362,60397660,60357064,64690714,46328022,46347713,47623348,47618467,47620853,45266769,0.013512841,9904.0,3456.0,248.0,132.0,2308.0,4224.0,60.0
Dilithium5.out,73969721,73720232,70308870,37715848,36813735,36782258,25023841,19058709,18057700,18041674,17755124,17717827,0.005615162,9938.0,2890.0,276.0,132.0,1600.0,3044.0,62.0
Dilithium5.out,17271045,17286368,17306139,17327218,17379282,17402524,17434497,17449521,17458201,17463997,17482582,17477415,0.005573223,9904.0,4224.0,248.0,132.0,2308.0,4224.0,64.0
Dilithium5.out,31138811,31127852,31134816,31140980,31146155,31160767,24704783,24682647,23015128,23045988,17692807,17461206,0.005165066,9904.0,3456.0,248.0,132.0,2308.0,4224.0,64.0
Dilithium5.out,22521232,22528932,22564594,22616524,22625748,22611871,51050595,51254204,52042211,52724132,52755323,57290118,0.017928739,10464.0,6016.0,808.0,132.0,2308.0,4224.0,64.0
Dilithium5.out,65330108,65305147,65002749,33783399,33739674,31975837,29536474,20423006,17447644,17367016,17345450,17319975,0.005564724,9972.0,856.0,304.0,132.0,892.0,1864.0,48.0
Dilithium5.out,67134222,64896517,64398603,61969553,61961332,61925088,18500643,17934942,17910459,17881154,17871578,17871959,0.005531346,9938.0,2188.0,276.0,132.0,1600.0,3044.0,50.0
Dilithium5.out,80070997,80115039,80117486,47494950,38228552,38064517,34963031,30799338,30209089,23520243,23482255,17533666,0.005360992,9904.0,4224.0,248.0,132.0,2308.0,4224.0,56.0
Dilithium5.out,18262384,18313723,18307046,18313023,18319307,18335186,18280947,18288397,18299631,18309391,18321502,18331822,0.005764282,10048.0,4608.0,392.0,132.0,2308.0,4224.0,56.0
Dilithium5.out,20931933,20982254,20984095,20994044,21006934,21025046,21046245,21071657,21074431,21082430,21092492,21091952,0.006394291,9904.0,3584.0,248.0,132.0,2308.0,4224.0,60.0
Dilithium5.out,30635342,28427771,28449971,23947405,23977372,23441697,47917852,48981437,48960816,52281687,52288169,52292220,0.016042724,9904.0,4352.0,248.0,132.0,2308.0,4224.0,64.0
Dilithium5.out,57954365,53173653,53181062,48999559,47486370,43227673,23804928,23446767,23446683,23457057,23455847,19523498,0.006212586,9840.0,1536.0,492.0,132.0,2308.0,4224.0,60.0
Dilithium5.out,68849246,68882872,68872991,68867774,68868812,68877655,68894925,68921952,68941761,68962944,68981264,68990066,0.020742456,9772.0,2176.0,116.0,132.0,2308.0,4224.0,60.0
Dilithium5.out,61976896,61992754,61992082,62012157,62024243,62048766,23143214,18876812,18858492,18024087,17999704,17971485,0.005435195,9904.0,3584.0,248.0,132.0,2308.0,4224.0,60.0
Dilithium5.out,27154371,27157591,27159052,27167696,27228436,27245255,48995822,49032805,49058442,49080263,49045228,49068088,0.015080444,9904.0,4224.0,248.0,132.0,2308.0,4224.0,60.0
Dilithium5.out,49567313,49568902,49568923,49562496,49600200,49361490,31392657,28878873,27044867,25648545,25629835,17816613,0.005546918,9904.0,4224.0,248.0,132.0,2308.0,4224.0,56.0
Dilithium5.out,64809211,64811455,64815587,64874217,64897576,64894218,35816666,33423455,33343024,33127577,28012516,18118445,0.005722926,0,0,0,0,0,0,0
Dilithium5.out,19920487,19945935,19936466,19953958,19981877,20009073,20063351,20094368,20119503,20140711,20155596,20168558,0.00645625,9904.0,3456.0,248.0,132.0,2308.0,4224.0,60.0
Dilithium5.out,17203601,17244237,17258366,17262917,17295806,17297775,17302395,17320497,17318451,17313064,17317739,17321391,0.005375948,10464.0,6016.0,808.0,132.0,2308.0,4224.0,60.0
Dilithium5.out,28203204,28191708,28176577,28163295,28185914,28169230,28152329,28145676,28144084,28156729,25776859,18835698,0.005840471,9904.0,3456.0,248.0,132.0,2308.0,4224.0,60.0
Dilithium5.out,24639509,24640625,24631218,24622900,24612068,24571824,24535468,24538197,24532561,24256721,22081952,18218194,0.005498143,9904.0,3456.0,248.0,132.0,2308.0,4224.0,64.0
Dilithium5.out,42179319,41721150,41723449,41739079,41753320,41731497,38919570,37711372,37138677,36733739,28587115,17824447,0.005447732,10332.0,4864.0,676.0,132.0,2308.0,4224.0,64.0
Dilithium5.out,32201263,32229729,32219331,32225218,32233398,32242304,32248854,32261467,32285417,32294091,32300437,32294545,0.009803178,9972.0,152.0,304.0,132.0,892.0,1864.0,44.0
Dilithium5.out,66554814,66447396,66367891,66356179,66345890,66334395,52627180,52582837,52573779,28087446,27231202,20661440,0.006656426,9904.0,3584.0,248.0,132.0,2308.0,4224.0,64.0
Dilithium5.out,48201813,48190664,48174433,48180981,48186306,48167126,36375883,33280700,33247401,33238994,33227865,17688153,0.005518017,9840.0,1408.0,492.0,132.0,2308.0,4224.0,60.0
Dilithium5.out,53803456,53851040,53866340,53886875,53914434,53932585,53955814,53968676,53979137,54027283,54070513,54093188,0.017022466,9904.0,3456.0,248.0,132.0,2308.0,4224.0,60.0
Dilithium5.out,79121728,77951141,77358583,77357842,68639026,68650160,42076206,41572630,40236905,33379828,33324741,18513027,0.006157511,9904.0,3456.0,248.0,132.0,2308.0,4224.0,60.0
Dilithium5.out,32440950,32426009,32420304,31925256,31921566,31933107,30384629,30387928,30421275,29816422,29815471,18128874,0.006028312,9972.0,152.0,304.0,132.0,892.0,1864.0,44.0
Dilithium5.out,17659305,17669749,17675860,17717554,17730426,17752763,17765871,17764646,17754761,17756746,17765214,17771441,0.005928561,8794.0,268.0,362.0,132.0,1600.0,2234.0,46.0
Dilithium5.out,17386198,17429372,17440381,17482720,17498051,18010063,18026387,18041574,18049685,18058215,18077505,18091940,0.005841681,10113.333333333334,3506.6666666666665,453.3333333333333,132.0,1836.0,3437.3333333333335,50.666666666666664
Dilithium5.out,18241099,18243676,18251978,18267957,18268837,18288842,18299802,18312946,18317389,18346464,18354212,18374549,0.00593476,0,0,0,0,0,0,0
Dilithium5.out,70966614,70968531,70968684,70979070,70981246,35585291,23690712,23145494,23124851,20890940,20883189,19211988,0.006236737,0,0,0,0,0,0,0
Dilithium5.out,30027309,30043675,30066380,30091402,30153272,30174601,30189747,30193066,30199705,30208454,30222758,30230739,0.009768497,0,0,0,0,0,0,0
Dilithium5.out,79225698,79210946,79245649,75298578,71154743,43951066,31575769,28818104,28790559,28774114,27665224,17502771,0.005531766,0,0,0,0,0,0,0
Dilithium5.out,88581427,88503500,88518180,87253616,87002042,53172934,29268943,29270641,29264714,29272915,29265830,18454607,0.006137898,4.0,0.0,0.0,4.0,0.0,0.0,12.0
Dilithium5.out,18947765,18991426,19052234,19083129,19135771,19209624,19219982,19225155,19240747,19246297,19257029,19277393,0.006227255,9906.0,1100.0,210.0,132.0,1600.0,3044.0,48.0
Dilithium5.out,46139271,41520489,41486628,39037030,36728301,24678476,24649949,24637018,24631514,24612677,24635192,17684505,0.005692312,10010.0,2316.0,348.0,132.0,1600.0,3044.0,52.0
Dilithium5.out,59350531,59365058,59384194,59383921,59381052,26869999,26828392,26804652,26790240,26105884,26093732,18558798,0.00616817,10218.0,3212.0,556.0,132.0,1600.0,3044.0,56.0
Dilithium5.out,30649934,30311484,30281265,29806735,29044513,28460892,27017312,23246617,23275484,21414539,19261283,18654986,0.006109954,0,0,0,0,0,0,0
Dilithium5.out,56128169,55718381,55740173,54139825,54127734,28384557,26847669,26265041,26258767,26234395,22552447,17907409,0.005865154,0,0,0,0,0,0,0
Dilithium5.out,32292456,30088703,30080425,30111587,30085082,22515425,22473060,22443292,22336836,19283246,19267705,18300055,0.006024978,9938.0,1484.0,276.0,132.0,1600.0,3044.0,54.0
Dilithium5.out,17452022,17502780,17540626,17615844,17627830,17651977,17665341,17675213,17687579,17708308,17716504,17712214,0.005718981,10300.0,4104.0,640.0,132.0,1836.0,3437.3333333333335,56.0
Dilithium5.out,30367535,30363492,30362366,28729184,28719868,26301742,26290330,26283673,26286375,26284499,26283209,17516850,0.005827712,10152.0,2572.0,490.0,132.0,1600.0,3044.0,52.0
Dilithium5.out,73984905,73669372,73674740,73671838,73661090,32092538,31811518,30250915,28293292,27592813,24374019,18320405,0.006083602,9906.0,1420.0,398.0,132.0,1600.0,3044.0,54.0
Dilithium5.out,58293776,58282311,58275966,58265308,58246982,32840709,32800562,29540490,29517896,26743620,26726294,16904684,0.005580254,10092.0,2482.6666666666665,534.6666666666666,132.0,1836.0,3437.3333333333335,56.0
Dilithium5.out,59749144,57800743,57817384,57805134,57807646,26040994,26003742,25985995,25976295,25966639,25953337,17133885,0.005408749,10218.0,3852.0,556.0,132.0,1600.0,3044.0,60.0
Dilithium5.out,33819159,31380446,31384960,31399384,31408473,25492633,25484821,25426274,25424832,25432162,25422804,19883160,0.006304292,10300.0,3762.6666666666665,640.0,132.0,1836.0,3437.3333333333335,53.333333333333336
Dilithium5.out,19412404,19442187,19473246,19490148,19517192,19548885,19563489,19567146,19580142,19592665,19605066,19616189,0.006546121,9972.0,152.0,304.0,132.0,892.0,1864.0,40.0
Dilithium5.out,67182310,67178926,67173929,67169004,67164551,58068665,58006654,55543792,52623231,52611211,52026630,18998096,0.006040087,10113.333333333334,3464.0,453.3333333333333,132.0,1836.0,3437.3333333333335,56.0
Dilithium5.out,55391325,52840233,52779194,52776727,52755755,52734886,52707180,52489192,52478333,52463445,52472436,18936034,0.006095051,10256.0,3720.0,596.0,132.0,1836.0,3437.3333333333335,58.666666666666664
Dilithium5.out,64741832,64720398,64705388,64205093,64207942,64205654,64206638,64202665,64193997,61355860,61343494,17222226,0.005539531,9904.0,3328.0,248.0,132.0,2308.0,4224.0,60.0
Dilithium5.out,55950122,55863444,55817249,55689854,55689556,55698997,55688426,55661271,54321541,45000794,44962514,19104495,0.006354952,9904.0,3200.0,248.0,132.0,2308.0,4224.0,60.0
Dilithium5.out,24237696,22276135,22293629,20291403,20285474,31331880,31337221,31337838,31338785,31336774,31360359,31357437,0.010119557,9904.0,3840.0,248.0,132.0,2308.0,4224.0,60.0
Dilithium5.out,16742953,16702890,16669168,16685999,16681235,16690056,16698798,16707815,16701080,16693035,16691031,16699744,0.005387794,9904.0,3456.0,248.0,132.0,2308.0,4224.0,60.0
Dilithium5.out,32342393,32330663,32306267,32290596,32283788,31259217,31207265,30062438,28161926,27251075,27193061,27167252,0.008761039,0,0,0,0,0,0,0
Dilithium5.out,32817581,32825904,32828137,26997730,26978601,22380941,22367023,22358109,22351747,22342794,22336152,17870722,0.005739295,9840.0,1792.0,492.0,132.0,2308.0,4224.0,56.0
Dilithium5.out,53010998,53057303,52986680,52990671,52984604,48163741,47499978,46694953,46704754,46706212,46702031,17660668,0.005876151,9904.0,2816.0,248.0,132.0,2308.0,4224.0,60.0
Dilithium5.out,18037762,18040436,18059345,18070152,18078961,18092774,18099217,18103724,18093875,18102624,18118966,18123932,0.005853615,9904.0,3200.0,248.0,132.0,2308.0,4224.0,60.0
Dilithium5.out,52721103,50116570,50110296,50105035,50103764,47925813,47908347,39452230,39405828,32566973,32553924,18894759,0.006061868,9972.0,152.0,304.0,132.0,892.0,1864.0,44.0
Dilithium5.out,18497513,18530913,18539172,18573938,18588441,18598529,18610116,18612134,18626380,18639214,18639774,18111378,0.005845401,4.0,0.0,0.0,4.0,0.0,0.0,12.0
Dilithium5.out,19845130,19877172,19883560,19895898,19907068,19931278,19943867,19958195,19975649,19984952,19995668,20011681,0.006460179,9840.0,1408.0,492.0,132.0,2308.0,4224.0,56.0
Dilithium5.out,57242543,57203045,54559993,53726796,53732837,47321020,45319043,44601217,44586438,43301214,43282553,17515650,0.005821372,10464.0,6016.0,808.0,132.0,2308.0,4224.0,64.0
Dilithium5.out,33834402,30179087,30157505,30185749,30181537,30167935,30161163,30151984,30158072,23701228,23678968,17872255,0.005753268,10086.0,3008.0,584.0,132.0,2308.0,4224.0,64.0
Dilithium5.out,47574037,47598722,47619311,47632535,47642851,47655157,47675460,47697560,47720632,47744355,47768320,47775748,0.015951924,10332.0,4992.0,676.0,132.0,2308.0,4224.0,60.0
Dilithium5.out,23290920,18411527,18388765,18275312,18258333,18241731,18026732,18006062,17995714,17984837,17972994,17963004,0.005976869,10332.0,4992.0,676.0,132.0,2308.0,4224.0,60.0
Dilithium5.out,55101115,55128371,55143261,55165073,55176614,55188528,55202087,55228043,55240019,55252805,55263312,55269472,0.018112833,9904.0,3456.0,248.0,132.0,2308.0,4224.0,60.0
Dilithium5.out,90404890,89582932,89583202,89450575,66632615,66105469,61333895,59087067,59070636,59019451,58770427,17705585,0.005846051,9904.0,3456.0,248.0,132.0,2308.0,4224.0,60.0
Dilithium5.out,69020075,69033252,69032401,69031879,69022929,69016401,56355305,54894534,54486836,46677119,46644271,17924098,0.005437646,9904.0,3456.0,248.0,132.0,2308.0,4224.0,64.0
Dilithium5.out,70407891,70544553,70665387,70835294,62825863,62852404,57429700,54977448,54981431,55022762,55041318,19939045,0.006309515,10184.0,4352.0,528.0,132.0,2308.0,4224.0,60.0
Dilithium5.out,64487403,64517937,64509957,64508331,40967804,40927907,29121717,29030433,28969660,28965896,27920083,17406427,0.005904268,9840.0,1408.0,492.0,132.0,2308.0,4224.0,56.0
Dilithium5.out,101099157,100103930,96336909,96267973,78224850,74920148,66250703,63146468,63148298,63145637,63146724,18531505,0.00615303,2920.0,0.0,8.0,132.0,0.0,2308.0,24.0
Dilithium5.out,71398418,71392242,71386290,71370941,36869618,36845966,24205256,24153460,24088611,21637963,21611262,17219706,0.005435569,9904.0,3456.0,248.0,132.0,2308.0,4224.0,60.0
Dilithium5.out,78119712,78152582,78187001,78205907,57702272,48289175,33692610,33590758,33570491,33560234,33542083,33519869,0.0109194,10184.0,4672.0,528.0,132.0,2308.0,4224.0,62.0
Dilithium5.out,79842439,79849961,79859622,79861586,73894199,69011541,50073898,48424084,48746873,49534397,49536402,49532192,0.015733112,9904.0,3456.0,248.0,132.0,2308.0,4224.0,56.0
Dilithium5.out,64049796,64096493,59824246,59815925,58131528,58118865,29769792,29754689,29737563,29725958,27151789,17448356,0.005305529,9840.0,1536.0,492.0,132.0,2308.0,4224.0,56.0
Dilithium5.out,64940649,64987834,64986482,62330862,35037050,34970306,22721796,21564899,21576659,18821035,18805385,18564215,0.005787164,9904.0,4224.0,248.0,132.0,2308.0,4224.0,60.0
Dilithium5.out,18800484,18829732,18845943,18862797,18875151,18823690,18839508,18854119,18854788,18855915,18864075,18863411,0.00567158,9904.0,3456.0,248.0,132.0,2308.0,4224.0,60.0
Dilithium5.out,75583688,73778598,73771472,72839373,42703218,42235849,18040354,17992353,17966242,17959757,17931243,17921825,0.00552678,9904.0,3584.0,248.0,132.0,2308.0,4224.0,60.0
Dilithium5.out,84258756,84312974,77682559,73455685,63743923,62345768,25319377,25195650,25180891,25140609,18377533,18310857,0.005536305,9840.0,1920.0,124.0,132.0,2308.0,4224.0,56.0
Dilithium5.out,16849610,16855141,16884255,16901707,16910813,16914667,16953707,16964551,16973884,16991145,16996291,16983413,0.005578638,9904.0,3584.0,248.0,132.0,2308.0,4224.0,60.0
Dilithium5.out,67176076,67206623,67253363,67273806,45239234,42928540,17633111,17589041,17555019,17514515,17488991,17480904,0.005363271,9840.0,1024.0,492.0,132.0,2308.0,4224.0,60.0
Dilithium5.out,54440653,54163849,53734283,53522314,22564998,22509566,21500723,21541835,21566326,21553116,19885632,19891651,0.005945412,10184.0,4672.0,528.0,132.0,2308.0,4224.0,64.0
Dilithium5.out,69175989,69217477,69280206,69311784,69351968,69347352,44330267,44336304,44343493,44348438,19667116,19657684,0.005999339,10184.0,4800.0,528.0,132.0,2308.0,4224.0,60.0
Dilithium5.out,72866162,72876395,72272504,72269967,72045586,71712218,62822644,62803016,62792612,62784353,25350260,18927257,0.005883738,9904.0,3456.0,248.0,132.0,2308.0,4224.0,64.0
Dilithium5.out,57057721,57081069,57092108,57113563,57125564,57137384,57184295,57198390,57204175,57208071,57220587,57227156,0.019289675,9904.0,3968.0,248.0,132.0,2308.0,4224.0,60.0
Dilithium5.out,91894363,91833140,91815205,91821083,74275565,73957223,55701280,53523288,53497124,53482635,19365572,19291566,0.006318076,9904.0,3456.0,248.0,132.0,2308.0,4224.0,60.0
Dilithium5.out,40362832,40410247,40442783,40478155,40508466,40515447,40549423,40580624,40602406,40680964,40696027,40702707,0.013425429,9904.0,3456.0,248.0,132.0,2308.0,4224.0,60.0
Dilithium5.out,19466251,19506065,19528393,19587792,19605911,19619292,19626418,19676374,19694608,19707548,19716882,19738901,0.006472806,9904.0,2816.0,248.0,132.0,2308.0,4224.0,60.0
Dilithium5.out,17458071,17474917,17516956,17525738,17545760,17560155,17571969,17590117,17609504,17613683,17619315,17607080,0.005833386,10464.0,5888.0,808.0,132.0,2308.0,4224.0,64.0
Dilithium5.out,96523902,92182812,92135666,92500225,62708520,61153571,61127719,61107760,62586779,49184239,73745296,73085974,0.023755167,9904.0,3200.0,248.0,132.0,2308.0,4224.0,60.0
Dilithium5.out,68128190,68158419,68188611,68213336,32294626,30107335,30078422,30074058,30071177,28933732,19551530,19508660,0.00628297,9904.0,4224.0,248.0,132.0,2308.0,4224.0,60.0
Dilithium5.out,26190843,26222121,26239936,26235207,26249153,26269481,26287729,26300106,26311782,26321701,26336424,26354577,0.008745627,10464.0,5760.0,808.0,132.0,2308.0,4224.0,64.0
Dilithium5.out,31692633,31722426,31743456,31734772,31699277,31764703,31809771,31860009,31906825,31944091,31973612,31998709,0.010570075,9904.0,4224.0,248.0,132.0,2308.0,4224.0,60.0
Dilithium5.out,17457547,17487000,17490871,17512465,17548910,17589482,17631700,17639940,17667934,17685619,17700312,17708685,0.005368223,10464.0,6144.0,808.0,132.0,2308.0,4224.0,68.0
Dilithium5.out,75192036,74958043,74944054,74450465,36492161,36404987,30491491,30482902,30476945,30479395,23456039,18527831,0.005496922,9904.0,4224.0,248.0,132.0,2308.0,4224.0,60.0
Dilithium5.out,76053505,76042518,76038340,76026679,52943957,50570128,50539633,49569277,49558607,44961742,27610088,18270462,0.005678575,10048.0,4736.0,392.0,132.0,2308.0,4224.0,64.0
Dilithium5.out,72171349,72177741,72172767,72179325,66285948,66239792,66669172,101199229,101214891,101217778,80925682,79608324,0.02355125,9904.0,3456.0,248.0,132.0,2308.0,4224.0,60.0
Dilithium5.out,71482374,68927236,72555631,74873922,68974632,75053665,75059330,75059417,74261194,75411606,87266567,87261233,0.027968795,9904.0,3968.0,248.0,132.0,2308.0,4224.0,60.0
Dilithium5.out,88875541,88893040,88908563,88938362,88967003,88988639,89004143,89011775,89024731,89043696,89059133,89074551,0.029022561,0,0,0,0,0,0,0
Dilithium5.out,18750358,18766217,18783772,18810772,18821317,18832556,18844217,18848384,18856822,18872376,18884358,18900016,0.00609887,10464.0,6016.0,808.0,132.0,2308.0,4224.0,64.0
Dilithium5.out,17321546,17382997,17388909,17399330,17414223,17432586,17447440,17450348,17449827,17454397,17467016,17455645,0.005582914,0,0,0,0,0,0,0
Dilithium5.out,55529075,55563826,55594616,55618133,55627601,55659943,55695765,55715406,55794604,55809663,55822859,55843119,0.018270281,0,0,0,0,0,0,0
Dilithium5.out,17724533,17751555,17768280,17783645,17794969,17818603,17833398,17843889,17837157,17842423,17852426,17856953,0.005765148,0,0,0,0,0,0,0
Dilithium5.out,66934174,66956323,66974222,66996564,67003408,67024975,67044381,67056918,67069915,67091370,67113258,67124210,0.021444941,0,0,0,0,0,0,0
Dilithium5.out,29287672,29295649,29307104,29322183,29339981,29362029,29377651,29387328,29398579,29407764,29424859,29438759,0.009507751,0,0,0,0,0,0,0
Dilithium5.out,57974467,57994620,58006619,58013137,58017004,58036434,58052275,58060748,58069424,58079330,58092712,58089823,0.019281902,0,0,0,0,0,0,0
Dilithium5.out,72111989,71280345,71063250,67197160,43200099,41802641,41804447,41724425,41730788,41720884,19155071,18255056,0.005871744,0,0,0,0,0,0,0
Dilithium5.out,17612887,17643384,17655576,17671357,17697721,17723159,17736457,17745288,17740658,17749863,17758304,17807904,0.005749438,10184.0,4864.0,528.0,132.0,2308.0,4224.0,64.0
Dilithium5.out,58957241,55235858,55242214,53938340,30680148,30662644,30660907,30651612,30638492,30630396,18506950,18463940,0.005662574,9904.0,3968.0,248.0,132.0,2308.0,4224.0,64.0
